mes,sku,categoria,visitas,ordenes,unidades_vendidas,ventas_valor,tasa_conversion
2026-04,SKU00053,Computadores,166,1,2,0.0,0.006024
2026-05,SKU00053,Computadores,207,2,2,0.0,0.009662
2026-06,SKU00053,Computadores,169,1,2,0.0,0.005917
2026-07,SKU00053,Computadores,177,1,2,0.0,0.00565
2026-08,SKU00053,Computadores,176,2,2,0.0,0.011364
2026-09,SKU00053,Computadores,177,2,2,0.0,0.011299
2026-04,SKU00878,Computadores,92,2,2,2553556.0,0.021739
2026-05,SKU00878,Computadores,80,2,2,2553556.0,0.025
2026-06,SKU00878,Computadores,75,2,2,2553556.0,0.026667
2026-07,SKU00878,Computadores,81,1,2,2553556.0,0.012346
2026-08,SKU00878,Computadores,84,1,1,1276778.0,0.011905
2026-09,SKU00878,Computadores,75,1,1,1276778.0,0.013333
2026-04,SKU00986,Televisores,460,3,5,4075745.0,0.006522
2026-05,SKU00986,Televisores,413,3,4,3260596.0,0.007264
2026-06,SKU00986,Televisores,413,3,4,3260596.0,0.007264
2026-07,SKU00986,Televisores,468,3,4,3260596.0,0.00641
2026-08,SKU00986,Televisores,410,3,3,2445447.0,0.007317
2026-09,SKU00986,Televisores,469,3,4,3260596.0,0.006397
2026-04,SKU00543,Computadores,296,6,6,17786484.0,0.02027
2026-05,SKU00543,Computadores,343,7,8,23715312.0,0.020408
2026-06,SKU00543,Computadores,363,6,8,23715312.0,0.016529
2026-07,SKU00543,Computadores,283,4,5,14822070.0,0.014134
2026-08,SKU00543,Computadores,301,6,7,20750898.0,0.019934
2026-09,SKU00543,Computadores,311,5,6,17786484.0,0.016077
2026-04,SKU00856,Televisores,490,3,4,14146240.0,0.006122
2026-05,SKU00856,Televisores,555,5,6,21219360.0,0.009009
2026-06,SKU00856,Televisores,562,5,5,17682800.0,0.008897
2026-07,SKU00856,Televisores,489,4,4,14146240.0,0.00818
2026-08,SKU00856,Televisores,608,3,5,17682800.0,0.004934
2026-09,SKU00856,Televisores,578,4,5,17682800.0,0.00692
2026-04,SKU00420,Videojuegos,563,17,19,65408355.0,0.030195
2026-05,SKU00420,Videojuegos,477,14,16,55080720.0,0.02935
2026-06,SKU00420,Videojuegos,565,13,15,51638175.0,0.023009
2026-07,SKU00420,Videojuegos,493,10,13,44753085.0,0.020284
2026-08,SKU00420,Videojuegos,635,14,19,65408355.0,0.022047
2026-09,SKU00420,Videojuegos,559,12,13,44753085.0,0.021467
2026-04,SKU00827,Celulares,424,8,11,4673108.0,0.018868
2026-05,SKU00827,Celulares,370,8,9,3823452.0,0.021622
2026-06,SKU00827,Celulares,433,10,12,5097936.0,0.023095
2026-07,SKU00827,Celulares,383,6,8,3398624.0,0.015666
2026-08,SKU00827,Celulares,441,8,11,4673108.0,0.018141
2026-09,SKU00827,Celulares,355,5,8,3398624.0,0.014085
2026-04,SKU00273,Computadores,631,13,16,32917952.0,0.020602
2026-05,SKU00273,Computadores,512,11,12,24688464.0,0.021484
2026-06,SKU00273,Computadores,519,9,11,22631092.0,0.017341
2026-07,SKU00273,Computadores,657,13,15,30860580.0,0.019787
2026-08,SKU00273,Computadores,609,10,13,26745836.0,0.01642
2026-09,SKU00273,Computadores,606,10,11,22631092.0,0.016502
2026-04,SKU00869,Electrohogar,480,4,5,14956520.0,0.008333
2026-05,SKU00869,Electrohogar,556,4,6,17947824.0,0.007194
2026-06,SKU00869,Electrohogar,472,4,6,17947824.0,0.008475
2026-07,SKU00869,Electrohogar,607,5,7,20939128.0,0.008237
2026-08,SKU00869,Electrohogar,499,4,6,17947824.0,0.008016
2026-09,SKU00869,Electrohogar,482,4,5,14956520.0,0.008299
2026-04,SKU00448,Computadores,520,8,11,23410464.0,0.015385
2026-05,SKU00448,Computadores,495,9,12,25538688.0,0.018182
2026-06,SKU00448,Computadores,548,9,13,27666912.0,0.016423
2026-07,SKU00448,Computadores,589,8,12,25538688.0,0.013582
2026-08,SKU00448,Computadores,602,9,13,27666912.0,0.01495
2026-09,SKU00448,Computadores,511,7,10,21282240.0,0.013699
2026-04,SKU00058,Computadores,249,2,2,1291066.0,0.008032
2026-05,SKU00058,Computadores,262,2,3,1936599.0,0.007634
2026-06,SKU00058,Computadores,231,3,3,1936599.0,0.012987
2026-07,SKU00058,Computadores,304,3,3,1936599.0,0.009868
2026-08,SKU00058,Computadores,240,1,2,1291066.0,0.004167
2026-09,SKU00058,Computadores,259,2,2,1291066.0,0.007722
2026-04,SKU00243,Computadores,445,6,8,19734384.0,0.013483
2026-05,SKU00243,Computadores,467,9,9,22201182.0,0.019272
2026-06,SKU00243,Computadores,487,6,8,19734384.0,0.01232
2026-07,SKU00243,Computadores,449,7,8,19734384.0,0.01559
2026-08,SKU00243,Computadores,485,5,8,19734384.0,0.010309
2026-09,SKU00243,Computadores,491,6,7,17267586.0,0.01222
2026-04,SKU00984,Electrohogar,208,3,3,7805820.0,0.014423
2026-05,SKU00984,Electrohogar,209,2,2,5203880.0,0.009569
2026-06,SKU00984,Electrohogar,234,2,3,7805820.0,0.008547
2026-07,SKU00984,Electrohogar,246,1,2,5203880.0,0.004065
2026-08,SKU00984,Electrohogar,252,2,3,7805820.0,0.007937
2026-09,SKU00984,Electrohogar,223,1,2,5203880.0,0.004484
2026-04,SKU00877,Celulares,340,7,9,10029735.0,0.020588
2026-05,SKU00877,Celulares,331,6,9,10029735.0,0.018127
2026-06,SKU00877,Celulares,346,9,10,11144150.0,0.026012
2026-07,SKU00877,Celulares,306,5,7,7800905.0,0.01634
2026-08,SKU00877,Celulares,396,9,10,11144150.0,0.022727
2026-09,SKU00877,Celulares,337,6,7,7800905.0,0.017804
2026-04,SKU00377,Celulares,402,10,12,10583628.0,0.024876
2026-05,SKU00377,Celulares,331,7,10,8819690.0,0.021148
2026-06,SKU00377,Celulares,408,8,12,10583628.0,0.019608
2026-07,SKU00377,Celulares,344,6,7,6173783.0,0.017442
2026-08,SKU00377,Celulares,362,8,9,7937721.0,0.022099
2026-09,SKU00377,Celulares,354,6,8,7055752.0,0.016949
2026-04,SKU00755,Videojuegos,536,12,18,2326914.0,0.022388
2026-05,SKU00755,Videojuegos,603,13,20,2585460.0,0.021559
2026-06,SKU00755,Videojuegos,551,13,14,1809822.0,0.023593
2026-07,SKU00755,Videojuegos,521,12,14,1809822.0,0.023033
2026-08,SKU00755,Videojuegos,590,13,14,1809822.0,0.022034
2026-09,SKU00755,Videojuegos,613,9,14,1809822.0,0.014682
2026-04,SKU00940,Videojuegos,469,9,13,15613195.0,0.01919
2026-05,SKU00940,Videojuegos,431,13,15,18015225.0,0.030162
2026-06,SKU00940,Videojuegos,507,12,17,20417255.0,0.023669
2026-07,SKU00940,Videojuegos,423,9,10,12010150.0,0.021277
2026-08,SKU00940,Videojuegos,510,11,13,15613195.0,0.021569
2026-09,SKU00940,Videojuegos,410,11,12,14412180.0,0.026829
2026-04,SKU00898,Computadores,290,4,5,13063985.0,0.013793
2026-05,SKU00898,Computadores,247,5,6,15676782.0,0.020243
2026-06,SKU00898,Computadores,289,5,7,18289579.0,0.017301
2026-07,SKU00898,Computadores,283,5,5,13063985.0,0.017668
2026-08,SKU00898,Computadores,289,4,5,13063985.0,0.013841
2026-09,SKU00898,Computadores,257,4,4,10451188.0,0.015564
2026-04,SKU00971,Televisores,286,0,0,0.0,0.0
2026-05,SKU00971,Televisores,292,0,0,0.0,0.0
2026-06,SKU00971,Televisores,299,0,0,0.0,0.0
2026-07,SKU00971,Televisores,345,0,0,0.0,0.0
2026-08,SKU00971,Televisores,348,0,0,0.0,0.0
2026-09,SKU00971,Televisores,358,0,0,0.0,0.0
2026-04,SKU00319,Electrohogar,462,4,5,12659785.0,0.008658
2026-05,SKU00319,Electrohogar,434,4,5,12659785.0,0.009217
2026-06,SKU00319,Electrohogar,401,3,5,12659785.0,0.007481
2026-07,SKU00319,Electrohogar,488,4,5,12659785.0,0.008197
2026-08,SKU00319,Electrohogar,464,4,5,12659785.0,0.008621
2026-09,SKU00319,Electrohogar,377,3,4,10127828.0,0.007958
2026-04,SKU00251,Televisores,420,0,0,0.0,0.0
2026-05,SKU00251,Televisores,401,0,0,0.0,0.0
2026-06,SKU00251,Televisores,424,0,0,0.0,0.0
2026-07,SKU00251,Televisores,420,0,0,0.0,0.0
2026-08,SKU00251,Televisores,361,0,0,0.0,0.0
2026-09,SKU00251,Televisores,441,0,0,0.0,0.0
2026-04,SKU00287,Celulares,404,7,10,16325300.0,0.017327
2026-05,SKU00287,Celulares,405,11,12,19590360.0,0.02716
2026-06,SKU00287,Celulares,368,6,8,13060240.0,0.016304
2026-07,SKU00287,Celulares,425,9,10,16325300.0,0.021176
2026-08,SKU00287,Celulares,439,8,11,17957830.0,0.018223
2026-09,SKU00287,Celulares,372,5,7,11427710.0,0.013441
2026-04,SKU00746,Televisores,584,5,6,25577358.0,0.008562
2026-05,SKU00746,Televisores,631,6,7,29840251.0,0.009509
2026-06,SKU00746,Televisores,546,3,5,21314465.0,0.005495
2026-07,SKU00746,Televisores,597,5,6,25577358.0,0.008375
2026-08,SKU00746,Televisores,631,4,6,25577358.0,0.006339
2026-09,SKU00746,Televisores,617,4,5,21314465.0,0.006483
2026-04,SKU00720,Videojuegos,376,7,10,20850190.0,0.018617
2026-05,SKU00720,Videojuegos,331,8,10,20850190.0,0.024169
2026-06,SKU00720,Videojuegos,316,8,10,20850190.0,0.025316
2026-07,SKU00720,Videojuegos,366,9,11,22935209.0,0.02459
2026-08,SKU00720,Videojuegos,375,7,10,20850190.0,0.018667
2026-09,SKU00720,Videojuegos,371,8,9,18765171.0,0.021563
2026-04,SKU00168,Computadores,391,3,4,19798452.0,0.007673
2026-05,SKU00168,Computadores,338,2,3,14848839.0,0.005917
2026-06,SKU00168,Computadores,338,2,3,14848839.0,0.005917
2026-07,SKU00168,Computadores,323,3,3,14848839.0,0.009288
2026-08,SKU00168,Computadores,385,2,3,14848839.0,0.005195
2026-09,SKU00168,Computadores,367,2,3,14848839.0,0.00545
2026-04,SKU00903,Computadores,493,11,12,1411596.0,0.022312
2026-05,SKU00903,Computadores,436,9,11,1293963.0,0.020642
2026-06,SKU00903,Computadores,506,9,12,1411596.0,0.017787
2026-07,SKU00903,Computadores,493,10,11,1293963.0,0.020284
2026-08,SKU00903,Computadores,515,10,11,1293963.0,0.019417
2026-09,SKU00903,Computadores,570,7,10,1176330.0,0.012281
2026-04,SKU00904,Electrohogar,495,5,6,21555756.0,0.010101
2026-05,SKU00904,Electrohogar,560,5,6,21555756.0,0.008929
2026-06,SKU00904,Electrohogar,512,4,6,21555756.0,0.007812
2026-07,SKU00904,Electrohogar,558,4,6,21555756.0,0.007168
2026-08,SKU00904,Electrohogar,601,5,6,21555756.0,0.008319
2026-09,SKU00904,Electrohogar,499,4,5,17963130.0,0.008016
2026-04,SKU00660,Videojuegos,393,10,13,39859833.0,0.025445
2026-05,SKU00660,Videojuegos,470,13,14,42925974.0,0.02766
2026-06,SKU00660,Videojuegos,410,9,13,39859833.0,0.021951
2026-07,SKU00660,Videojuegos,470,8,12,36793692.0,0.017021
2026-08,SKU00660,Videojuegos,470,7,11,33727551.0,0.014894
2026-09,SKU00660,Videojuegos,382,9,11,33727551.0,0.02356
2026-04,SKU00350,Videojuegos,287,7,9,2919996.0,0.02439
2026-05,SKU00350,Videojuegos,296,9,10,3244440.0,0.030405
2026-06,SKU00350,Videojuegos,291,8,9,2919996.0,0.027491
2026-07,SKU00350,Videojuegos,286,8,9,2919996.0,0.027972
2026-08,SKU00350,Videojuegos,285,4,6,1946664.0,0.014035
2026-09,SKU00350,Videojuegos,341,8,10,3244440.0,0.02346
2026-04,SKU00917,Celulares,247,6,7,17080616.0,0.024291
2026-05,SKU00917,Celulares,249,6,7,17080616.0,0.024096
2026-06,SKU00917,Celulares,291,7,7,17080616.0,0.024055
2026-07,SKU00917,Celulares,306,5,7,17080616.0,0.01634
2026-08,SKU00917,Celulares,272,5,6,14640528.0,0.018382
2026-09,SKU00917,Celulares,312,5,7,17080616.0,0.016026
2026-04,SKU00624,Electrohogar,468,5,6,10732632.0,0.010684
2026-05,SKU00624,Electrohogar,441,6,6,10732632.0,0.013605
2026-06,SKU00624,Electrohogar,418,4,5,8943860.0,0.009569
2026-07,SKU00624,Electrohogar,447,4,5,8943860.0,0.008949
2026-08,SKU00624,Electrohogar,418,4,5,8943860.0,0.009569
2026-09,SKU00624,Electrohogar,394,3,4,7155088.0,0.007614
2026-04,SKU00663,Computadores,566,10,13,34562736.0,0.017668
2026-05,SKU00663,Computadores,554,10,12,31904064.0,0.018051
2026-06,SKU00663,Computadores,530,8,11,29245392.0,0.015094
2026-07,SKU00663,Computadores,571,11,13,34562736.0,0.019264
2026-08,SKU00663,Computadores,557,7,10,26586720.0,0.012567
2026-09,SKU00663,Computadores,539,7,10,26586720.0,0.012987
2026-04,SKU00820,Videojuegos,591,16,18,89774100.0,0.027073
2026-05,SKU00820,Videojuegos,497,12,14,69824300.0,0.024145
2026-06,SKU00820,Videojuegos,534,13,16,79799200.0,0.024345
2026-07,SKU00820,Videojuegos,572,13,15,74811750.0,0.022727
2026-08,SKU00820,Videojuegos,538,11,15,74811750.0,0.020446
2026-09,SKU00820,Videojuegos,524,8,12,59849400.0,0.015267
2026-04,SKU00766,Televisores,216,2,2,2447980.0,0.009259
2026-05,SKU00766,Televisores,183,1,2,2447980.0,0.005464
2026-06,SKU00766,Televisores,207,2,2,2447980.0,0.009662
2026-07,SKU00766,Televisores,231,1,2,2447980.0,0.004329
2026-08,SKU00766,Televisores,193,2,2,2447980.0,0.010363
2026-09,SKU00766,Televisores,179,1,1,1223990.0,0.005587
2026-04,SKU00662,Celulares,401,8,9,31057929.0,0.01995
2026-05,SKU00662,Celulares,377,9,11,37959691.0,0.023873
2026-06,SKU00662,Celulares,375,6,9,31057929.0,0.016
2026-07,SKU00662,Celulares,327,7,9,31057929.0,0.021407
2026-08,SKU00662,Celulares,415,6,9,31057929.0,0.014458
2026-09,SKU00662,Celulares,393,5,7,24156167.0,0.012723
2026-04,SKU00352,Celulares,342,7,8,7067568.0,0.020468
2026-05,SKU00352,Celulares,381,8,10,8834460.0,0.020997
2026-06,SKU00352,Celulares,423,9,10,8834460.0,0.021277
2026-07,SKU00352,Celulares,367,7,9,7951014.0,0.019074
2026-08,SKU00352,Celulares,399,8,8,7067568.0,0.02005
2026-09,SKU00352,Celulares,343,7,8,7067568.0,0.020408
2026-04,SKU00371,Televisores,366,0,0,0.0,0.0
2026-05,SKU00371,Televisores,305,0,0,0.0,0.0
2026-06,SKU00371,Televisores,359,0,0,0.0,0.0
2026-07,SKU00371,Televisores,371,0,0,0.0,0.0
2026-08,SKU00371,Televisores,369,0,0,0.0,0.0
2026-09,SKU00371,Televisores,363,0,0,0.0,0.0
2026-04,SKU00508,Computadores,455,6,9,13668786.0,0.013187
2026-05,SKU00508,Computadores,478,7,10,15187540.0,0.014644
2026-06,SKU00508,Computadores,560,11,12,18225048.0,0.019643
2026-07,SKU00508,Computadores,580,9,12,18225048.0,0.015517
2026-08,SKU00508,Computadores,484,7,9,13668786.0,0.014463
2026-09,SKU00508,Computadores,521,7,9,13668786.0,0.013436
2026-04,SKU00786,Televisores,558,4,6,8835384.0,0.007168
2026-05,SKU00786,Televisores,479,5,5,7362820.0,0.010438
2026-06,SKU00786,Televisores,535,4,4,5890256.0,0.007477
2026-07,SKU00786,Televisores,572,4,5,7362820.0,0.006993
2026-08,SKU00786,Televisores,471,3,4,5890256.0,0.006369
2026-09,SKU00786,Televisores,487,4,5,7362820.0,0.008214
2026-04,SKU00038,Computadores,665,5,7,0.0,0.007519
2026-05,SKU00038,Computadores,551,3,5,0.0,0.005445
2026-06,SKU00038,Computadores,567,5,6,0.0,0.008818
2026-07,SKU00038,Computadores,565,4,6,0.0,0.00708
2026-08,SKU00038,Computadores,510,3,4,0.0,0.005882
2026-09,SKU00038,Computadores,630,5,6,0.0,0.007937
2026-04,SKU00902,Celulares,84,2,2,8814828.0,0.02381
2026-05,SKU00902,Celulares,73,2,2,8814828.0,0.027397
2026-06,SKU00902,Celulares,84,1,2,8814828.0,0.011905
2026-07,SKU00902,Celulares,82,2,2,8814828.0,0.02439
2026-08,SKU00902,Celulares,85,2,2,8814828.0,0.023529
2026-09,SKU00902,Celulares,83,1,2,8814828.0,0.012048
2026-04,SKU00772,Celulares,95,2,2,3216162.0,0.021053
2026-05,SKU00772,Celulares,105,2,3,4824243.0,0.019048
2026-06,SKU00772,Celulares,103,3,3,4824243.0,0.029126
2026-07,SKU00772,Celulares,94,2,2,3216162.0,0.021277
2026-08,SKU00772,Celulares,107,2,2,3216162.0,0.018692
2026-09,SKU00772,Celulares,90,2,2,3216162.0,0.022222
2026-04,SKU00875,Videojuegos,242,6,7,30556575.0,0.024793
2026-05,SKU00875,Videojuegos,213,6,7,30556575.0,0.028169
2026-06,SKU00875,Videojuegos,240,5,7,30556575.0,0.020833
2026-07,SKU00875,Videojuegos,224,6,7,30556575.0,0.026786
2026-08,SKU00875,Videojuegos,195,4,5,21826125.0,0.020513
2026-09,SKU00875,Videojuegos,222,5,6,26191350.0,0.022523
2026-04,SKU00324,Electrohogar,454,4,6,12914454.0,0.008811
2026-05,SKU00324,Electrohogar,394,4,5,10762045.0,0.010152
2026-06,SKU00324,Electrohogar,386,5,5,10762045.0,0.012953
2026-07,SKU00324,Electrohogar,394,4,5,10762045.0,0.010152
2026-08,SKU00324,Electrohogar,427,4,4,8609636.0,0.009368
2026-09,SKU00324,Electrohogar,363,3,4,8609636.0,0.008264
2026-04,SKU00532,Celulares,202,4,5,6685660.0,0.019802
2026-05,SKU00532,Celulares,179,4,5,6685660.0,0.022346
2026-06,SKU00532,Celulares,190,3,4,5348528.0,0.015789
2026-07,SKU00532,Celulares,207,4,5,6685660.0,0.019324
2026-08,SKU00532,Celulares,190,5,5,6685660.0,0.026316
2026-09,SKU00532,Celulares,201,3,4,5348528.0,0.014925
2026-04,SKU00470,Videojuegos,643,11,17,52801388.0,0.017107
2026-05,SKU00470,Videojuegos,601,20,21,65225244.0,0.033278
2026-06,SKU00470,Videojuegos,621,12,18,55907352.0,0.019324
2026-07,SKU00470,Videojuegos,602,14,18,55907352.0,0.023256
2026-08,SKU00470,Videojuegos,612,12,18,55907352.0,0.019608
2026-09,SKU00470,Videojuegos,630,11,15,46589460.0,0.01746
2026-04,SKU00313,Computadores,211,4,5,12314145.0,0.018957
2026-05,SKU00313,Computadores,207,3,4,9851316.0,0.014493
2026-06,SKU00313,Computadores,220,4,5,12314145.0,0.018182
2026-07,SKU00313,Computadores,234,3,4,9851316.0,0.012821
2026-08,SKU00313,Computadores,226,5,5,12314145.0,0.022124
2026-09,SKU00313,Computadores,226,3,4,9851316.0,0.013274
2026-04,SKU00404,Electrohogar,152,2,2,934876.0,0.013158
2026-05,SKU00404,Electrohogar,161,1,2,934876.0,0.006211
2026-06,SKU00404,Electrohogar,171,2,2,934876.0,0.011696
2026-07,SKU00404,Electrohogar,154,2,2,934876.0,0.012987
2026-08,SKU00404,Electrohogar,158,1,2,934876.0,0.006329
2026-09,SKU00404,Electrohogar,177,1,2,934876.0,0.00565
2026-04,SKU00844,Electrohogar,146,2,2,1521902.0,0.013699
2026-05,SKU00844,Electrohogar,145,1,2,1521902.0,0.006897
2026-06,SKU00844,Electrohogar,141,1,2,1521902.0,0.007092
2026-07,SKU00844,Electrohogar,120,1,1,760951.0,0.008333
2026-08,SKU00844,Electrohogar,137,1,1,760951.0,0.007299
2026-09,SKU00844,Electrohogar,134,1,1,760951.0,0.007463
2026-04,SKU00843,Computadores,116,2,3,4491795.0,0.017241
2026-05,SKU00843,Computadores,106,2,3,4491795.0,0.018868
2026-06,SKU00843,Computadores,101,2,2,2994530.0,0.019802
2026-07,SKU00843,Computadores,115,3,3,4491795.0,0.026087
2026-08,SKU00843,Computadores,105,2,2,2994530.0,0.019048
2026-09,SKU00843,Computadores,124,2,2,2994530.0,0.016129
2026-04,SKU00066,Televisores,195,1,1,504420.0,0.005128
2026-05,SKU00066,Televisores,180,1,1,504420.0,0.005556
2026-06,SKU00066,Televisores,190,1,1,504420.0,0.005263
2026-07,SKU00066,Televisores,172,1,1,504420.0,0.005814
2026-08,SKU00066,Televisores,174,1,1,504420.0,0.005747
2026-09,SKU00066,Televisores,182,1,1,504420.0,0.005495
2026-04,SKU00805,Videojuegos,405,7,11,38303408.0,0.017284
2026-05,SKU00805,Videojuegos,513,15,16,55714048.0,0.02924
2026-06,SKU00805,Videojuegos,421,10,11,38303408.0,0.023753
2026-07,SKU00805,Videojuegos,516,10,13,45267664.0,0.01938
2026-08,SKU00805,Videojuegos,410,9,12,41785536.0,0.021951
2026-09,SKU00805,Videojuegos,458,9,10,34821280.0,0.019651
2026-04,SKU00346,Televisores,210,2,2,6324540.0,0.009524
2026-05,SKU00346,Televisores,230,2,2,6324540.0,0.008696
2026-06,SKU00346,Televisores,232,3,3,9486810.0,0.012931
2026-07,SKU00346,Televisores,239,2,2,6324540.0,0.008368
2026-08,SKU00346,Televisores,203,1,2,6324540.0,0.004926
2026-09,SKU00346,Televisores,214,2,2,6324540.0,0.009346
2026-04,SKU00020,Videojuegos,462,6,8,14459776.0,0.012987
2026-05,SKU00020,Videojuegos,442,4,6,10844832.0,0.00905
2026-06,SKU00020,Videojuegos,503,6,7,12652304.0,0.011928
2026-07,SKU00020,Videojuegos,475,5,7,12652304.0,0.010526
2026-08,SKU00020,Videojuegos,495,4,6,10844832.0,0.008081
2026-09,SKU00020,Videojuegos,464,4,5,9037360.0,0.008621
2026-04,SKU00089,Televisores,299,1,2,3526900.0,0.003344
2026-05,SKU00089,Televisores,316,2,2,3526900.0,0.006329
2026-06,SKU00089,Televisores,272,1,1,1763450.0,0.003676
2026-07,SKU00089,Televisores,295,1,1,1763450.0,0.00339
2026-08,SKU00089,Televisores,324,1,1,1763450.0,0.003086
2026-09,SKU00089,Televisores,317,1,1,1763450.0,0.003155
2026-04,SKU00098,Televisores,303,2,2,231248.0,0.006601
2026-05,SKU00098,Televisores,376,2,2,231248.0,0.005319
2026-06,SKU00098,Televisores,352,1,1,115624.0,0.002841
2026-07,SKU00098,Televisores,397,2,2,231248.0,0.005038
2026-08,SKU00098,Televisores,389,2,2,231248.0,0.005141
2026-09,SKU00098,Televisores,399,1,1,115624.0,0.002506
2026-04,SKU00312,Celulares,480,10,11,24110185.0,0.020833
2026-05,SKU00312,Celulares,482,10,14,30685690.0,0.020747
2026-06,SKU00312,Celulares,439,8,10,21918350.0,0.018223
2026-07,SKU00312,Celulares,503,10,13,28493855.0,0.019881
2026-08,SKU00312,Celulares,505,9,11,24110185.0,0.017822
2026-09,SKU00312,Celulares,480,8,11,24110185.0,0.016667
2026-04,SKU00113,Electrohogar,293,2,2,4286414.0,0.006826
2026-05,SKU00113,Electrohogar,329,2,2,4286414.0,0.006079
2026-06,SKU00113,Electrohogar,283,1,2,4286414.0,0.003534
2026-07,SKU00113,Electrohogar,340,2,2,4286414.0,0.005882
2026-08,SKU00113,Electrohogar,263,1,1,2143207.0,0.003802
2026-09,SKU00113,Electrohogar,322,1,2,4286414.0,0.003106
2026-04,SKU00155,Videojuegos,144,1,2,7895418.0,0.006944
2026-05,SKU00155,Videojuegos,125,2,2,7895418.0,0.016
2026-06,SKU00155,Videojuegos,151,2,2,7895418.0,0.013245
2026-07,SKU00155,Videojuegos,160,2,2,7895418.0,0.0125
2026-08,SKU00155,Videojuegos,144,2,2,7895418.0,0.013889
2026-09,SKU00155,Videojuegos,129,1,1,3947709.0,0.007752
2026-04,SKU00499,Electrohogar,403,4,5,8106510.0,0.009926
2026-05,SKU00499,Electrohogar,446,5,6,9727812.0,0.011211
2026-06,SKU00499,Electrohogar,472,5,6,9727812.0,0.010593
2026-07,SKU00499,Electrohogar,470,4,5,8106510.0,0.008511
2026-08,SKU00499,Electrohogar,391,4,4,6485208.0,0.01023
2026-09,SKU00499,Electrohogar,513,4,5,8106510.0,0.007797
2026-04,SKU00144,Electrohogar,230,1,1,4373924.0,0.004348
2026-05,SKU00144,Electrohogar,235,1,1,4373924.0,0.004255
2026-06,SKU00144,Electrohogar,206,1,1,4373924.0,0.004854
2026-07,SKU00144,Electrohogar,217,1,1,4373924.0,0.004608
2026-08,SKU00144,Electrohogar,230,1,1,4373924.0,0.004348
2026-09,SKU00144,Electrohogar,202,1,1,4373924.0,0.00495
2026-04,SKU00213,Computadores,351,5,6,15711852.0,0.014245
2026-05,SKU00213,Computadores,348,4,5,13093210.0,0.011494
2026-06,SKU00213,Computadores,341,4,5,13093210.0,0.01173
2026-07,SKU00213,Computadores,368,4,6,15711852.0,0.01087
2026-08,SKU00213,Computadores,327,3,5,13093210.0,0.009174
2026-09,SKU00213,Computadores,326,4,5,13093210.0,0.01227
2026-04,SKU00176,Televisores,319,1,1,4784463.0,0.003135
2026-05,SKU00176,Televisores,333,1,1,4784463.0,0.003003
2026-06,SKU00176,Televisores,313,2,2,9568926.0,0.00639
2026-07,SKU00176,Televisores,326,1,1,4784463.0,0.003067
2026-08,SKU00176,Televisores,334,1,1,4784463.0,0.002994
2026-09,SKU00176,Televisores,321,1,1,4784463.0,0.003115
2026-04,SKU00405,Videojuegos,474,13,14,52739414.0,0.027426
2026-05,SKU00405,Videojuegos,457,13,16,60273616.0,0.028446
2026-06,SKU00405,Videojuegos,535,12,15,56506515.0,0.02243
2026-07,SKU00405,Videojuegos,447,9,12,45205212.0,0.020134
2026-08,SKU00405,Videojuegos,442,11,13,48972313.0,0.024887
2026-09,SKU00405,Videojuegos,464,9,13,48972313.0,0.019397
2026-04,SKU00078,Televisores,197,1,1,4712122.0,0.005076
2026-05,SKU00078,Televisores,187,1,1,4712122.0,0.005348
2026-06,SKU00078,Televisores,175,1,1,4712122.0,0.005714
2026-07,SKU00078,Televisores,176,1,1,4712122.0,0.005682
2026-08,SKU00078,Televisores,171,1,1,4712122.0,0.005848
2026-09,SKU00078,Televisores,193,1,1,4712122.0,0.005181
2026-04,SKU00239,Electrohogar,454,3,4,9080048.0,0.006608
2026-05,SKU00239,Electrohogar,356,2,3,6810036.0,0.005618
2026-06,SKU00239,Electrohogar,382,2,3,6810036.0,0.005236
2026-07,SKU00239,Electrohogar,386,2,3,6810036.0,0.005181
2026-08,SKU00239,Electrohogar,450,3,3,6810036.0,0.006667
2026-09,SKU00239,Electrohogar,453,3,4,9080048.0,0.006623
2026-04,SKU00064,Electrohogar,566,3,4,3452456.0,0.0053
2026-05,SKU00064,Electrohogar,476,2,3,2589342.0,0.004202
2026-06,SKU00064,Electrohogar,501,2,3,2589342.0,0.003992
2026-07,SKU00064,Electrohogar,628,3,3,2589342.0,0.004777
2026-08,SKU00064,Electrohogar,608,3,4,3452456.0,0.004934
2026-09,SKU00064,Electrohogar,577,2,2,1726228.0,0.003466
2026-04,SKU00742,Celulares,532,11,14,57447740.0,0.020677
2026-05,SKU00742,Celulares,595,13,15,61551150.0,0.021849
2026-06,SKU00742,Celulares,557,10,12,49240920.0,0.017953
2026-07,SKU00742,Celulares,502,9,11,45137510.0,0.017928
2026-08,SKU00742,Celulares,510,10,11,45137510.0,0.019608
2026-09,SKU00742,Celulares,602,10,14,57447740.0,0.016611
2026-04,SKU00050,Videojuegos,167,2,2,0.0,0.011976
2026-05,SKU00050,Videojuegos,185,2,3,0.0,0.010811
2026-06,SKU00050,Videojuegos,167,2,3,0.0,0.011976
2026-07,SKU00050,Videojuegos,156,2,2,0.0,0.012821
2026-08,SKU00050,Videojuegos,171,2,2,0.0,0.011696
2026-09,SKU00050,Videojuegos,172,2,2,0.0,0.011628
2026-04,SKU00143,Computadores,514,4,5,7367370.0,0.007782
2026-05,SKU00143,Computadores,582,5,6,8840844.0,0.008591
2026-06,SKU00143,Computadores,465,4,6,8840844.0,0.008602
2026-07,SKU00143,Computadores,481,4,5,7367370.0,0.008316
2026-08,SKU00143,Computadores,519,4,5,7367370.0,0.007707
2026-09,SKU00143,Computadores,537,4,5,7367370.0,0.007449
2026-04,SKU00564,Electrohogar,416,4,5,7430670.0,0.009615
2026-05,SKU00564,Electrohogar,482,6,7,10402938.0,0.012448
2026-06,SKU00564,Electrohogar,401,4,5,7430670.0,0.009975
2026-07,SKU00564,Electrohogar,530,5,6,8916804.0,0.009434
2026-08,SKU00564,Electrohogar,504,4,5,7430670.0,0.007937
2026-09,SKU00564,Electrohogar,529,6,6,8916804.0,0.011342
2026-04,SKU00505,Videojuegos,266,9,9,18654390.0,0.033835
2026-05,SKU00505,Videojuegos,274,6,8,16581680.0,0.021898
2026-06,SKU00505,Videojuegos,280,8,9,18654390.0,0.028571
2026-07,SKU00505,Videojuegos,303,5,7,14508970.0,0.016502
2026-08,SKU00505,Videojuegos,289,7,8,16581680.0,0.024221
2026-09,SKU00505,Videojuegos,244,6,7,14508970.0,0.02459
2026-04,SKU00151,Televisores,324,0,0,0.0,0.0
2026-05,SKU00151,Televisores,372,0,0,0.0,0.0
2026-06,SKU00151,Televisores,416,0,0,0.0,0.0
2026-07,SKU00151,Televisores,418,0,0,0.0,0.0
2026-08,SKU00151,Televisores,356,0,0,0.0,0.0
2026-09,SKU00151,Televisores,340,0,0,0.0,0.0
2026-04,SKU00899,Electrohogar,459,4,5,18253250.0,0.008715
2026-05,SKU00899,Electrohogar,464,4,6,21903900.0,0.008621
2026-06,SKU00899,Electrohogar,449,3,5,18253250.0,0.006682
2026-07,SKU00899,Electrohogar,369,4,4,14602600.0,0.01084
2026-08,SKU00899,Electrohogar,429,4,5,18253250.0,0.009324
2026-09,SKU00899,Electrohogar,373,3,4,14602600.0,0.008043
2026-04,SKU00865,Videojuegos,117,3,4,3636524.0,0.025641
2026-05,SKU00865,Videojuegos,111,3,4,3636524.0,0.027027
2026-06,SKU00865,Videojuegos,129,3,4,3636524.0,0.023256
2026-07,SKU00865,Videojuegos,136,3,4,3636524.0,0.022059
2026-08,SKU00865,Videojuegos,122,2,3,2727393.0,0.016393
2026-09,SKU00865,Videojuegos,134,2,3,2727393.0,0.014925
2026-04,SKU00795,Videojuegos,650,13,20,73245400.0,0.02
2026-05,SKU00795,Videojuegos,666,14,18,65920860.0,0.021021
2026-06,SKU00795,Videojuegos,576,14,18,65920860.0,0.024306
2026-07,SKU00795,Videojuegos,521,11,13,47609510.0,0.021113
2026-08,SKU00795,Videojuegos,527,12,14,51271780.0,0.02277
2026-09,SKU00795,Videojuegos,533,10,13,47609510.0,0.018762
2026-04,SKU00199,Electrohogar,284,3,3,13280184.0,0.010563
2026-05,SKU00199,Electrohogar,257,1,2,8853456.0,0.003891
2026-06,SKU00199,Electrohogar,275,2,3,13280184.0,0.007273
2026-07,SKU00199,Electrohogar,235,2,2,8853456.0,0.008511
2026-08,SKU00199,Electrohogar,244,2,2,8853456.0,0.008197
2026-09,SKU00199,Electrohogar,283,1,2,8853456.0,0.003534
2026-04,SKU00183,Computadores,257,3,5,3128060.0,0.011673
2026-05,SKU00183,Computadores,287,4,5,3128060.0,0.013937
2026-06,SKU00183,Computadores,269,3,4,2502448.0,0.011152
2026-07,SKU00183,Computadores,312,4,5,3128060.0,0.012821
2026-08,SKU00183,Computadores,290,4,4,2502448.0,0.013793
2026-09,SKU00183,Computadores,255,2,3,1876836.0,0.007843
2026-04,SKU00567,Celulares,535,12,15,34051410.0,0.02243
2026-05,SKU00567,Celulares,492,9,11,24971034.0,0.018293
2026-06,SKU00567,Celulares,489,10,13,29511222.0,0.02045
2026-07,SKU00567,Celulares,549,9,13,29511222.0,0.016393
2026-08,SKU00567,Celulares,577,12,13,29511222.0,0.020797
2026-09,SKU00567,Celulares,484,11,12,27241128.0,0.022727
2026-04,SKU00723,Computadores,164,3,4,18106324.0,0.018293
2026-05,SKU00723,Computadores,167,2,3,13579743.0,0.011976
2026-06,SKU00723,Computadores,172,3,4,18106324.0,0.017442
2026-07,SKU00723,Computadores,138,3,3,13579743.0,0.021739
2026-08,SKU00723,Computadores,149,2,3,13579743.0,0.013423
2026-09,SKU00723,Computadores,139,2,3,13579743.0,0.014388
2026-04,SKU00894,Electrohogar,576,6,7,8095969.0,0.010417
2026-05,SKU00894,Electrohogar,517,5,7,8095969.0,0.009671
2026-06,SKU00894,Electrohogar,472,5,6,6939402.0,0.010593
2026-07,SKU00894,Electrohogar,515,4,6,6939402.0,0.007767
2026-08,SKU00894,Electrohogar,495,5,5,5782835.0,0.010101
2026-09,SKU00894,Electrohogar,499,5,6,6939402.0,0.01002
2026-04,SKU00342,Celulares,182,3,4,10339816.0,0.016484
2026-05,SKU00342,Celulares,218,6,7,18094678.0,0.027523
2026-06,SKU00342,Celulares,233,6,7,18094678.0,0.025751
2026-07,SKU00342,Celulares,217,4,5,12924770.0,0.018433
2026-08,SKU00342,Celulares,192,3,4,10339816.0,0.015625
2026-09,SKU00342,Celulares,217,3,4,10339816.0,0.013825
2026-04,SKU00828,Computadores,273,3,5,14639730.0,0.010989
2026-05,SKU00828,Computadores,335,5,6,17567676.0,0.014925
2026-06,SKU00828,Computadores,296,6,7,20495622.0,0.02027
2026-07,SKU00828,Computadores,319,4,6,17567676.0,0.012539
2026-08,SKU00828,Computadores,355,6,7,20495622.0,0.016901
2026-09,SKU00828,Computadores,333,5,7,20495622.0,0.015015
2026-04,SKU00247,Celulares,421,7,8,15486704.0,0.016627
2026-05,SKU00247,Celulares,385,8,9,17422542.0,0.020779
2026-06,SKU00247,Celulares,420,7,7,13550866.0,0.016667
2026-07,SKU00247,Celulares,395,5,8,15486704.0,0.012658
2026-08,SKU00247,Celulares,358,4,6,11615028.0,0.011173
2026-09,SKU00247,Celulares,382,5,7,13550866.0,0.013089
2026-04,SKU00276,Televisores,408,3,4,4141508.0,0.007353
2026-05,SKU00276,Televisores,375,2,3,3106131.0,0.005333
2026-06,SKU00276,Televisores,373,3,4,4141508.0,0.008043
2026-07,SKU00276,Televisores,419,3,3,3106131.0,0.00716
2026-08,SKU00276,Televisores,394,4,4,4141508.0,0.010152
2026-09,SKU00276,Televisores,377,2,3,3106131.0,0.005305
2026-04,SKU00429,Electrohogar,142,1,2,5990476.0,0.007042
2026-05,SKU00429,Electrohogar,115,1,1,2995238.0,0.008696
2026-06,SKU00429,Electrohogar,108,1,1,2995238.0,0.009259
2026-07,SKU00429,Electrohogar,131,1,1,2995238.0,0.007634
2026-08,SKU00429,Electrohogar,137,1,1,2995238.0,0.007299
2026-09,SKU00429,Electrohogar,133,1,1,2995238.0,0.007519
2026-04,SKU00210,Videojuegos,505,9,12,48525096.0,0.017822
2026-05,SKU00210,Videojuegos,591,14,15,60656370.0,0.023689
2026-06,SKU00210,Videojuegos,634,9,12,48525096.0,0.014196
2026-07,SKU00210,Videojuegos,565,9,11,44481338.0,0.015929
2026-08,SKU00210,Videojuegos,516,6,9,36393822.0,0.011628
2026-09,SKU00210,Videojuegos,520,8,9,36393822.0,0.015385
2026-04,SKU00920,Videojuegos,380,12,13,32879418.0,0.031579
2026-05,SKU00920,Videojuegos,377,8,12,30350232.0,0.02122
2026-06,SKU00920,Videojuegos,299,8,10,25291860.0,0.026756
2026-07,SKU00920,Videojuegos,371,7,10,25291860.0,0.018868
2026-08,SKU00920,Videojuegos,323,6,8,20233488.0,0.018576
2026-09,SKU00920,Videojuegos,342,5,7,17704302.0,0.01462
2026-04,SKU00530,Videojuegos,524,9,13,26385736.0,0.017176
2026-05,SKU00530,Videojuegos,499,11,14,28415408.0,0.022044
2026-06,SKU00530,Videojuegos,544,9,14,28415408.0,0.016544
2026-07,SKU00530,Videojuegos,571,11,15,30445080.0,0.019264
2026-08,SKU00530,Videojuegos,541,11,14,28415408.0,0.020333
2026-09,SKU00530,Videojuegos,615,13,16,32474752.0,0.021138
2026-04,SKU00447,Celulares,241,5,6,25694778.0,0.020747
2026-05,SKU00447,Celulares,200,5,6,25694778.0,0.025
2026-06,SKU00447,Celulares,191,4,5,21412315.0,0.020942
2026-07,SKU00447,Celulares,182,3,4,17129852.0,0.016484
2026-08,SKU00447,Celulares,209,4,5,21412315.0,0.019139
2026-09,SKU00447,Celulares,211,3,4,17129852.0,0.014218
2026-04,SKU00355,Videojuegos,238,6,7,12804904.0,0.02521
2026-05,SKU00355,Videojuegos,252,6,8,14634176.0,0.02381
2026-06,SKU00355,Videojuegos,245,6,7,12804904.0,0.02449
2026-07,SKU00355,Videojuegos,210,4,6,10975632.0,0.019048
2026-08,SKU00355,Videojuegos,239,6,6,10975632.0,0.025105
2026-09,SKU00355,Videojuegos,273,6,7,12804904.0,0.021978
2026-04,SKU00931,Televisores,400,0,0,0.0,0.0
2026-05,SKU00931,Televisores,359,0,0,0.0,0.0
2026-06,SKU00931,Televisores,316,0,0,0.0,0.0
2026-07,SKU00931,Televisores,386,0,0,0.0,0.0
2026-08,SKU00931,Televisores,301,0,0,0.0,0.0
2026-09,SKU00931,Televisores,300,0,0,0.0,0.0
2026-04,SKU00315,Videojuegos,280,8,9,23035383.0,0.028571
2026-05,SKU00315,Videojuegos,320,7,10,25594870.0,0.021875
2026-06,SKU00315,Videojuegos,256,5,7,17916409.0,0.019531
2026-07,SKU00315,Videojuegos,302,6,8,20475896.0,0.019868
2026-08,SKU00315,Videojuegos,259,6,8,20475896.0,0.023166
2026-09,SKU00315,Videojuegos,275,6,7,17916409.0,0.021818
2026-04,SKU00311,Televisores,361,0,0,0.0,0.0
2026-05,SKU00311,Televisores,356,0,0,0.0,0.0
2026-06,SKU00311,Televisores,328,0,0,0.0,0.0
2026-07,SKU00311,Televisores,371,0,0,0.0,0.0
2026-08,SKU00311,Televisores,395,0,0,0.0,0.0
2026-09,SKU00311,Televisores,310,0,0,0.0,0.0
2026-04,SKU00226,Televisores,530,4,5,5546545.0,0.007547
2026-05,SKU00226,Televisores,453,3,3,3327927.0,0.006623
2026-06,SKU00226,Televisores,461,2,3,3327927.0,0.004338
2026-07,SKU00226,Televisores,480,2,3,3327927.0,0.004167
2026-08,SKU00226,Televisores,546,3,4,4437236.0,0.005495
2026-09,SKU00226,Televisores,500,2,3,3327927.0,0.004
2026-04,SKU00973,Computadores,323,5,6,7019970.0,0.01548
2026-05,SKU00973,Computadores,331,6,7,8189965.0,0.018127
2026-06,SKU00973,Computadores,264,6,6,7019970.0,0.022727
2026-07,SKU00973,Computadores,302,6,7,8189965.0,0.019868
2026-08,SKU00973,Computadores,308,5,5,5849975.0,0.016234
2026-09,SKU00973,Computadores,294,6,6,7019970.0,0.020408
2026-04,SKU00159,Electrohogar,178,1,1,2123997.0,0.005618
2026-05,SKU00159,Electrohogar,188,1,1,2123997.0,0.005319
2026-06,SKU00159,Electrohogar,166,1,1,2123997.0,0.006024
2026-07,SKU00159,Electrohogar,147,1,1,2123997.0,0.006803
2026-08,SKU00159,Electrohogar,154,1,1,2123997.0,0.006494
2026-09,SKU00159,Electrohogar,160,1,1,2123997.0,0.00625
2026-04,SKU00106,Electrohogar,213,1,1,1147394.0,0.004695
2026-05,SKU00106,Electrohogar,197,1,1,1147394.0,0.005076
2026-06,SKU00106,Electrohogar,168,1,1,1147394.0,0.005952
2026-07,SKU00106,Electrohogar,206,1,1,1147394.0,0.004854
2026-08,SKU00106,Electrohogar,197,1,1,1147394.0,0.005076
2026-09,SKU00106,Electrohogar,179,1,1,1147394.0,0.005587
2026-04,SKU00922,Celulares,250,6,7,29685614.0,0.024
2026-05,SKU00922,Celulares,304,5,8,33926416.0,0.016447
2026-06,SKU00922,Celulares,291,5,7,29685614.0,0.017182
2026-07,SKU00922,Celulares,262,4,6,25444812.0,0.015267
2026-08,SKU00922,Celulares,255,6,6,25444812.0,0.023529
2026-09,SKU00922,Celulares,260,4,6,25444812.0,0.015385
2026-04,SKU00341,Televisores,473,0,0,0.0,0.0
2026-05,SKU00341,Televisores,422,0,0,0.0,0.0
2026-06,SKU00341,Televisores,501,0,0,0.0,0.0
2026-07,SKU00341,Televisores,396,0,0,0.0,0.0
2026-08,SKU00341,Televisores,463,0,0,0.0,0.0
2026-09,SKU00341,Televisores,401,0,0,0.0,0.0
2026-04,SKU00323,Computadores,535,11,13,24532859.0,0.020561
2026-05,SKU00323,Computadores,550,12,14,26420002.0,0.021818
2026-06,SKU00323,Computadores,532,11,12,22645716.0,0.020677
2026-07,SKU00323,Computadores,508,8,10,18871430.0,0.015748
2026-08,SKU00323,Computadores,568,9,10,18871430.0,0.015845
2026-09,SKU00323,Computadores,566,8,10,18871430.0,0.014134
2026-04,SKU00452,Celulares,235,4,6,2935638.0,0.017021
2026-05,SKU00452,Celulares,226,4,6,2935638.0,0.017699
2026-06,SKU00452,Celulares,248,6,7,3424911.0,0.024194
2026-07,SKU00452,Celulares,248,4,6,2935638.0,0.016129
2026-08,SKU00452,Celulares,245,5,6,2935638.0,0.020408
2026-09,SKU00452,Celulares,240,5,6,2935638.0,0.020833
2026-04,SKU00509,Electrohogar,132,1,2,8128420.0,0.007576
2026-05,SKU00509,Electrohogar,176,1,2,8128420.0,0.005682
2026-06,SKU00509,Electrohogar,174,2,2,8128420.0,0.011494
2026-07,SKU00509,Electrohogar,166,2,2,8128420.0,0.012048
2026-08,SKU00509,Electrohogar,160,2,2,8128420.0,0.0125
2026-09,SKU00509,Electrohogar,148,2,2,8128420.0,0.013514
2026-04,SKU00610,Videojuegos,405,13,14,62266106.0,0.032099
2026-05,SKU00610,Videojuegos,412,10,14,62266106.0,0.024272
2026-06,SKU00610,Videojuegos,532,10,15,66713685.0,0.018797
2026-07,SKU00610,Videojuegos,530,14,16,71161264.0,0.026415
2026-08,SKU00610,Videojuegos,530,12,14,62266106.0,0.022642
2026-09,SKU00610,Videojuegos,453,8,11,48923369.0,0.01766
2026-04,SKU00325,Videojuegos,525,14,15,17960805.0,0.026667
2026-05,SKU00325,Videojuegos,588,14,16,19158192.0,0.02381
2026-06,SKU00325,Videojuegos,537,16,17,20355579.0,0.029795
2026-07,SKU00325,Videojuegos,470,8,12,14368644.0,0.017021
2026-08,SKU00325,Videojuegos,473,11,13,15566031.0,0.023256
2026-09,SKU00325,Videojuegos,476,10,13,15566031.0,0.021008
2026-04,SKU00435,Videojuegos,322,9,10,27612670.0,0.02795
2026-05,SKU00435,Videojuegos,284,7,10,27612670.0,0.024648
2026-06,SKU00435,Videojuegos,358,9,11,30373937.0,0.02514
2026-07,SKU00435,Videojuegos,345,7,10,27612670.0,0.02029
2026-08,SKU00435,Videojuegos,355,9,11,30373937.0,0.025352
2026-09,SKU00435,Videojuegos,310,6,7,19328869.0,0.019355
2026-04,SKU00929,Electrohogar,268,2,3,7359699.0,0.007463
2026-05,SKU00929,Electrohogar,295,3,4,9812932.0,0.010169
2026-06,SKU00929,Electrohogar,281,2,3,7359699.0,0.007117
2026-07,SKU00929,Electrohogar,231,2,2,4906466.0,0.008658
2026-08,SKU00929,Electrohogar,256,2,3,7359699.0,0.007812
2026-09,SKU00929,Electrohogar,275,3,3,7359699.0,0.010909
2026-04,SKU00880,Videojuegos,572,12,17,39170754.0,0.020979
2026-05,SKU00880,Videojuegos,463,11,13,29954106.0,0.023758
2026-06,SKU00880,Videojuegos,565,12,18,41474916.0,0.021239
2026-07,SKU00880,Videojuegos,535,9,13,29954106.0,0.016822
2026-08,SKU00880,Videojuegos,528,13,14,32258268.0,0.024621
2026-09,SKU00880,Videojuegos,455,10,12,27649944.0,0.021978
2026-04,SKU00569,Electrohogar,300,3,4,16911384.0,0.01
2026-05,SKU00569,Electrohogar,343,4,4,16911384.0,0.011662
2026-06,SKU00569,Electrohogar,343,4,4,16911384.0,0.011662
2026-07,SKU00569,Electrohogar,300,2,3,12683538.0,0.006667
2026-08,SKU00569,Electrohogar,275,2,3,12683538.0,0.007273
2026-09,SKU00569,Electrohogar,326,2,3,12683538.0,0.006135
2026-04,SKU00791,Televisores,421,0,0,0.0,0.0
2026-05,SKU00791,Televisores,442,0,0,0.0,0.0
2026-06,SKU00791,Televisores,482,0,0,0.0,0.0
2026-07,SKU00791,Televisores,421,0,0,0.0,0.0
2026-08,SKU00791,Televisores,479,0,0,0.0,0.0
2026-09,SKU00791,Televisores,458,0,0,0.0,0.0
2026-04,SKU00269,Electrohogar,265,3,3,12694989.0,0.011321
2026-05,SKU00269,Electrohogar,279,3,4,16926652.0,0.010753
2026-06,SKU00269,Electrohogar,259,3,3,12694989.0,0.011583
2026-07,SKU00269,Electrohogar,291,2,3,12694989.0,0.006873
2026-08,SKU00269,Electrohogar,304,3,3,12694989.0,0.009868
2026-09,SKU00269,Electrohogar,279,2,3,12694989.0,0.007168
2026-04,SKU00245,Videojuegos,141,2,3,6807735.0,0.014184
2026-05,SKU00245,Videojuegos,153,2,3,6807735.0,0.013072
2026-06,SKU00245,Videojuegos,124,2,3,6807735.0,0.016129
2026-07,SKU00245,Videojuegos,125,2,2,4538490.0,0.016
2026-08,SKU00245,Videojuegos,121,2,2,4538490.0,0.016529
2026-09,SKU00245,Videojuegos,157,2,3,6807735.0,0.012739
2026-04,SKU00704,Electrohogar,427,4,5,7595615.0,0.009368
2026-05,SKU00704,Electrohogar,572,5,6,9114738.0,0.008741
2026-06,SKU00704,Electrohogar,527,6,7,10633861.0,0.011385
2026-07,SKU00704,Electrohogar,441,3,4,6076492.0,0.006803
2026-08,SKU00704,Electrohogar,454,4,5,7595615.0,0.008811
2026-09,SKU00704,Electrohogar,466,4,5,7595615.0,0.008584
2026-04,SKU00160,Videojuegos,488,6,7,28805658.0,0.012295
2026-05,SKU00160,Videojuegos,465,5,8,32920752.0,0.010753
2026-06,SKU00160,Videojuegos,568,6,9,37035846.0,0.010563
2026-07,SKU00160,Videojuegos,480,5,6,24690564.0,0.010417
2026-08,SKU00160,Videojuegos,515,5,7,28805658.0,0.009709
2026-09,SKU00160,Videojuegos,546,5,7,28805658.0,0.009158
2026-04,SKU00133,Computadores,197,1,2,5639836.0,0.005076
2026-05,SKU00133,Computadores,198,2,2,5639836.0,0.010101
2026-06,SKU00133,Computadores,164,2,2,5639836.0,0.012195
2026-07,SKU00133,Computadores,165,2,2,5639836.0,0.012121
2026-08,SKU00133,Computadores,159,1,2,5639836.0,0.006289
2026-09,SKU00133,Computadores,161,1,1,2819918.0,0.006211
2026-04,SKU00296,Televisores,549,4,5,14450285.0,0.007286
2026-05,SKU00296,Televisores,496,5,6,17340342.0,0.010081
2026-06,SKU00296,Televisores,492,4,5,14450285.0,0.00813
2026-07,SKU00296,Televisores,529,3,5,14450285.0,0.005671
2026-08,SKU00296,Televisores,522,3,4,11560228.0,0.005747
2026-09,SKU00296,Televisores,447,2,3,8670171.0,0.004474
2026-04,SKU00852,Celulares,554,12,14,53665780.0,0.021661
2026-05,SKU00852,Celulares,527,10,14,53665780.0,0.018975
2026-06,SKU00852,Celulares,493,8,12,45999240.0,0.016227
2026-07,SKU00852,Celulares,498,10,11,42165970.0,0.02008
2026-08,SKU00852,Celulares,456,7,10,38332700.0,0.015351
2026-09,SKU00852,Celulares,452,9,10,38332700.0,0.019912
2026-04,SKU00309,Electrohogar,254,2,3,9777042.0,0.007874
2026-05,SKU00309,Electrohogar,201,2,2,6518028.0,0.00995
2026-06,SKU00309,Electrohogar,220,1,2,6518028.0,0.004545
2026-07,SKU00309,Electrohogar,233,2,3,9777042.0,0.008584
2026-08,SKU00309,Electrohogar,203,1,2,6518028.0,0.004926
2026-09,SKU00309,Electrohogar,243,2,2,6518028.0,0.00823
2026-04,SKU00568,Computadores,368,8,9,31901247.0,0.021739
2026-05,SKU00568,Computadores,384,7,10,35445830.0,0.018229
2026-06,SKU00568,Computadores,380,6,9,31901247.0,0.015789
2026-07,SKU00568,Computadores,351,5,7,24812081.0,0.014245
2026-08,SKU00568,Computadores,340,4,6,21267498.0,0.011765
2026-09,SKU00568,Computadores,410,7,7,24812081.0,0.017073
2026-04,SKU00349,Electrohogar,603,5,7,29084580.0,0.008292
2026-05,SKU00349,Electrohogar,552,6,8,33239520.0,0.01087
2026-06,SKU00349,Electrohogar,608,6,8,33239520.0,0.009868
2026-07,SKU00349,Electrohogar,557,6,7,29084580.0,0.010772
2026-08,SKU00349,Electrohogar,670,4,6,24929640.0,0.00597
2026-09,SKU00349,Electrohogar,665,4,6,24929640.0,0.006015
2026-04,SKU00138,Computadores,555,5,6,9059082.0,0.009009
2026-05,SKU00138,Computadores,485,4,5,7549235.0,0.008247
2026-06,SKU00138,Computadores,468,4,5,7549235.0,0.008547
2026-07,SKU00138,Computadores,430,3,4,6039388.0,0.006977
2026-08,SKU00138,Computadores,493,4,5,7549235.0,0.008114
2026-09,SKU00138,Computadores,553,4,5,7549235.0,0.007233
2026-04,SKU00525,Videojuegos,575,13,19,57142139.0,0.022609
2026-05,SKU00525,Videojuegos,583,16,19,57142139.0,0.027444
2026-06,SKU00525,Videojuegos,470,9,13,39097253.0,0.019149
2026-07,SKU00525,Videojuegos,473,10,13,39097253.0,0.021142
2026-08,SKU00525,Videojuegos,519,12,14,42104734.0,0.023121
2026-09,SKU00525,Videojuegos,533,14,15,45112215.0,0.026266
2026-04,SKU00441,Televisores,514,0,0,0.0,0.0
2026-05,SKU00441,Televisores,568,0,0,0.0,0.0
2026-06,SKU00441,Televisores,444,0,0,0.0,0.0
2026-07,SKU00441,Televisores,485,0,0,0.0,0.0
2026-08,SKU00441,Televisores,581,0,0,0.0,0.0
2026-09,SKU00441,Televisores,546,0,0,0.0,0.0
2026-04,SKU00549,Electrohogar,79,1,1,1138599.0,0.012658
2026-05,SKU00549,Electrohogar,91,1,1,1138599.0,0.010989
2026-06,SKU00549,Electrohogar,86,1,1,1138599.0,0.011628
2026-07,SKU00549,Electrohogar,95,1,1,1138599.0,0.010526
2026-08,SKU00549,Electrohogar,89,1,1,1138599.0,0.011236
2026-09,SKU00549,Electrohogar,78,1,1,1138599.0,0.012821
2026-04,SKU00097,Televisores,411,1,2,5175394.0,0.002433
2026-05,SKU00097,Televisores,433,2,2,5175394.0,0.004619
2026-06,SKU00097,Televisores,461,1,2,5175394.0,0.002169
2026-07,SKU00097,Televisores,476,2,2,5175394.0,0.004202
2026-08,SKU00097,Televisores,455,1,2,5175394.0,0.002198
2026-09,SKU00097,Televisores,499,1,2,5175394.0,0.002004
2026-04,SKU00841,Televisores,230,0,0,0.0,0.0
2026-05,SKU00841,Televisores,264,0,0,0.0,0.0
2026-06,SKU00841,Televisores,254,0,0,0.0,0.0
2026-07,SKU00841,Televisores,270,0,0,0.0,0.0
2026-08,SKU00841,Televisores,206,0,0,0.0,0.0
2026-09,SKU00841,Televisores,257,0,0,0.0,0.0
2026-04,SKU00471,Televisores,260,0,0,0.0,0.0
2026-05,SKU00471,Televisores,284,0,0,0.0,0.0
2026-06,SKU00471,Televisores,255,0,0,0.0,0.0
2026-07,SKU00471,Televisores,239,0,0,0.0,0.0
2026-08,SKU00471,Televisores,244,0,0,0.0,0.0
2026-09,SKU00471,Televisores,305,0,0,0.0,0.0
2026-04,SKU00621,Televisores,354,0,0,0.0,0.0
2026-05,SKU00621,Televisores,423,0,0,0.0,0.0
2026-06,SKU00621,Televisores,356,0,0,0.0,0.0
2026-07,SKU00621,Televisores,416,0,0,0.0,0.0
2026-08,SKU00621,Televisores,459,0,0,0.0,0.0
2026-09,SKU00621,Televisores,356,0,0,0.0,0.0
2026-04,SKU00203,Computadores,148,2,3,14490735.0,0.013514
2026-05,SKU00203,Computadores,121,2,2,9660490.0,0.016529
2026-06,SKU00203,Computadores,140,2,2,9660490.0,0.014286
2026-07,SKU00203,Computadores,142,1,2,9660490.0,0.007042
2026-08,SKU00203,Computadores,136,1,2,9660490.0,0.007353
2026-09,SKU00203,Computadores,115,1,1,4830245.0,0.008696
2026-04,SKU00340,Videojuegos,558,14,18,50427288.0,0.02509
2026-05,SKU00340,Videojuegos,549,12,17,47625772.0,0.021858
2026-06,SKU00340,Videojuegos,555,15,19,53228804.0,0.027027
2026-07,SKU00340,Videojuegos,590,14,18,50427288.0,0.023729
2026-08,SKU00340,Videojuegos,501,11,13,36419708.0,0.021956
2026-09,SKU00340,Videojuegos,573,12,13,36419708.0,0.020942
2026-04,SKU00909,Electrohogar,111,1,1,121091.0,0.009009
2026-05,SKU00909,Electrohogar,110,2,2,242182.0,0.018182
2026-06,SKU00909,Electrohogar,104,1,1,121091.0,0.009615
2026-07,SKU00909,Electrohogar,107,1,1,121091.0,0.009346
2026-08,SKU00909,Electrohogar,101,1,1,121091.0,0.009901
2026-09,SKU00909,Electrohogar,103,1,1,121091.0,0.009709
2026-04,SKU00043,Computadores,377,4,4,0.0,0.01061
2026-05,SKU00043,Computadores,344,4,4,0.0,0.011628
2026-06,SKU00043,Computadores,368,4,4,0.0,0.01087
2026-07,SKU00043,Computadores,326,2,3,0.0,0.006135
2026-08,SKU00043,Computadores,318,3,3,0.0,0.009434
2026-09,SKU00043,Computadores,389,2,3,0.0,0.005141
2026-04,SKU00021,Televisores,449,0,0,0.0,0.0
2026-05,SKU00021,Televisores,407,0,0,0.0,0.0
2026-06,SKU00021,Televisores,398,0,0,0.0,0.0
2026-07,SKU00021,Televisores,455,0,0,0.0,0.0
2026-08,SKU00021,Televisores,381,0,0,0.0,0.0
2026-09,SKU00021,Televisores,464,0,0,0.0,0.0
2026-04,SKU00321,Televisores,187,0,0,0.0,0.0
2026-05,SKU00321,Televisores,167,0,0,0.0,0.0
2026-06,SKU00321,Televisores,160,0,0,0.0,0.0
2026-07,SKU00321,Televisores,162,0,0,0.0,0.0
2026-08,SKU00321,Televisores,179,0,0,0.0,0.0
2026-09,SKU00321,Televisores,166,0,0,0.0,0.0
2026-04,SKU00666,Televisores,187,1,2,7733274.0,0.005348
2026-05,SKU00666,Televisores,204,2,2,7733274.0,0.009804
2026-06,SKU00666,Televisores,207,2,2,7733274.0,0.009662
2026-07,SKU00666,Televisores,203,1,2,7733274.0,0.004926
2026-08,SKU00666,Televisores,201,1,2,7733274.0,0.004975
2026-09,SKU00666,Televisores,173,1,1,3866637.0,0.00578
2026-04,SKU00254,Electrohogar,215,3,3,8261487.0,0.013953
2026-05,SKU00254,Electrohogar,268,2,3,8261487.0,0.007463
2026-06,SKU00254,Electrohogar,218,1,2,5507658.0,0.004587
2026-07,SKU00254,Electrohogar,255,2,3,8261487.0,0.007843
2026-08,SKU00254,Electrohogar,212,1,2,5507658.0,0.004717
2026-09,SKU00254,Electrohogar,275,2,3,8261487.0,0.007273
2026-04,SKU00101,Televisores,302,0,0,0.0,0.0
2026-05,SKU00101,Televisores,296,0,0,0.0,0.0
2026-06,SKU00101,Televisores,339,0,0,0.0,0.0
2026-07,SKU00101,Televisores,360,0,0,0.0,0.0
2026-08,SKU00101,Televisores,267,0,0,0.0,0.0
2026-09,SKU00101,Televisores,334,0,0,0.0,0.0
2026-04,SKU00431,Televisores,518,0,0,0.0,0.0
2026-05,SKU00431,Televisores,560,0,0,0.0,0.0
2026-06,SKU00431,Televisores,535,0,0,0.0,0.0
2026-07,SKU00431,Televisores,544,0,0,0.0,0.0
2026-08,SKU00431,Televisores,463,0,0,0.0,0.0
2026-09,SKU00431,Televisores,468,0,0,0.0,0.0
2026-04,SKU00645,Videojuegos,353,8,11,52958499.0,0.022663
2026-05,SKU00645,Videojuegos,375,11,12,57772908.0,0.029333
2026-06,SKU00645,Videojuegos,422,8,11,52958499.0,0.018957
2026-07,SKU00645,Videojuegos,357,7,10,48144090.0,0.019608
2026-08,SKU00645,Videojuegos,433,8,10,48144090.0,0.018476
2026-09,SKU00645,Videojuegos,366,8,9,43329681.0,0.021858
2026-04,SKU00171,Televisores,489,0,0,0.0,0.0
2026-05,SKU00171,Televisores,579,0,0,0.0,0.0
2026-06,SKU00171,Televisores,443,0,0,0.0,0.0
2026-07,SKU00171,Televisores,442,0,0,0.0,0.0
2026-08,SKU00171,Televisores,529,0,0,0.0,0.0
2026-09,SKU00171,Televisores,540,0,0,0.0,0.0
2026-04,SKU00253,Computadores,220,4,5,3623975.0,0.018182
2026-05,SKU00253,Computadores,214,4,5,3623975.0,0.018692
2026-06,SKU00253,Computadores,228,5,5,3623975.0,0.02193
2026-07,SKU00253,Computadores,248,3,4,2899180.0,0.012097
2026-08,SKU00253,Computadores,252,3,5,3623975.0,0.011905
2026-09,SKU00253,Computadores,206,3,4,2899180.0,0.014563
2026-04,SKU00045,Videojuegos,128,2,2,0.0,0.015625
2026-05,SKU00045,Videojuegos,120,2,2,0.0,0.016667
2026-06,SKU00045,Videojuegos,122,2,2,0.0,0.016393
2026-07,SKU00045,Videojuegos,147,1,2,0.0,0.006803
2026-08,SKU00045,Videojuegos,120,1,2,0.0,0.008333
2026-09,SKU00045,Videojuegos,151,1,2,0.0,0.006623
2026-04,SKU00808,Computadores,483,8,9,34353396.0,0.016563
2026-05,SKU00808,Computadores,530,8,10,38170440.0,0.015094
2026-06,SKU00808,Computadores,497,9,11,41987484.0,0.018109
2026-07,SKU00808,Computadores,498,6,9,34353396.0,0.012048
2026-08,SKU00808,Computadores,530,8,11,41987484.0,0.015094
2026-09,SKU00808,Computadores,520,7,8,30536352.0,0.013462
2026-04,SKU00280,Videojuegos,285,7,8,13191640.0,0.024561
2026-05,SKU00280,Videojuegos,298,7,10,16489550.0,0.02349
2026-06,SKU00280,Videojuegos,360,9,11,18138505.0,0.025
2026-07,SKU00280,Videojuegos,302,7,8,13191640.0,0.023179
2026-08,SKU00280,Videojuegos,312,7,9,14840595.0,0.022436
2026-09,SKU00280,Videojuegos,292,5,8,13191640.0,0.017123
2026-04,SKU00467,Celulares,336,9,10,11493190.0,0.026786
2026-05,SKU00467,Celulares,268,5,7,8045233.0,0.018657
2026-06,SKU00467,Celulares,339,7,8,9194552.0,0.020649
2026-07,SKU00467,Celulares,262,5,6,6895914.0,0.019084
2026-08,SKU00467,Celulares,289,6,7,8045233.0,0.020761
2026-09,SKU00467,Celulares,316,6,7,8045233.0,0.018987
2026-04,SKU00221,Televisores,299,0,0,0.0,0.0
2026-05,SKU00221,Televisores,250,0,0,0.0,0.0
2026-06,SKU00221,Televisores,283,0,0,0.0,0.0
2026-07,SKU00221,Televisores,238,0,0,0.0,0.0
2026-08,SKU00221,Televisores,269,0,0,0.0,0.0
2026-09,SKU00221,Televisores,255,0,0,0.0,0.0
2026-04,SKU00127,Celulares,160,1,2,1918692.0,0.00625
2026-05,SKU00127,Celulares,121,1,1,959346.0,0.008264
2026-06,SKU00127,Celulares,137,2,2,1918692.0,0.014599
2026-07,SKU00127,Celulares,151,2,2,1918692.0,0.013245
2026-08,SKU00127,Celulares,146,2,2,1918692.0,0.013699
2026-09,SKU00127,Celulares,122,1,1,959346.0,0.008197
2026-04,SKU00035,Videojuegos,350,4,5,0.0,0.011429
2026-05,SKU00035,Videojuegos,400,4,6,0.0,0.01
2026-06,SKU00035,Videojuegos,352,3,4,0.0,0.008523
2026-07,SKU00035,Videojuegos,409,4,6,0.0,0.00978
2026-08,SKU00035,Videojuegos,339,3,4,0.0,0.00885
2026-09,SKU00035,Videojuegos,382,4,5,0.0,0.010471
2026-04,SKU00036,Televisores,390,1,2,0.0,0.002564
2026-05,SKU00036,Televisores,431,2,2,0.0,0.00464
2026-06,SKU00036,Televisores,407,2,2,0.0,0.004914
2026-07,SKU00036,Televisores,353,2,2,0.0,0.005666
2026-08,SKU00036,Televisores,382,1,1,0.0,0.002618
2026-09,SKU00036,Televisores,432,2,2,0.0,0.00463
2026-04,SKU00607,Celulares,552,10,15,4102980.0,0.018116
2026-05,SKU00607,Celulares,478,10,14,3829448.0,0.020921
2026-06,SKU00607,Celulares,471,9,13,3555916.0,0.019108
2026-07,SKU00607,Celulares,493,9,11,3008852.0,0.018256
2026-08,SKU00607,Celulares,614,10,12,3282384.0,0.016287
2026-09,SKU00607,Celulares,610,11,12,3282384.0,0.018033
2026-04,SKU00375,Videojuegos,316,6,9,29207313.0,0.018987
2026-05,SKU00375,Videojuegos,316,8,11,35697827.0,0.025316
2026-06,SKU00375,Videojuegos,243,5,7,22716799.0,0.020576
2026-07,SKU00375,Videojuegos,288,7,9,29207313.0,0.024306
2026-08,SKU00375,Videojuegos,242,5,7,22716799.0,0.020661
2026-09,SKU00375,Videojuegos,257,4,6,19471542.0,0.015564
2026-04,SKU00249,Electrohogar,199,1,2,5260868.0,0.005025
2026-05,SKU00249,Electrohogar,217,2,2,5260868.0,0.009217
2026-06,SKU00249,Electrohogar,201,1,2,5260868.0,0.004975
2026-07,SKU00249,Electrohogar,211,2,2,5260868.0,0.009479
2026-08,SKU00249,Electrohogar,241,2,2,5260868.0,0.008299
2026-09,SKU00249,Electrohogar,266,2,2,5260868.0,0.007519
2026-04,SKU00695,Videojuegos,549,13,17,15238494.0,0.023679
2026-05,SKU00695,Videojuegos,536,12,14,12549348.0,0.022388
2026-06,SKU00695,Videojuegos,494,12,16,14342112.0,0.024291
2026-07,SKU00695,Videojuegos,629,13,17,15238494.0,0.020668
2026-08,SKU00695,Videojuegos,590,10,14,12549348.0,0.016949
2026-09,SKU00695,Videojuegos,532,10,12,10756584.0,0.018797
2026-04,SKU00811,Televisores,147,0,0,0.0,0.0
2026-05,SKU00811,Televisores,156,0,0,0.0,0.0
2026-06,SKU00811,Televisores,157,0,0,0.0,0.0
2026-07,SKU00811,Televisores,129,0,0,0.0,0.0
2026-08,SKU00811,Televisores,140,0,0,0.0,0.0
2026-09,SKU00811,Televisores,139,0,0,0.0,0.0
2026-04,SKU00191,Televisores,591,0,0,0.0,0.0
2026-05,SKU00191,Televisores,506,0,0,0.0,0.0
2026-06,SKU00191,Televisores,580,0,0,0.0,0.0
2026-07,SKU00191,Televisores,637,0,0,0.0,0.0
2026-08,SKU00191,Televisores,636,0,0,0.0,0.0
2026-09,SKU00191,Televisores,522,0,0,0.0,0.0
2026-04,SKU00602,Celulares,213,6,6,15360954.0,0.028169
2026-05,SKU00602,Celulares,185,5,6,15360954.0,0.027027
2026-06,SKU00602,Celulares,169,3,4,10240636.0,0.017751
2026-07,SKU00602,Celulares,173,4,5,12800795.0,0.023121
2026-08,SKU00602,Celulares,219,4,5,12800795.0,0.018265
2026-09,SKU00602,Celulares,220,5,5,12800795.0,0.022727
2026-04,SKU00367,Celulares,408,8,11,47908872.0,0.019608
2026-05,SKU00367,Celulares,419,8,12,52264224.0,0.019093
2026-06,SKU00367,Celulares,475,13,14,60974928.0,0.027368
2026-07,SKU00367,Celulares,430,11,12,52264224.0,0.025581
2026-08,SKU00367,Celulares,382,8,9,39198168.0,0.020942
2026-09,SKU00367,Celulares,507,8,10,43553520.0,0.015779
2026-04,SKU00563,Computadores,524,9,12,17575440.0,0.017176
2026-05,SKU00563,Computadores,673,13,14,20504680.0,0.019316
2026-06,SKU00563,Computadores,515,10,12,17575440.0,0.019417
2026-07,SKU00563,Computadores,656,9,13,19040060.0,0.01372
2026-08,SKU00563,Computadores,543,7,9,13181580.0,0.012891
2026-09,SKU00563,Computadores,518,6,8,11716960.0,0.011583
2026-04,SKU00292,Celulares,580,14,17,72479891.0,0.024138
2026-05,SKU00292,Celulares,490,9,13,55425799.0,0.018367
2026-06,SKU00292,Celulares,505,12,14,59689322.0,0.023762
2026-07,SKU00292,Celulares,537,8,12,51162276.0,0.014898
2026-08,SKU00292,Celulares,561,9,12,51162276.0,0.016043
2026-09,SKU00292,Celulares,577,8,11,46898753.0,0.013865
2026-04,SKU00057,Celulares,416,5,5,9901710.0,0.012019
2026-05,SKU00057,Celulares,530,7,7,13862394.0,0.013208
2026-06,SKU00057,Celulares,518,5,7,13862394.0,0.009653
2026-07,SKU00057,Celulares,485,5,6,11882052.0,0.010309
2026-08,SKU00057,Celulares,401,4,4,7921368.0,0.009975
2026-09,SKU00057,Celulares,451,5,5,9901710.0,0.011086
2026-04,SKU00363,Computadores,367,5,8,16367312.0,0.013624
2026-05,SKU00363,Computadores,339,6,8,16367312.0,0.017699
2026-06,SKU00363,Computadores,304,4,6,12275484.0,0.013158
2026-07,SKU00363,Computadores,385,6,8,16367312.0,0.015584
2026-08,SKU00363,Computadores,308,4,5,10229570.0,0.012987
2026-09,SKU00363,Computadores,401,5,7,14321398.0,0.012469
2026-04,SKU00337,Celulares,482,10,14,31488366.0,0.020747
2026-05,SKU00337,Celulares,507,10,13,29239197.0,0.019724
2026-06,SKU00337,Celulares,469,7,11,24740859.0,0.014925
2026-07,SKU00337,Celulares,478,10,11,24740859.0,0.020921
2026-08,SKU00337,Celulares,496,9,10,22491690.0,0.018145
2026-09,SKU00337,Celulares,428,9,10,22491690.0,0.021028
2026-04,SKU00310,Videojuegos,574,15,18,76045230.0,0.026132
2026-05,SKU00310,Videojuegos,554,15,19,80269965.0,0.027076
2026-06,SKU00310,Videojuegos,508,13,17,71820495.0,0.025591
2026-07,SKU00310,Videojuegos,560,10,15,63371025.0,0.017857
2026-08,SKU00310,Videojuegos,563,13,16,67595760.0,0.023091
2026-09,SKU00310,Videojuegos,563,13,15,63371025.0,0.023091
2026-04,SKU00606,Televisores,203,1,2,7088386.0,0.004926
2026-05,SKU00606,Televisores,263,3,3,10632579.0,0.011407
2026-06,SKU00606,Televisores,204,2,2,7088386.0,0.009804
2026-07,SKU00606,Televisores,225,2,2,7088386.0,0.008889
2026-08,SKU00606,Televisores,253,2,2,7088386.0,0.007905
2026-09,SKU00606,Televisores,258,2,2,7088386.0,0.007752
2026-04,SKU00674,Electrohogar,493,6,7,12411224.0,0.01217
2026-05,SKU00674,Electrohogar,546,5,6,10638192.0,0.009158
2026-06,SKU00674,Electrohogar,498,4,6,10638192.0,0.008032
2026-07,SKU00674,Electrohogar,434,4,5,8865160.0,0.009217
2026-08,SKU00674,Electrohogar,553,3,5,8865160.0,0.005425
2026-09,SKU00674,Electrohogar,526,5,6,10638192.0,0.009506
2026-04,SKU00585,Videojuegos,480,11,13,24111906.0,0.022917
2026-05,SKU00585,Videojuegos,441,9,13,24111906.0,0.020408
2026-06,SKU00585,Videojuegos,419,11,13,24111906.0,0.026253
2026-07,SKU00585,Videojuegos,419,10,11,20402382.0,0.023866
2026-08,SKU00585,Videojuegos,456,8,10,18547620.0,0.017544
2026-09,SKU00585,Videojuegos,402,8,10,18547620.0,0.0199
2026-04,SKU00609,Electrohogar,367,5,5,2403990.0,0.013624
2026-05,SKU00609,Electrohogar,411,4,6,2884788.0,0.009732
2026-06,SKU00609,Electrohogar,366,4,5,2403990.0,0.010929
2026-07,SKU00609,Electrohogar,369,3,4,1923192.0,0.00813
2026-08,SKU00609,Electrohogar,341,4,4,1923192.0,0.01173
2026-09,SKU00609,Electrohogar,379,3,4,1923192.0,0.007916
2026-04,SKU00994,Electrohogar,506,4,6,4529838.0,0.007905
2026-05,SKU00994,Electrohogar,435,3,5,3774865.0,0.006897
2026-06,SKU00994,Electrohogar,510,5,7,5284811.0,0.009804
2026-07,SKU00994,Electrohogar,419,5,5,3774865.0,0.011933
2026-08,SKU00994,Electrohogar,427,4,4,3019892.0,0.009368
2026-09,SKU00994,Electrohogar,490,4,5,3774865.0,0.008163
2026-04,SKU00126,Televisores,578,3,3,4643805.0,0.00519
2026-05,SKU00126,Televisores,550,2,3,4643805.0,0.003636
2026-06,SKU00126,Televisores,679,2,3,4643805.0,0.002946
2026-07,SKU00126,Televisores,569,2,3,4643805.0,0.003515
2026-08,SKU00126,Televisores,656,1,2,3095870.0,0.001524
2026-09,SKU00126,Televisores,516,2,2,3095870.0,0.003876
2026-04,SKU00972,Celulares,331,8,9,6859917.0,0.024169
2026-05,SKU00972,Celulares,278,5,7,5335491.0,0.017986
2026-06,SKU00972,Celulares,324,6,9,6859917.0,0.018519
2026-07,SKU00972,Celulares,335,7,8,6097704.0,0.020896
2026-08,SKU00972,Celulares,254,4,5,3811065.0,0.015748
2026-09,SKU00972,Celulares,281,6,7,5335491.0,0.021352
2026-04,SKU00080,Televisores,573,2,3,1621779.0,0.00349
2026-05,SKU00080,Televisores,469,2,2,1081186.0,0.004264
2026-06,SKU00080,Televisores,532,2,3,1621779.0,0.003759
2026-07,SKU00080,Televisores,589,3,3,1621779.0,0.005093
2026-08,SKU00080,Televisores,522,1,2,1081186.0,0.001916
2026-09,SKU00080,Televisores,541,2,2,1081186.0,0.003697
2026-04,SKU00086,Televisores,378,1,2,4230808.0,0.002646
2026-05,SKU00086,Televisores,385,1,2,4230808.0,0.002597
2026-06,SKU00086,Televisores,324,2,2,4230808.0,0.006173
2026-07,SKU00086,Televisores,396,2,2,4230808.0,0.005051
2026-08,SKU00086,Televisores,380,2,2,4230808.0,0.005263
2026-09,SKU00086,Televisores,379,1,2,4230808.0,0.002639
2026-04,SKU00729,Electrohogar,493,5,6,29695284.0,0.010142
2026-05,SKU00729,Electrohogar,583,6,8,39593712.0,0.010292
2026-06,SKU00729,Electrohogar,540,6,7,34644498.0,0.011111
2026-07,SKU00729,Electrohogar,504,5,6,29695284.0,0.009921
2026-08,SKU00729,Electrohogar,477,4,5,24746070.0,0.008386
2026-09,SKU00729,Electrohogar,516,4,5,24746070.0,0.007752
2026-04,SKU00608,Computadores,367,7,8,39220752.0,0.019074
2026-05,SKU00608,Computadores,390,8,10,49025940.0,0.020513
2026-06,SKU00608,Computadores,315,5,6,29415564.0,0.015873
2026-07,SKU00608,Computadores,335,6,8,39220752.0,0.01791
2026-08,SKU00608,Computadores,352,5,7,34318158.0,0.014205
2026-09,SKU00608,Computadores,297,5,6,29415564.0,0.016835
2026-04,SKU00062,Celulares,150,1,2,9680512.0,0.006667
2026-05,SKU00062,Celulares,160,2,2,9680512.0,0.0125
2026-06,SKU00062,Celulares,168,2,2,9680512.0,0.011905
2026-07,SKU00062,Celulares,144,2,2,9680512.0,0.013889
2026-08,SKU00062,Celulares,174,2,2,9680512.0,0.011494
2026-09,SKU00062,Celulares,137,1,1,4840256.0,0.007299
2026-04,SKU00257,Celulares,246,5,6,13864932.0,0.020325
2026-05,SKU00257,Celulares,238,6,7,16175754.0,0.02521
2026-06,SKU00257,Celulares,234,5,6,13864932.0,0.021368
2026-07,SKU00257,Celulares,231,4,5,11554110.0,0.017316
2026-08,SKU00257,Celulares,255,4,6,13864932.0,0.015686
2026-09,SKU00257,Celulares,263,6,6,13864932.0,0.022814
2026-04,SKU00231,Televisores,440,0,0,0.0,0.0
2026-05,SKU00231,Televisores,348,0,0,0.0,0.0
2026-06,SKU00231,Televisores,455,0,0,0.0,0.0
2026-07,SKU00231,Televisores,409,0,0,0.0,0.0
2026-08,SKU00231,Televisores,353,0,0,0.0,0.0
2026-09,SKU00231,Televisores,411,0,0,0.0,0.0
2026-04,SKU00889,Electrohogar,206,2,3,13923519.0,0.009709
2026-05,SKU00889,Electrohogar,196,3,3,13923519.0,0.015306
2026-06,SKU00889,Electrohogar,210,2,2,9282346.0,0.009524
2026-07,SKU00889,Electrohogar,192,2,2,9282346.0,0.010417
2026-08,SKU00889,Electrohogar,195,2,2,9282346.0,0.010256
2026-09,SKU00889,Electrohogar,186,1,2,9282346.0,0.005376
2026-04,SKU00837,Celulares,132,2,3,1724466.0,0.015152
2026-05,SKU00837,Celulares,142,2,3,1724466.0,0.014085
2026-06,SKU00837,Celulares,126,2,3,1724466.0,0.015873
2026-07,SKU00837,Celulares,136,3,3,1724466.0,0.022059
2026-08,SKU00837,Celulares,110,1,2,1149644.0,0.009091
2026-09,SKU00837,Celulares,129,3,3,1724466.0,0.023256
2026-04,SKU00015,Videojuegos,558,6,7,21585298.0,0.010753
2026-05,SKU00015,Videojuegos,449,4,6,18501684.0,0.008909
2026-06,SKU00015,Videojuegos,462,4,6,18501684.0,0.008658
2026-07,SKU00015,Videojuegos,511,5,6,18501684.0,0.009785
2026-08,SKU00015,Videojuegos,476,4,5,15418070.0,0.008403
2026-09,SKU00015,Videojuegos,463,4,6,18501684.0,0.008639
2026-04,SKU00700,Videojuegos,70,1,2,5450316.0,0.014286
2026-05,SKU00700,Videojuegos,83,3,3,8175474.0,0.036145
2026-06,SKU00700,Videojuegos,88,2,2,5450316.0,0.022727
2026-07,SKU00700,Videojuegos,91,2,3,8175474.0,0.021978
2026-08,SKU00700,Videojuegos,93,1,2,5450316.0,0.010753
2026-09,SKU00700,Videojuegos,89,2,2,5450316.0,0.022472
2026-04,SKU00799,Electrohogar,488,5,6,25013202.0,0.010246
2026-05,SKU00799,Electrohogar,393,3,5,20844335.0,0.007634
2026-06,SKU00799,Electrohogar,495,4,6,25013202.0,0.008081
2026-07,SKU00799,Electrohogar,428,4,5,20844335.0,0.009346
2026-08,SKU00799,Electrohogar,498,4,5,20844335.0,0.008032
2026-09,SKU00799,Electrohogar,405,4,4,16675468.0,0.009877
2026-04,SKU00419,Electrohogar,394,4,5,13380710.0,0.010152
2026-05,SKU00419,Electrohogar,349,4,5,13380710.0,0.011461
2026-06,SKU00419,Electrohogar,318,4,4,10704568.0,0.012579
2026-07,SKU00419,Electrohogar,394,4,4,10704568.0,0.010152
2026-08,SKU00419,Electrohogar,356,3,4,10704568.0,0.008427
2026-09,SKU00419,Electrohogar,369,3,4,10704568.0,0.00813
2026-04,SKU00848,Computadores,211,5,5,6032570.0,0.023697
2026-05,SKU00848,Computadores,209,3,4,4826056.0,0.014354
2026-06,SKU00848,Computadores,181,3,4,4826056.0,0.016575
2026-07,SKU00848,Computadores,228,4,5,6032570.0,0.017544
2026-08,SKU00848,Computadores,242,4,5,6032570.0,0.016529
2026-09,SKU00848,Computadores,225,3,4,4826056.0,0.013333
2026-04,SKU00612,Celulares,332,8,9,2833488.0,0.024096
2026-05,SKU00612,Celulares,298,8,9,2833488.0,0.026846
2026-06,SKU00612,Celulares,345,7,8,2518656.0,0.02029
2026-07,SKU00612,Celulares,334,6,8,2518656.0,0.017964
2026-08,SKU00612,Celulares,300,5,7,2203824.0,0.016667
2026-09,SKU00612,Celulares,317,5,6,1888992.0,0.015773
2026-04,SKU00949,Electrohogar,453,4,5,4566140.0,0.00883
2026-05,SKU00949,Electrohogar,509,5,6,5479368.0,0.009823
2026-06,SKU00949,Electrohogar,459,4,5,4566140.0,0.008715
2026-07,SKU00949,Electrohogar,488,4,5,4566140.0,0.008197
2026-08,SKU00949,Electrohogar,475,3,4,3652912.0,0.006316
2026-09,SKU00949,Electrohogar,481,4,5,4566140.0,0.008316
2026-04,SKU00998,Computadores,611,11,14,20428730.0,0.018003
2026-05,SKU00998,Computadores,571,13,14,20428730.0,0.022767
2026-06,SKU00998,Computadores,661,12,14,20428730.0,0.018154
2026-07,SKU00998,Computadores,617,10,13,18969535.0,0.016207
2026-08,SKU00998,Computadores,591,8,10,14591950.0,0.013536
2026-09,SKU00998,Computadores,510,8,9,13132755.0,0.015686
2026-04,SKU00318,Computadores,383,5,8,25992920.0,0.013055
2026-05,SKU00318,Computadores,423,8,9,29242035.0,0.018913
2026-06,SKU00318,Computadores,405,6,8,25992920.0,0.014815
2026-07,SKU00318,Computadores,343,5,6,19494690.0,0.014577
2026-08,SKU00318,Computadores,345,5,7,22743805.0,0.014493
2026-09,SKU00318,Computadores,359,5,7,22743805.0,0.013928
2026-04,SKU00237,Celulares,222,3,4,10446860.0,0.013514
2026-05,SKU00237,Celulares,234,3,4,10446860.0,0.012821
2026-06,SKU00237,Celulares,207,3,3,7835145.0,0.014493
2026-07,SKU00237,Celulares,226,3,4,10446860.0,0.013274
2026-08,SKU00237,Celulares,232,3,4,10446860.0,0.012931
2026-09,SKU00237,Celulares,220,2,3,7835145.0,0.009091
2026-04,SKU00402,Celulares,409,9,10,27711200.0,0.022005
2026-05,SKU00402,Celulares,460,10,13,36024560.0,0.021739
2026-06,SKU00402,Celulares,465,11,14,38795680.0,0.023656
2026-07,SKU00402,Celulares,364,7,8,22168960.0,0.019231
2026-08,SKU00402,Celulares,439,8,9,24940080.0,0.018223
2026-09,SKU00402,Celulares,453,10,11,30482320.0,0.022075
2026-04,SKU00531,Televisores,274,0,0,0.0,0.0
2026-05,SKU00531,Televisores,287,0,0,0.0,0.0
2026-06,SKU00531,Televisores,315,0,0,0.0,0.0
2026-07,SKU00531,Televisores,319,0,0,0.0,0.0
2026-08,SKU00531,Televisores,288,0,0,0.0,0.0
2026-09,SKU00531,Televisores,317,0,0,0.0,0.0
2026-04,SKU00751,Televisores,414,0,0,0.0,0.0
2026-05,SKU00751,Televisores,328,0,0,0.0,0.0
2026-06,SKU00751,Televisores,322,0,0,0.0,0.0
2026-07,SKU00751,Televisores,425,0,0,0.0,0.0
2026-08,SKU00751,Televisores,323,0,0,0.0,0.0
2026-09,SKU00751,Televisores,376,0,0,0.0,0.0
2026-04,SKU00357,Celulares,331,6,9,9956934.0,0.018127
2026-05,SKU00357,Celulares,335,7,10,11063260.0,0.020896
2026-06,SKU00357,Celulares,324,7,9,9956934.0,0.021605
2026-07,SKU00357,Celulares,351,7,10,11063260.0,0.019943
2026-08,SKU00357,Celulares,313,4,6,6637956.0,0.01278
2026-09,SKU00357,Celulares,320,7,8,8850608.0,0.021875
2026-04,SKU00307,Celulares,348,8,10,35065400.0,0.022989
2026-05,SKU00307,Celulares,333,7,9,31558860.0,0.021021
2026-06,SKU00307,Celulares,335,7,10,35065400.0,0.020896
2026-07,SKU00307,Celulares,280,5,7,24545780.0,0.017857
2026-08,SKU00307,Celulares,279,5,6,21039240.0,0.017921
2026-09,SKU00307,Celulares,303,5,7,24545780.0,0.016502
2026-04,SKU00193,Computadores,290,5,5,5327415.0,0.017241
2026-05,SKU00193,Computadores,293,5,6,6392898.0,0.017065
2026-06,SKU00193,Computadores,368,5,6,6392898.0,0.013587
2026-07,SKU00193,Computadores,320,4,5,5327415.0,0.0125
2026-08,SKU00193,Computadores,297,4,5,5327415.0,0.013468
2026-09,SKU00193,Computadores,387,4,5,5327415.0,0.010336
2026-04,SKU00565,Videojuegos,236,5,7,20175106.0,0.021186
2026-05,SKU00565,Videojuegos,222,4,6,17292948.0,0.018018
2026-06,SKU00565,Videojuegos,232,5,6,17292948.0,0.021552
2026-07,SKU00565,Videojuegos,245,7,8,23057264.0,0.028571
2026-08,SKU00565,Videojuegos,278,5,6,17292948.0,0.017986
2026-09,SKU00565,Videojuegos,239,6,7,20175106.0,0.025105
2026-04,SKU00814,Electrohogar,374,4,5,2107935.0,0.010695
2026-05,SKU00814,Electrohogar,370,4,5,2107935.0,0.010811
2026-06,SKU00814,Electrohogar,332,4,4,1686348.0,0.012048
2026-07,SKU00814,Electrohogar,360,4,4,1686348.0,0.011111
2026-08,SKU00814,Electrohogar,323,3,3,1264761.0,0.009288
2026-09,SKU00814,Electrohogar,298,3,3,1264761.0,0.010067
2026-04,SKU00801,Televisores,286,0,0,0.0,0.0
2026-05,SKU00801,Televisores,260,0,0,0.0,0.0
2026-06,SKU00801,Televisores,229,0,0,0.0,0.0
2026-07,SKU00801,Televisores,228,0,0,0.0,0.0
2026-08,SKU00801,Televisores,269,0,0,0.0,0.0
2026-09,SKU00801,Televisores,218,0,0,0.0,0.0
2026-04,SKU00186,Televisores,360,1,2,2019136.0,0.002778
2026-05,SKU00186,Televisores,387,3,3,3028704.0,0.007752
2026-06,SKU00186,Televisores,470,2,3,3028704.0,0.004255
2026-07,SKU00186,Televisores,406,2,3,3028704.0,0.004926
2026-08,SKU00186,Televisores,371,2,2,2019136.0,0.005391
2026-09,SKU00186,Televisores,364,1,2,2019136.0,0.002747
2026-04,SKU00386,Televisores,147,1,1,4969625.0,0.006803
2026-05,SKU00386,Televisores,162,1,2,9939250.0,0.006173
2026-06,SKU00386,Televisores,173,2,2,9939250.0,0.011561
2026-07,SKU00386,Televisores,132,1,1,4969625.0,0.007576
2026-08,SKU00386,Televisores,165,2,2,9939250.0,0.012121
2026-09,SKU00386,Televisores,144,1,1,4969625.0,0.006944
2026-04,SKU00576,Televisores,525,4,4,17479864.0,0.007619
2026-05,SKU00576,Televisores,412,3,4,17479864.0,0.007282
2026-06,SKU00576,Televisores,447,3,4,17479864.0,0.006711
2026-07,SKU00576,Televisores,421,3,4,17479864.0,0.007126
2026-08,SKU00576,Televisores,422,4,4,17479864.0,0.009479
2026-09,SKU00576,Televisores,412,3,3,13109898.0,0.007282
2026-04,SKU00854,Electrohogar,307,3,3,9812271.0,0.009772
2026-05,SKU00854,Electrohogar,373,5,5,16353785.0,0.013405
2026-06,SKU00854,Electrohogar,388,4,5,16353785.0,0.010309
2026-07,SKU00854,Electrohogar,316,2,3,9812271.0,0.006329
2026-08,SKU00854,Electrohogar,360,3,4,13083028.0,0.008333
2026-09,SKU00854,Electrohogar,300,2,3,9812271.0,0.006667
2026-04,SKU00416,Televisores,169,2,2,8493008.0,0.011834
2026-05,SKU00416,Televisores,156,1,1,4246504.0,0.00641
2026-06,SKU00416,Televisores,153,1,1,4246504.0,0.006536
2026-07,SKU00416,Televisores,147,1,1,4246504.0,0.006803
2026-08,SKU00416,Televisores,138,1,1,4246504.0,0.007246
2026-09,SKU00416,Televisores,166,1,1,4246504.0,0.006024
2026-04,SKU00334,Electrohogar,564,4,6,20302374.0,0.007092
2026-05,SKU00334,Electrohogar,579,5,6,20302374.0,0.008636
2026-06,SKU00334,Electrohogar,629,6,8,27069832.0,0.009539
2026-07,SKU00334,Electrohogar,577,5,6,20302374.0,0.008666
2026-08,SKU00334,Electrohogar,498,3,5,16918645.0,0.006024
2026-09,SKU00334,Electrohogar,572,4,5,16918645.0,0.006993
2026-04,SKU00207,Celulares,533,6,9,21307572.0,0.011257
2026-05,SKU00207,Celulares,458,8,10,23675080.0,0.017467
2026-06,SKU00207,Celulares,516,7,9,21307572.0,0.013566
2026-07,SKU00207,Celulares,552,9,10,23675080.0,0.016304
2026-08,SKU00207,Celulares,439,5,8,18940064.0,0.01139
2026-09,SKU00207,Celulares,473,5,7,16572556.0,0.010571
2026-04,SKU00850,Videojuegos,268,5,7,10522386.0,0.018657
2026-05,SKU00850,Videojuegos,253,7,8,12025584.0,0.027668
2026-06,SKU00850,Videojuegos,222,7,7,10522386.0,0.031532
2026-07,SKU00850,Videojuegos,214,4,6,9019188.0,0.018692
2026-08,SKU00850,Videojuegos,231,5,6,9019188.0,0.021645
2026-09,SKU00850,Videojuegos,250,5,7,10522386.0,0.02
2026-04,SKU00225,Videojuegos,607,10,12,6088764.0,0.016474
2026-05,SKU00225,Videojuegos,480,11,13,6596161.0,0.022917
2026-06,SKU00225,Videojuegos,507,10,12,6088764.0,0.019724
2026-07,SKU00225,Videojuegos,556,8,11,5581367.0,0.014388
2026-08,SKU00225,Videojuegos,559,8,12,6088764.0,0.014311
2026-09,SKU00225,Videojuegos,504,8,11,5581367.0,0.015873
2026-04,SKU00037,Celulares,473,6,7,0.0,0.012685
2026-05,SKU00037,Celulares,492,6,7,0.0,0.012195
2026-06,SKU00037,Celulares,441,3,5,0.0,0.006803
2026-07,SKU00037,Celulares,516,4,5,0.0,0.007752
2026-08,SKU00037,Celulares,474,4,6,0.0,0.008439
2026-09,SKU00037,Celulares,454,4,5,0.0,0.008811
2026-04,SKU00100,Televisores,603,2,3,2843646.0,0.003317
2026-05,SKU00100,Televisores,598,2,3,2843646.0,0.003344
2026-06,SKU00100,Televisores,509,1,2,1895764.0,0.001965
2026-07,SKU00100,Televisores,575,2,3,2843646.0,0.003478
2026-08,SKU00100,Televisores,515,2,2,1895764.0,0.003883
2026-09,SKU00100,Televisores,556,3,3,2843646.0,0.005396
2026-04,SKU00214,Electrohogar,419,2,3,12059988.0,0.004773
2026-05,SKU00214,Electrohogar,366,2,3,12059988.0,0.005464
2026-06,SKU00214,Electrohogar,360,2,3,12059988.0,0.005556
2026-07,SKU00214,Electrohogar,399,2,3,12059988.0,0.005013
2026-08,SKU00214,Electrohogar,333,3,3,12059988.0,0.009009
2026-09,SKU00214,Electrohogar,380,2,3,12059988.0,0.005263
2026-04,SKU00136,Televisores,189,1,1,2530135.0,0.005291
2026-05,SKU00136,Televisores,215,1,1,2530135.0,0.004651
2026-06,SKU00136,Televisores,188,1,1,2530135.0,0.005319
2026-07,SKU00136,Televisores,185,1,1,2530135.0,0.005405
2026-08,SKU00136,Televisores,190,1,1,2530135.0,0.005263
2026-09,SKU00136,Televisores,221,1,1,2530135.0,0.004525
2026-04,SKU00771,Televisores,524,0,0,0.0,0.0
2026-05,SKU00771,Televisores,525,0,0,0.0,0.0
2026-06,SKU00771,Televisores,566,0,0,0.0,0.0
2026-07,SKU00771,Televisores,558,0,0,0.0,0.0
2026-08,SKU00771,Televisores,458,0,0,0.0,0.0
2026-09,SKU00771,Televisores,479,0,0,0.0,0.0
2026-04,SKU00478,Computadores,461,8,9,28475568.0,0.017354
2026-05,SKU00478,Computadores,424,8,10,31639520.0,0.018868
2026-06,SKU00478,Computadores,479,8,9,28475568.0,0.016701
2026-07,SKU00478,Computadores,484,7,9,28475568.0,0.014463
2026-08,SKU00478,Computadores,510,7,9,28475568.0,0.013725
2026-09,SKU00478,Computadores,507,9,10,31639520.0,0.017751
2026-04,SKU00107,Electrohogar,523,3,3,11269152.0,0.005736
2026-05,SKU00107,Electrohogar,483,2,3,11269152.0,0.004141
2026-06,SKU00107,Electrohogar,450,2,2,7512768.0,0.004444
2026-07,SKU00107,Electrohogar,515,3,3,11269152.0,0.005825
2026-08,SKU00107,Electrohogar,509,2,3,11269152.0,0.003929
2026-09,SKU00107,Electrohogar,515,1,2,7512768.0,0.001942
2026-04,SKU00754,Electrohogar,532,6,7,22497489.0,0.011278
2026-05,SKU00754,Electrohogar,517,4,5,16069635.0,0.007737
2026-06,SKU00754,Electrohogar,509,6,7,22497489.0,0.011788
2026-07,SKU00754,Electrohogar,485,4,6,19283562.0,0.008247
2026-08,SKU00754,Electrohogar,455,4,5,16069635.0,0.008791
2026-09,SKU00754,Electrohogar,523,5,6,19283562.0,0.00956
2026-04,SKU00279,Electrohogar,396,5,5,19409010.0,0.012626
2026-05,SKU00279,Electrohogar,408,4,5,19409010.0,0.009804
2026-06,SKU00279,Electrohogar,339,4,4,15527208.0,0.011799
2026-07,SKU00279,Electrohogar,349,2,3,11645406.0,0.005731
2026-08,SKU00279,Electrohogar,374,3,4,15527208.0,0.008021
2026-09,SKU00279,Electrohogar,321,2,3,11645406.0,0.006231
2026-04,SKU00110,Electrohogar,211,1,1,4936444.0,0.004739
2026-05,SKU00110,Electrohogar,253,1,1,4936444.0,0.003953
2026-06,SKU00110,Electrohogar,205,1,1,4936444.0,0.004878
2026-07,SKU00110,Electrohogar,244,1,1,4936444.0,0.004098
2026-08,SKU00110,Electrohogar,246,1,1,4936444.0,0.004065
2026-09,SKU00110,Electrohogar,221,1,1,4936444.0,0.004525
2026-04,SKU00215,Videojuegos,504,8,11,39813224.0,0.015873
2026-05,SKU00215,Videojuegos,434,7,9,32574456.0,0.016129
2026-06,SKU00215,Videojuegos,559,12,13,47051992.0,0.021467
2026-07,SKU00215,Videojuegos,548,10,12,43432608.0,0.018248
2026-08,SKU00215,Videojuegos,521,10,12,43432608.0,0.019194
2026-09,SKU00215,Videojuegos,532,10,11,39813224.0,0.018797
2026-04,SKU00732,Celulares,578,15,17,72053548.0,0.025952
2026-05,SKU00732,Celulares,546,10,13,55099772.0,0.018315
2026-06,SKU00732,Celulares,596,12,14,59338216.0,0.020134
2026-07,SKU00732,Celulares,598,11,14,59338216.0,0.018395
2026-08,SKU00732,Celulares,554,9,13,55099772.0,0.016245
2026-09,SKU00732,Celulares,513,10,11,46622884.0,0.019493
2026-04,SKU00374,Electrohogar,375,4,5,24801970.0,0.010667
2026-05,SKU00374,Electrohogar,411,4,6,29762364.0,0.009732
2026-06,SKU00374,Electrohogar,487,6,6,29762364.0,0.01232
2026-07,SKU00374,Electrohogar,429,3,4,19841576.0,0.006993
2026-08,SKU00374,Electrohogar,478,4,5,24801970.0,0.008368
2026-09,SKU00374,Electrohogar,397,3,4,19841576.0,0.007557
2026-04,SKU00671,Televisores,167,0,0,0.0,0.0
2026-05,SKU00671,Televisores,188,0,0,0.0,0.0
2026-06,SKU00671,Televisores,214,0,0,0.0,0.0
2026-07,SKU00671,Televisores,178,0,0,0.0,0.0
2026-08,SKU00671,Televisores,193,0,0,0.0,0.0
2026-09,SKU00671,Televisores,203,0,0,0.0,0.0
2026-04,SKU00139,Electrohogar,182,1,1,3456405.0,0.005495
2026-05,SKU00139,Electrohogar,213,1,1,3456405.0,0.004695
2026-06,SKU00139,Electrohogar,222,1,1,3456405.0,0.004505
2026-07,SKU00139,Electrohogar,223,1,1,3456405.0,0.004484
2026-08,SKU00139,Electrohogar,180,1,1,3456405.0,0.005556
2026-09,SKU00139,Electrohogar,199,1,1,3456405.0,0.005025
2026-04,SKU00490,Videojuegos,321,8,10,13042610.0,0.024922
2026-05,SKU00490,Videojuegos,334,7,10,13042610.0,0.020958
2026-06,SKU00490,Videojuegos,370,9,10,13042610.0,0.024324
2026-07,SKU00490,Videojuegos,325,6,8,10434088.0,0.018462
2026-08,SKU00490,Videojuegos,356,6,9,11738349.0,0.016854
2026-09,SKU00490,Videojuegos,324,6,8,10434088.0,0.018519
2026-04,SKU00864,Electrohogar,427,5,6,22514706.0,0.01171
2026-05,SKU00864,Electrohogar,466,4,5,18762255.0,0.008584
2026-06,SKU00864,Electrohogar,418,4,5,18762255.0,0.009569
2026-07,SKU00864,Electrohogar,474,4,5,18762255.0,0.008439
2026-08,SKU00864,Electrohogar,434,3,5,18762255.0,0.006912
2026-09,SKU00864,Electrohogar,413,3,4,15009804.0,0.007264
2026-04,SKU00507,Celulares,337,7,9,27047682.0,0.020772
2026-05,SKU00507,Celulares,323,7,8,24042384.0,0.021672
2026-06,SKU00507,Celulares,384,6,9,27047682.0,0.015625
2026-07,SKU00507,Celulares,301,8,8,24042384.0,0.026578
2026-08,SKU00507,Celulares,309,6,7,21037086.0,0.019417
2026-09,SKU00507,Celulares,306,5,7,21037086.0,0.01634
2026-04,SKU00925,Videojuegos,626,12,18,56075418.0,0.019169
2026-05,SKU00925,Videojuegos,598,17,18,56075418.0,0.028428
2026-06,SKU00925,Videojuegos,642,19,20,62306020.0,0.029595
2026-07,SKU00925,Videojuegos,565,12,16,49844816.0,0.021239
2026-08,SKU00925,Videojuegos,649,11,15,46729515.0,0.016949
2026-09,SKU00925,Videojuegos,546,12,14,43614214.0,0.021978
2026-04,SKU00520,Videojuegos,450,12,13,20329114.0,0.026667
2026-05,SKU00520,Videojuegos,464,14,15,23456670.0,0.030172
2026-06,SKU00520,Videojuegos,471,9,13,20329114.0,0.019108
2026-07,SKU00520,Videojuegos,517,14,15,23456670.0,0.027079
2026-08,SKU00520,Videojuegos,513,8,12,18765336.0,0.015595
2026-09,SKU00520,Videojuegos,426,8,9,14074002.0,0.018779
2026-04,SKU00109,Electrohogar,115,1,1,1300357.0,0.008696
2026-05,SKU00109,Electrohogar,118,1,1,1300357.0,0.008475
2026-06,SKU00109,Electrohogar,141,1,1,1300357.0,0.007092
2026-07,SKU00109,Electrohogar,124,1,1,1300357.0,0.008065
2026-08,SKU00109,Electrohogar,120,1,1,1300357.0,0.008333
2026-09,SKU00109,Electrohogar,141,1,1,1300357.0,0.007092
2026-04,SKU00810,Videojuegos,561,18,19,67620240.0,0.032086
2026-05,SKU00810,Videojuegos,575,15,16,56943360.0,0.026087
2026-06,SKU00810,Videojuegos,573,13,17,60502320.0,0.022688
2026-07,SKU00810,Videojuegos,609,15,19,67620240.0,0.024631
2026-08,SKU00810,Videojuegos,590,15,16,56943360.0,0.025424
2026-09,SKU00810,Videojuegos,563,9,13,46266480.0,0.015986
2026-04,SKU00760,Videojuegos,379,8,11,26421329.0,0.021108
2026-05,SKU00760,Videojuegos,335,10,11,26421329.0,0.029851
2026-06,SKU00760,Videojuegos,376,7,11,26421329.0,0.018617
2026-07,SKU00760,Videojuegos,445,11,14,33627146.0,0.024719
2026-08,SKU00760,Videojuegos,336,7,9,21617451.0,0.020833
2026-09,SKU00760,Videojuegos,363,6,8,19215512.0,0.016529
2026-04,SKU00863,Computadores,558,9,12,37529508.0,0.016129
2026-05,SKU00863,Computadores,533,11,12,37529508.0,0.020638
2026-06,SKU00863,Computadores,459,8,9,28147131.0,0.017429
2026-07,SKU00863,Computadores,503,9,11,34402049.0,0.017893
2026-08,SKU00863,Computadores,530,8,10,31274590.0,0.015094
2026-09,SKU00863,Computadores,505,6,9,28147131.0,0.011881
2026-04,SKU00299,Electrohogar,135,2,2,8286400.0,0.014815
2026-05,SKU00299,Electrohogar,155,2,2,8286400.0,0.012903
2026-06,SKU00299,Electrohogar,135,1,1,4143200.0,0.007407
2026-07,SKU00299,Electrohogar,151,1,2,8286400.0,0.006623
2026-08,SKU00299,Electrohogar,139,2,2,8286400.0,0.014388
2026-09,SKU00299,Electrohogar,137,1,1,4143200.0,0.007299
2026-04,SKU00166,Televisores,419,2,2,5651268.0,0.004773
2026-05,SKU00166,Televisores,413,1,2,5651268.0,0.002421
2026-06,SKU00166,Televisores,375,1,2,5651268.0,0.002667
2026-07,SKU00166,Televisores,399,2,2,5651268.0,0.005013
2026-08,SKU00166,Televisores,388,1,2,5651268.0,0.002577
2026-09,SKU00166,Televisores,414,1,1,2825634.0,0.002415
2026-04,SKU00681,Televisores,322,0,0,0.0,0.0
2026-05,SKU00681,Televisores,383,0,0,0.0,0.0
2026-06,SKU00681,Televisores,293,0,0,0.0,0.0
2026-07,SKU00681,Televisores,322,0,0,0.0,0.0
2026-08,SKU00681,Televisores,299,0,0,0.0,0.0
2026-09,SKU00681,Televisores,338,0,0,0.0,0.0
2026-04,SKU00252,Celulares,350,9,10,42482640.0,0.025714
2026-05,SKU00252,Celulares,352,7,8,33986112.0,0.019886
2026-06,SKU00252,Celulares,364,6,8,33986112.0,0.016484
2026-07,SKU00252,Celulares,341,6,9,38234376.0,0.017595
2026-08,SKU00252,Celulares,332,6,8,33986112.0,0.018072
2026-09,SKU00252,Celulares,396,5,8,33986112.0,0.012626
2026-04,SKU00030,Videojuegos,240,3,4,19036388.0,0.0125
2026-05,SKU00030,Videojuegos,274,3,4,19036388.0,0.010949
2026-06,SKU00030,Videojuegos,230,2,3,14277291.0,0.008696
2026-07,SKU00030,Videojuegos,212,2,3,14277291.0,0.009434
2026-08,SKU00030,Videojuegos,245,2,3,14277291.0,0.008163
2026-09,SKU00030,Videojuegos,269,3,4,19036388.0,0.011152
2026-04,SKU00859,Electrohogar,446,5,5,9680615.0,0.011211
2026-05,SKU00859,Electrohogar,463,4,6,11616738.0,0.008639
2026-06,SKU00859,Electrohogar,493,4,5,9680615.0,0.008114
2026-07,SKU00859,Electrohogar,444,4,5,9680615.0,0.009009
2026-08,SKU00859,Electrohogar,512,5,6,11616738.0,0.009766
2026-09,SKU00859,Electrohogar,405,3,4,7744492.0,0.007407
2026-04,SKU00672,Celulares,353,8,9,43687521.0,0.022663
2026-05,SKU00672,Celulares,349,9,10,48541690.0,0.025788
2026-06,SKU00672,Celulares,361,8,9,43687521.0,0.022161
2026-07,SKU00672,Celulares,330,7,7,33979183.0,0.021212
2026-08,SKU00672,Celulares,382,7,8,38833352.0,0.018325
2026-09,SKU00672,Celulares,376,5,7,33979183.0,0.013298
2026-04,SKU00069,Electrohogar,520,2,3,4936761.0,0.003846
2026-05,SKU00069,Electrohogar,434,2,3,4936761.0,0.004608
2026-06,SKU00069,Electrohogar,554,2,3,4936761.0,0.00361
2026-07,SKU00069,Electrohogar,438,2,2,3291174.0,0.004566
2026-08,SKU00069,Electrohogar,522,3,3,4936761.0,0.005747
2026-09,SKU00069,Electrohogar,462,2,2,3291174.0,0.004329
2026-04,SKU00745,Videojuegos,129,3,4,9418768.0,0.023256
2026-05,SKU00745,Videojuegos,171,5,6,14128152.0,0.02924
2026-06,SKU00745,Videojuegos,158,3,4,9418768.0,0.018987
2026-07,SKU00745,Videojuegos,169,4,5,11773460.0,0.023669
2026-08,SKU00745,Videojuegos,131,3,4,9418768.0,0.022901
2026-09,SKU00745,Videojuegos,162,3,4,9418768.0,0.018519
2026-04,SKU00809,Electrohogar,342,3,4,13648784.0,0.008772
2026-05,SKU00809,Electrohogar,303,2,3,10236588.0,0.006601
2026-06,SKU00809,Electrohogar,278,2,3,10236588.0,0.007194
2026-07,SKU00809,Electrohogar,323,2,3,10236588.0,0.006192
2026-08,SKU00809,Electrohogar,313,2,3,10236588.0,0.00639
2026-09,SKU00809,Electrohogar,315,3,4,13648784.0,0.009524
2026-04,SKU00641,Televisores,267,0,0,0.0,0.0
2026-05,SKU00641,Televisores,266,0,0,0.0,0.0
2026-06,SKU00641,Televisores,295,0,0,0.0,0.0
2026-07,SKU00641,Televisores,291,0,0,0.0,0.0
2026-08,SKU00641,Televisores,289,0,0,0.0,0.0
2026-09,SKU00641,Televisores,267,0,0,0.0,0.0
2026-04,SKU00872,Celulares,325,8,8,23942824.0,0.024615
2026-05,SKU00872,Celulares,289,5,7,20949971.0,0.017301
2026-06,SKU00872,Celulares,290,6,7,20949971.0,0.02069
2026-07,SKU00872,Celulares,289,6,8,23942824.0,0.020761
2026-08,SKU00872,Celulares,321,7,8,23942824.0,0.021807
2026-09,SKU00872,Celulares,372,7,9,26935677.0,0.018817
2026-04,SKU00743,Computadores,209,3,5,527340.0,0.014354
2026-05,SKU00743,Computadores,221,4,6,632808.0,0.0181
2026-06,SKU00743,Computadores,220,3,4,421872.0,0.013636
2026-07,SKU00743,Computadores,242,3,4,421872.0,0.012397
2026-08,SKU00743,Computadores,225,3,4,421872.0,0.013333
2026-09,SKU00743,Computadores,266,4,5,527340.0,0.015038
2026-04,SKU00603,Computadores,182,3,4,17303164.0,0.016484
2026-05,SKU00603,Computadores,181,3,4,17303164.0,0.016575
2026-06,SKU00603,Computadores,191,4,4,17303164.0,0.020942
2026-07,SKU00603,Computadores,172,4,4,17303164.0,0.023256
2026-08,SKU00603,Computadores,162,2,3,12977373.0,0.012346
2026-09,SKU00603,Computadores,151,2,3,12977373.0,0.013245
2026-04,SKU00415,Videojuegos,394,9,11,35633521.0,0.022843
2026-05,SKU00415,Videojuegos,371,8,12,38872932.0,0.021563
2026-06,SKU00415,Videojuegos,412,13,14,45351754.0,0.031553
2026-07,SKU00415,Videojuegos,421,8,12,38872932.0,0.019002
2026-08,SKU00415,Videojuegos,383,8,11,35633521.0,0.020888
2026-09,SKU00415,Videojuegos,372,8,9,29154699.0,0.021505
2026-04,SKU00049,Electrohogar,453,2,3,0.0,0.004415
2026-05,SKU00049,Electrohogar,516,2,3,0.0,0.003876
2026-06,SKU00049,Electrohogar,443,2,2,0.0,0.004515
2026-07,SKU00049,Electrohogar,496,2,3,0.0,0.004032
2026-08,SKU00049,Electrohogar,450,2,2,0.0,0.004444
2026-09,SKU00049,Electrohogar,515,2,3,0.0,0.003883
2026-04,SKU00840,Videojuegos,491,10,14,58185246.0,0.020367
2026-05,SKU00840,Videojuegos,517,10,14,58185246.0,0.019342
2026-06,SKU00840,Videojuegos,576,17,18,74809602.0,0.029514
2026-07,SKU00840,Videojuegos,494,8,12,49873068.0,0.016194
2026-08,SKU00840,Videojuegos,551,10,13,54029157.0,0.018149
2026-09,SKU00840,Videojuegos,541,10,15,62341335.0,0.018484
2026-04,SKU00618,Computadores,124,2,3,12188598.0,0.016129
2026-05,SKU00618,Computadores,148,2,3,12188598.0,0.013514
2026-06,SKU00618,Computadores,147,2,3,12188598.0,0.013605
2026-07,SKU00618,Computadores,128,2,3,12188598.0,0.015625
2026-08,SKU00618,Computadores,136,2,3,12188598.0,0.014706
2026-09,SKU00618,Computadores,139,3,3,12188598.0,0.021583
2026-04,SKU00669,Electrohogar,94,1,1,736777.0,0.010638
2026-05,SKU00669,Electrohogar,90,1,1,736777.0,0.011111
2026-06,SKU00669,Electrohogar,103,1,1,736777.0,0.009709
2026-07,SKU00669,Electrohogar,111,1,1,736777.0,0.009009
2026-08,SKU00669,Electrohogar,102,1,1,736777.0,0.009804
2026-09,SKU00669,Electrohogar,86,1,1,736777.0,0.011628
2026-04,SKU00551,Televisores,436,0,0,0.0,0.0
2026-05,SKU00551,Televisores,417,0,0,0.0,0.0
2026-06,SKU00551,Televisores,479,0,0,0.0,0.0
2026-07,SKU00551,Televisores,469,0,0,0.0,0.0
2026-08,SKU00551,Televisores,439,0,0,0.0,0.0
2026-09,SKU00551,Televisores,459,0,0,0.0,0.0
2026-04,SKU00365,Videojuegos,420,11,12,42975276.0,0.02619
2026-05,SKU00365,Videojuegos,503,9,14,50137822.0,0.017893
2026-06,SKU00365,Videojuegos,408,11,12,42975276.0,0.026961
2026-07,SKU00365,Videojuegos,504,15,16,57300368.0,0.029762
2026-08,SKU00365,Videojuegos,403,8,10,35812730.0,0.019851
2026-09,SKU00365,Videojuegos,392,9,11,39394003.0,0.022959
2026-04,SKU00409,Electrohogar,304,3,4,16528684.0,0.009868
2026-05,SKU00409,Electrohogar,294,3,4,16528684.0,0.010204
2026-06,SKU00409,Electrohogar,277,2,3,12396513.0,0.00722
2026-07,SKU00409,Electrohogar,329,2,3,12396513.0,0.006079
2026-08,SKU00409,Electrohogar,329,4,4,16528684.0,0.012158
2026-09,SKU00409,Electrohogar,305,3,3,12396513.0,0.009836
2026-04,SKU00706,Televisores,227,2,2,6494712.0,0.008811
2026-05,SKU00706,Televisores,213,2,2,6494712.0,0.00939
2026-06,SKU00706,Televisores,257,3,3,9742068.0,0.011673
2026-07,SKU00706,Televisores,234,2,2,6494712.0,0.008547
2026-08,SKU00706,Televisores,272,3,3,9742068.0,0.011029
2026-09,SKU00706,Televisores,224,1,2,6494712.0,0.004464
2026-04,SKU00737,Celulares,230,6,7,3798760.0,0.026087
2026-05,SKU00737,Celulares,277,7,8,4341440.0,0.025271
2026-06,SKU00737,Celulares,247,3,5,2713400.0,0.012146
2026-07,SKU00737,Celulares,291,5,6,3256080.0,0.017182
2026-08,SKU00737,Celulares,266,4,6,3256080.0,0.015038
2026-09,SKU00737,Celulares,259,4,6,3256080.0,0.015444
2026-04,SKU00088,Televisores,267,1,1,4791467.0,0.003745
2026-05,SKU00088,Televisores,289,1,1,4791467.0,0.00346
2026-06,SKU00088,Televisores,356,1,2,9582934.0,0.002809
2026-07,SKU00088,Televisores,350,2,2,9582934.0,0.005714
2026-08,SKU00088,Televisores,310,1,1,4791467.0,0.003226
2026-09,SKU00088,Televisores,287,1,1,4791467.0,0.003484
2026-04,SKU00235,Videojuegos,499,10,11,21375200.0,0.02004
2026-05,SKU00235,Videojuegos,479,9,11,21375200.0,0.018789
2026-06,SKU00235,Videojuegos,497,6,9,17488800.0,0.012072
2026-07,SKU00235,Videojuegos,462,10,11,21375200.0,0.021645
2026-08,SKU00235,Videojuegos,433,9,9,17488800.0,0.020785
2026-09,SKU00235,Videojuegos,404,6,7,13602400.0,0.014851
2026-04,SKU00449,Electrohogar,117,1,1,4446205.0,0.008547
2026-05,SKU00449,Electrohogar,140,1,2,8892410.0,0.007143
2026-06,SKU00449,Electrohogar,121,2,2,8892410.0,0.016529
2026-07,SKU00449,Electrohogar,145,2,2,8892410.0,0.013793
2026-08,SKU00449,Electrohogar,114,1,1,4446205.0,0.008772
2026-09,SKU00449,Electrohogar,133,1,1,4446205.0,0.007519
2026-04,SKU00131,Televisores,469,0,0,0.0,0.0
2026-05,SKU00131,Televisores,495,0,0,0.0,0.0
2026-06,SKU00131,Televisores,475,0,0,0.0,0.0
2026-07,SKU00131,Televisores,540,0,0,0.0,0.0
2026-08,SKU00131,Televisores,427,0,0,0.0,0.0
2026-09,SKU00131,Televisores,462,0,0,0.0,0.0
2026-04,SKU00673,Computadores,234,4,5,14012250.0,0.017094
2026-05,SKU00673,Computadores,273,5,6,16814700.0,0.018315
2026-06,SKU00673,Computadores,217,4,5,14012250.0,0.018433
2026-07,SKU00673,Computadores,258,4,5,14012250.0,0.015504
2026-08,SKU00673,Computadores,262,4,5,14012250.0,0.015267
2026-09,SKU00673,Computadores,215,3,4,11209800.0,0.013953
2026-04,SKU00559,Electrohogar,289,2,3,8857953.0,0.00692
2026-05,SKU00559,Electrohogar,370,4,5,14763255.0,0.010811
2026-06,SKU00559,Electrohogar,310,3,4,11810604.0,0.009677
2026-07,SKU00559,Electrohogar,333,3,4,11810604.0,0.009009
2026-08,SKU00559,Electrohogar,377,3,4,11810604.0,0.007958
2026-09,SKU00559,Electrohogar,371,2,3,8857953.0,0.005391
2026-04,SKU00268,Computadores,142,3,3,4870668.0,0.021127
2026-05,SKU00268,Computadores,142,3,4,6494224.0,0.021127
2026-06,SKU00268,Computadores,153,2,3,4870668.0,0.013072
2026-07,SKU00268,Computadores,122,2,3,4870668.0,0.016393
2026-08,SKU00268,Computadores,143,3,3,4870668.0,0.020979
2026-09,SKU00268,Computadores,122,2,2,3247112.0,0.016393
2026-04,SKU00817,Celulares,101,2,2,8667724.0,0.019802
2026-05,SKU00817,Celulares,111,2,3,13001586.0,0.018018
2026-06,SKU00817,Celulares,117,2,3,13001586.0,0.017094
2026-07,SKU00817,Celulares,122,2,3,13001586.0,0.016393
2026-08,SKU00817,Celulares,116,3,3,13001586.0,0.025862
2026-09,SKU00817,Celulares,102,2,2,8667724.0,0.019608
2026-04,SKU00258,Computadores,168,4,4,15987384.0,0.02381
2026-05,SKU00258,Computadores,193,3,4,15987384.0,0.015544
2026-06,SKU00258,Computadores,159,3,3,11990538.0,0.018868
2026-07,SKU00258,Computadores,161,2,3,11990538.0,0.012422
2026-08,SKU00258,Computadores,169,2,3,11990538.0,0.011834
2026-09,SKU00258,Computadores,152,3,3,11990538.0,0.019737
2026-04,SKU00599,Electrohogar,236,2,2,8048106.0,0.008475
2026-05,SKU00599,Electrohogar,246,3,3,12072159.0,0.012195
2026-06,SKU00599,Electrohogar,319,3,4,16096212.0,0.009404
2026-07,SKU00599,Electrohogar,283,2,3,12072159.0,0.007067
2026-08,SKU00599,Electrohogar,253,2,2,8048106.0,0.007905
2026-09,SKU00599,Electrohogar,261,2,3,12072159.0,0.007663
2026-04,SKU00266,Televisores,76,1,1,3440466.0,0.013158
2026-05,SKU00266,Televisores,87,1,1,3440466.0,0.011494
2026-06,SKU00266,Televisores,78,1,1,3440466.0,0.012821
2026-07,SKU00266,Televisores,85,1,1,3440466.0,0.011765
2026-08,SKU00266,Televisores,76,1,1,3440466.0,0.013158
2026-09,SKU00266,Televisores,95,1,1,3440466.0,0.010526
2026-04,SKU00882,Celulares,567,10,13,44581641.0,0.017637
2026-05,SKU00882,Celulares,512,11,14,48010998.0,0.021484
2026-06,SKU00882,Celulares,430,8,11,37722927.0,0.018605
2026-07,SKU00882,Celulares,565,10,15,51440355.0,0.017699
2026-08,SKU00882,Celulares,450,8,11,37722927.0,0.017778
2026-09,SKU00882,Celulares,484,8,11,37722927.0,0.016529
2026-04,SKU00582,Celulares,433,9,10,42297540.0,0.020785
2026-05,SKU00582,Celulares,450,11,13,54986802.0,0.024444
2026-06,SKU00582,Celulares,445,9,10,42297540.0,0.020225
2026-07,SKU00582,Celulares,459,9,12,50757048.0,0.019608
2026-08,SKU00582,Celulares,481,8,10,42297540.0,0.016632
2026-09,SKU00582,Celulares,411,5,8,33838032.0,0.012165
2026-04,SKU00060,Videojuegos,512,6,7,4510758.0,0.011719
2026-05,SKU00060,Videojuegos,542,8,9,5799546.0,0.01476
2026-06,SKU00060,Videojuegos,602,6,9,5799546.0,0.009967
2026-07,SKU00060,Videojuegos,664,9,10,6443940.0,0.013554
2026-08,SKU00060,Videojuegos,629,6,7,4510758.0,0.009539
2026-09,SKU00060,Videojuegos,590,6,8,5155152.0,0.010169
2026-04,SKU00987,Celulares,79,2,2,6747878.0,0.025316
2026-05,SKU00987,Celulares,93,2,2,6747878.0,0.021505
2026-06,SKU00987,Celulares,73,2,2,6747878.0,0.027397
2026-07,SKU00987,Celulares,71,2,2,6747878.0,0.028169
2026-08,SKU00987,Celulares,76,1,2,6747878.0,0.013158
2026-09,SKU00987,Celulares,84,2,2,6747878.0,0.02381
2026-04,SKU00676,Televisores,321,2,3,3470487.0,0.006231
2026-05,SKU00676,Televisores,372,3,4,4627316.0,0.008065
2026-06,SKU00676,Televisores,342,2,3,3470487.0,0.005848
2026-07,SKU00676,Televisores,381,2,3,3470487.0,0.005249
2026-08,SKU00676,Televisores,312,2,3,3470487.0,0.00641
2026-09,SKU00676,Televisores,352,2,3,3470487.0,0.005682
2026-04,SKU00427,Celulares,115,2,3,2072148.0,0.017391
2026-05,SKU00427,Celulares,118,2,3,2072148.0,0.016949
2026-06,SKU00427,Celulares,144,3,4,2762864.0,0.020833
2026-07,SKU00427,Celulares,123,3,3,2072148.0,0.02439
2026-08,SKU00427,Celulares,137,3,3,2072148.0,0.021898
2026-09,SKU00427,Celulares,141,2,3,2072148.0,0.014184
2026-04,SKU00428,Computadores,491,8,10,45010350.0,0.016293
2026-05,SKU00428,Computadores,603,12,13,58513455.0,0.0199
2026-06,SKU00428,Computadores,499,9,12,54012420.0,0.018036
2026-07,SKU00428,Computadores,536,9,10,45010350.0,0.016791
2026-08,SKU00428,Computadores,530,8,11,49511385.0,0.015094
2026-09,SKU00428,Computadores,556,6,9,40509315.0,0.010791
2026-04,SKU00861,Televisores,563,0,0,0.0,0.0
2026-05,SKU00861,Televisores,587,0,0,0.0,0.0
2026-06,SKU00861,Televisores,624,0,0,0.0,0.0
2026-07,SKU00861,Televisores,595,0,0,0.0,0.0
2026-08,SKU00861,Televisores,553,0,0,0.0,0.0
2026-09,SKU00861,Televisores,578,0,0,0.0,0.0
2026-04,SKU00933,Computadores,390,7,9,6415920.0,0.017949
2026-05,SKU00933,Computadores,489,8,11,7841680.0,0.01636
2026-06,SKU00933,Computadores,452,8,9,6415920.0,0.017699
2026-07,SKU00933,Computadores,458,9,10,7128800.0,0.019651
2026-08,SKU00933,Computadores,378,6,8,5703040.0,0.015873
2026-09,SKU00933,Computadores,376,5,7,4990160.0,0.013298
2026-04,SKU00142,Celulares,431,4,5,9213285.0,0.009281
2026-05,SKU00142,Celulares,535,6,7,12898599.0,0.011215
2026-06,SKU00142,Celulares,518,5,6,11055942.0,0.009653
2026-07,SKU00142,Celulares,552,6,7,12898599.0,0.01087
2026-08,SKU00142,Celulares,420,3,4,7370628.0,0.007143
2026-09,SKU00142,Celulares,499,4,5,9213285.0,0.008016
2026-04,SKU00461,Televisores,255,0,0,0.0,0.0
2026-05,SKU00461,Televisores,304,0,0,0.0,0.0
2026-06,SKU00461,Televisores,316,0,0,0.0,0.0
2026-07,SKU00461,Televisores,321,0,0,0.0,0.0
2026-08,SKU00461,Televisores,280,0,0,0.0,0.0
2026-09,SKU00461,Televisores,243,0,0,0.0,0.0
2026-04,SKU00277,Celulares,84,2,2,4996624.0,0.02381
2026-05,SKU00277,Celulares,88,2,3,7494936.0,0.022727
2026-06,SKU00277,Celulares,84,1,2,4996624.0,0.011905
2026-07,SKU00277,Celulares,77,2,2,4996624.0,0.025974
2026-08,SKU00277,Celulares,83,1,2,4996624.0,0.012048
2026-09,SKU00277,Celulares,77,2,2,4996624.0,0.025974
2026-04,SKU00195,Videojuegos,221,4,6,3770706.0,0.0181
2026-05,SKU00195,Videojuegos,202,3,5,3142255.0,0.014851
2026-06,SKU00195,Videojuegos,264,6,6,3770706.0,0.022727
2026-07,SKU00195,Videojuegos,211,4,4,2513804.0,0.018957
2026-08,SKU00195,Videojuegos,262,5,6,3770706.0,0.019084
2026-09,SKU00195,Videojuegos,267,4,5,3142255.0,0.014981
2026-04,SKU00465,Videojuegos,522,11,15,13476450.0,0.021073
2026-05,SKU00465,Videojuegos,465,12,15,13476450.0,0.025806
2026-06,SKU00465,Videojuegos,567,12,15,13476450.0,0.021164
2026-07,SKU00465,Videojuegos,500,11,14,12578020.0,0.022
2026-08,SKU00465,Videojuegos,587,14,16,14374880.0,0.02385
2026-09,SKU00465,Videojuegos,454,9,11,9882730.0,0.019824
2026-04,SKU00501,Televisores,240,0,0,0.0,0.0
2026-05,SKU00501,Televisores,241,0,0,0.0,0.0
2026-06,SKU00501,Televisores,226,0,0,0.0,0.0
2026-07,SKU00501,Televisores,233,0,0,0.0,0.0
2026-08,SKU00501,Televisores,237,0,0,0.0,0.0
2026-09,SKU00501,Televisores,232,0,0,0.0,0.0
2026-04,SKU00438,Computadores,90,2,2,6004610.0,0.022222
2026-05,SKU00438,Computadores,97,2,2,6004610.0,0.020619
2026-06,SKU00438,Computadores,99,1,2,6004610.0,0.010101
2026-07,SKU00438,Computadores,102,2,2,6004610.0,0.019608
2026-08,SKU00438,Computadores,92,2,2,6004610.0,0.021739
2026-09,SKU00438,Computadores,81,1,1,3002305.0,0.012346
2026-04,SKU00282,Celulares,100,2,2,5802160.0,0.02
2026-05,SKU00282,Celulares,118,2,3,8703240.0,0.016949
2026-06,SKU00282,Celulares,99,2,3,8703240.0,0.020202
2026-07,SKU00282,Celulares,94,2,2,5802160.0,0.021277
2026-08,SKU00282,Celulares,95,2,2,5802160.0,0.021053
2026-09,SKU00282,Celulares,99,2,2,5802160.0,0.020202
2026-04,SKU00103,Televisores,107,0,0,0.0,0.0
2026-05,SKU00103,Televisores,127,1,1,2264457.0,0.007874
2026-06,SKU00103,Televisores,129,1,1,2264457.0,0.007752
2026-07,SKU00103,Televisores,110,1,1,2264457.0,0.009091
2026-08,SKU00103,Televisores,120,0,0,0.0,0.0
2026-09,SKU00103,Televisores,121,0,0,0.0,0.0
2026-04,SKU00584,Electrohogar,484,6,6,20092524.0,0.012397
2026-05,SKU00584,Electrohogar,549,5,6,20092524.0,0.009107
2026-06,SKU00584,Electrohogar,471,4,5,16743770.0,0.008493
2026-07,SKU00584,Electrohogar,478,4,5,16743770.0,0.008368
2026-08,SKU00584,Electrohogar,470,4,5,16743770.0,0.008511
2026-09,SKU00584,Electrohogar,554,4,5,16743770.0,0.00722
2026-04,SKU00376,Televisores,502,5,5,19280200.0,0.00996
2026-05,SKU00376,Televisores,489,4,5,19280200.0,0.00818
2026-06,SKU00376,Televisores,388,3,4,15424160.0,0.007732
2026-07,SKU00376,Televisores,478,4,5,19280200.0,0.008368
2026-08,SKU00376,Televisores,453,3,4,15424160.0,0.006623
2026-09,SKU00376,Televisores,467,3,4,15424160.0,0.006424
2026-04,SKU00005,Videojuegos,96,1,1,2001701.0,0.010417
2026-05,SKU00005,Videojuegos,77,1,1,2001701.0,0.012987
2026-06,SKU00005,Videojuegos,82,1,1,2001701.0,0.012195
2026-07,SKU00005,Videojuegos,77,1,1,2001701.0,0.012987
2026-08,SKU00005,Videojuegos,96,1,1,2001701.0,0.010417
2026-09,SKU00005,Videojuegos,93,1,1,2001701.0,0.010753
2026-04,SKU00556,Televisores,205,2,2,7358130.0,0.009756
2026-05,SKU00556,Televisores,232,1,2,7358130.0,0.00431
2026-06,SKU00556,Televisores,192,2,2,7358130.0,0.010417
2026-07,SKU00556,Televisores,185,2,2,7358130.0,0.010811
2026-08,SKU00556,Televisores,230,2,2,7358130.0,0.008696
2026-09,SKU00556,Televisores,230,2,2,7358130.0,0.008696
2026-04,SKU00475,Videojuegos,393,8,11,35787158.0,0.020356
2026-05,SKU00475,Videojuegos,315,8,11,35787158.0,0.025397
2026-06,SKU00475,Videojuegos,356,9,10,32533780.0,0.025281
2026-07,SKU00475,Videojuegos,375,7,9,29280402.0,0.018667
2026-08,SKU00475,Videojuegos,324,6,9,29280402.0,0.018519
2026-09,SKU00475,Videojuegos,378,10,11,35787158.0,0.026455
2026-04,SKU00041,Televisores,159,0,0,0.0,0.0
2026-05,SKU00041,Televisores,200,0,0,0.0,0.0
2026-06,SKU00041,Televisores,193,0,0,0.0,0.0
2026-07,SKU00041,Televisores,178,0,0,0.0,0.0
2026-08,SKU00041,Televisores,178,0,0,0.0,0.0
2026-09,SKU00041,Televisores,200,0,0,0.0,0.0
2026-04,SKU00597,Celulares,152,3,3,10251234.0,0.019737
2026-05,SKU00597,Celulares,165,3,4,13668312.0,0.018182
2026-06,SKU00597,Celulares,170,3,4,13668312.0,0.017647
2026-07,SKU00597,Celulares,146,4,4,13668312.0,0.027397
2026-08,SKU00597,Celulares,132,3,3,10251234.0,0.022727
2026-09,SKU00597,Celulares,131,3,3,10251234.0,0.022901
2026-04,SKU00537,Celulares,259,5,6,9664104.0,0.019305
2026-05,SKU00537,Celulares,260,6,7,11274788.0,0.023077
2026-06,SKU00537,Celulares,298,5,7,11274788.0,0.016779
2026-07,SKU00537,Celulares,298,6,8,12885472.0,0.020134
2026-08,SKU00537,Celulares,260,5,6,9664104.0,0.019231
2026-09,SKU00537,Celulares,286,4,5,8053420.0,0.013986
2026-04,SKU00999,Electrohogar,394,4,5,16817445.0,0.010152
2026-05,SKU00999,Electrohogar,450,4,5,16817445.0,0.008889
2026-06,SKU00999,Electrohogar,375,4,5,16817445.0,0.010667
2026-07,SKU00999,Electrohogar,360,3,4,13453956.0,0.008333
2026-08,SKU00999,Electrohogar,447,4,5,16817445.0,0.008949
2026-09,SKU00999,Electrohogar,423,3,4,13453956.0,0.007092
2026-04,SKU00946,Televisores,223,2,2,1393020.0,0.008969
2026-05,SKU00946,Televisores,231,2,2,1393020.0,0.008658
2026-06,SKU00946,Televisores,191,2,2,1393020.0,0.010471
2026-07,SKU00946,Televisores,245,2,2,1393020.0,0.008163
2026-08,SKU00946,Televisores,246,2,2,1393020.0,0.00813
2026-09,SKU00946,Televisores,198,2,2,1393020.0,0.010101
2026-04,SKU00583,Computadores,157,3,3,7914675.0,0.019108
2026-05,SKU00583,Computadores,164,3,4,10552900.0,0.018293
2026-06,SKU00583,Computadores,164,3,4,10552900.0,0.018293
2026-07,SKU00583,Computadores,158,3,3,7914675.0,0.018987
2026-08,SKU00583,Computadores,148,2,3,7914675.0,0.013514
2026-09,SKU00583,Computadores,128,2,2,5276450.0,0.015625
2026-04,SKU00150,Videojuegos,243,3,4,13084176.0,0.012346
2026-05,SKU00150,Videojuegos,218,3,4,13084176.0,0.013761
2026-06,SKU00150,Videojuegos,268,2,3,9813132.0,0.007463
2026-07,SKU00150,Videojuegos,211,2,3,9813132.0,0.009479
2026-08,SKU00150,Videojuegos,259,3,4,13084176.0,0.011583
2026-09,SKU00150,Videojuegos,270,3,4,13084176.0,0.011111
2026-04,SKU00705,Videojuegos,259,5,7,32989691.0,0.019305
2026-05,SKU00705,Videojuegos,268,6,7,32989691.0,0.022388
2026-06,SKU00705,Videojuegos,299,8,9,42415317.0,0.026756
2026-07,SKU00705,Videojuegos,255,6,8,37702504.0,0.023529
2026-08,SKU00705,Videojuegos,283,6,8,37702504.0,0.021201
2026-09,SKU00705,Videojuegos,333,8,10,47128130.0,0.024024
2026-04,SKU00291,Televisores,548,0,0,0.0,0.0
2026-05,SKU00291,Televisores,558,0,0,0.0,0.0
2026-06,SKU00291,Televisores,632,0,0,0.0,0.0
2026-07,SKU00291,Televisores,540,0,0,0.0,0.0
2026-08,SKU00291,Televisores,625,0,0,0.0,0.0
2026-09,SKU00291,Televisores,569,0,0,0.0,0.0
2026-04,SKU00647,Celulares,109,2,2,8896604.0,0.018349
2026-05,SKU00647,Celulares,111,2,3,13344906.0,0.018018
2026-06,SKU00647,Celulares,108,2,3,13344906.0,0.018519
2026-07,SKU00647,Celulares,126,3,3,13344906.0,0.02381
2026-08,SKU00647,Celulares,138,2,3,13344906.0,0.014493
2026-09,SKU00647,Celulares,113,2,2,8896604.0,0.017699
2026-04,SKU00736,Televisores,273,2,3,13904286.0,0.007326
2026-05,SKU00736,Televisores,282,2,3,13904286.0,0.007092
2026-06,SKU00736,Televisores,320,2,3,13904286.0,0.00625
2026-07,SKU00736,Televisores,253,2,2,9269524.0,0.007905
2026-08,SKU00736,Televisores,324,2,3,13904286.0,0.006173
2026-09,SKU00736,Televisores,300,1,2,9269524.0,0.003333
2026-04,SKU00879,Electrohogar,549,5,6,20065272.0,0.009107
2026-05,SKU00879,Electrohogar,620,7,8,26753696.0,0.01129
2026-06,SKU00879,Electrohogar,579,5,7,23409484.0,0.008636
2026-07,SKU00879,Electrohogar,634,5,8,26753696.0,0.007886
2026-08,SKU00879,Electrohogar,615,6,6,20065272.0,0.009756
2026-09,SKU00879,Electrohogar,571,4,6,20065272.0,0.007005
2026-04,SKU00209,Electrohogar,554,4,5,17296830.0,0.00722
2026-05,SKU00209,Electrohogar,530,4,5,17296830.0,0.007547
2026-06,SKU00209,Electrohogar,463,3,4,13837464.0,0.006479
2026-07,SKU00209,Electrohogar,592,3,4,13837464.0,0.005068
2026-08,SKU00209,Electrohogar,559,3,4,13837464.0,0.005367
2026-09,SKU00209,Electrohogar,514,4,4,13837464.0,0.007782
2026-04,SKU00849,Electrohogar,542,5,6,9649284.0,0.009225
2026-05,SKU00849,Electrohogar,574,5,7,11257498.0,0.008711
2026-06,SKU00849,Electrohogar,519,6,6,9649284.0,0.011561
2026-07,SKU00849,Electrohogar,464,3,5,8041070.0,0.006466
2026-08,SKU00849,Electrohogar,536,5,6,9649284.0,0.009328
2026-09,SKU00849,Electrohogar,620,4,6,9649284.0,0.006452
2026-04,SKU00205,Videojuegos,448,9,11,17329213.0,0.020089
2026-05,SKU00205,Videojuegos,525,8,10,15753830.0,0.015238
2026-06,SKU00205,Videojuegos,477,9,11,17329213.0,0.018868
2026-07,SKU00205,Videojuegos,464,9,10,15753830.0,0.019397
2026-08,SKU00205,Videojuegos,511,7,10,15753830.0,0.013699
2026-09,SKU00205,Videojuegos,522,8,10,15753830.0,0.015326
2026-04,SKU00853,Computadores,136,2,3,391173.0,0.014706
2026-05,SKU00853,Computadores,117,2,3,391173.0,0.017094
2026-06,SKU00853,Computadores,117,2,2,260782.0,0.017094
2026-07,SKU00853,Computadores,144,3,3,391173.0,0.020833
2026-08,SKU00853,Computadores,121,2,2,260782.0,0.016529
2026-09,SKU00853,Computadores,142,3,3,391173.0,0.021127
2026-04,SKU00463,Computadores,316,5,7,20416606.0,0.015823
2026-05,SKU00463,Computadores,329,5,7,20416606.0,0.015198
2026-06,SKU00463,Computadores,254,4,5,14583290.0,0.015748
2026-07,SKU00463,Computadores,294,6,7,20416606.0,0.020408
2026-08,SKU00463,Computadores,296,6,6,17499948.0,0.02027
2026-09,SKU00463,Computadores,289,4,5,14583290.0,0.013841
2026-04,SKU00317,Celulares,133,3,4,13108160.0,0.022556
2026-05,SKU00317,Celulares,142,3,3,9831120.0,0.021127
2026-06,SKU00317,Celulares,128,2,3,9831120.0,0.015625
2026-07,SKU00317,Celulares,131,2,3,9831120.0,0.015267
2026-08,SKU00317,Celulares,166,2,3,9831120.0,0.012048
2026-09,SKU00317,Celulares,155,3,4,13108160.0,0.019355
2026-04,SKU00570,Videojuegos,501,12,16,41346384.0,0.023952
2026-05,SKU00570,Videojuegos,443,11,15,38762235.0,0.024831
2026-06,SKU00570,Videojuegos,578,14,18,46514682.0,0.024221
2026-07,SKU00570,Videojuegos,485,10,14,36178086.0,0.020619
2026-08,SKU00570,Videojuegos,524,14,15,38762235.0,0.026718
2026-09,SKU00570,Videojuegos,501,8,12,31009788.0,0.015968
2026-04,SKU00200,Videojuegos,354,6,7,31951647.0,0.016949
2026-05,SKU00200,Videojuegos,448,7,11,50209731.0,0.015625
2026-06,SKU00200,Videojuegos,375,6,8,36516168.0,0.016
2026-07,SKU00200,Videojuegos,443,7,10,45645210.0,0.015801
2026-08,SKU00200,Videojuegos,448,9,10,45645210.0,0.020089
2026-09,SKU00200,Videojuegos,412,5,7,31951647.0,0.012136
2026-04,SKU00278,Computadores,140,2,3,10606155.0,0.014286
2026-05,SKU00278,Computadores,117,2,2,7070770.0,0.017094
2026-06,SKU00278,Computadores,128,2,3,10606155.0,0.015625
2026-07,SKU00278,Computadores,120,2,3,10606155.0,0.016667
2026-08,SKU00278,Computadores,108,2,2,7070770.0,0.018519
2026-09,SKU00278,Computadores,131,3,3,10606155.0,0.022901
2026-04,SKU00630,Videojuegos,203,7,7,15408449.0,0.034483
2026-05,SKU00630,Videojuegos,226,6,7,15408449.0,0.026549
2026-06,SKU00630,Videojuegos,223,7,7,15408449.0,0.03139
2026-07,SKU00630,Videojuegos,244,5,6,13207242.0,0.020492
2026-08,SKU00630,Videojuegos,268,6,7,15408449.0,0.022388
2026-09,SKU00630,Videojuegos,255,5,7,15408449.0,0.019608
2026-04,SKU00228,Computadores,187,3,3,11962758.0,0.016043
2026-05,SKU00228,Computadores,195,2,3,11962758.0,0.010256
2026-06,SKU00228,Computadores,207,2,3,11962758.0,0.009662
2026-07,SKU00228,Computadores,225,2,3,11962758.0,0.008889
2026-08,SKU00228,Computadores,201,3,3,11962758.0,0.014925
2026-09,SKU00228,Computadores,174,1,2,7975172.0,0.005747
2026-04,SKU00797,Celulares,417,7,11,19083504.0,0.016787
2026-05,SKU00797,Celulares,425,10,11,19083504.0,0.023529
2026-06,SKU00797,Celulares,396,7,10,17348640.0,0.017677
2026-07,SKU00797,Celulares,386,7,9,15613776.0,0.018135
2026-08,SKU00797,Celulares,412,8,9,15613776.0,0.019417
2026-09,SKU00797,Celulares,434,7,9,15613776.0,0.016129
2026-04,SKU00625,Videojuegos,269,7,9,24385770.0,0.026022
2026-05,SKU00625,Videojuegos,276,7,8,21676240.0,0.025362
2026-06,SKU00625,Videojuegos,216,5,6,16257180.0,0.023148
2026-07,SKU00625,Videojuegos,274,6,9,24385770.0,0.021898
2026-08,SKU00625,Videojuegos,281,5,8,21676240.0,0.017794
2026-09,SKU00625,Videojuegos,240,5,7,18966710.0,0.020833
2026-04,SKU00638,Computadores,587,10,14,56566398.0,0.017036
2026-05,SKU00638,Computadores,500,9,11,44445027.0,0.018
2026-06,SKU00638,Computadores,477,10,11,44445027.0,0.020964
2026-07,SKU00638,Computadores,520,9,11,44445027.0,0.017308
2026-08,SKU00638,Computadores,474,6,8,32323656.0,0.012658
2026-09,SKU00638,Computadores,628,10,13,52525941.0,0.015924
2026-04,SKU00169,Electrohogar,364,2,2,6481734.0,0.005495
2026-05,SKU00169,Electrohogar,345,1,2,6481734.0,0.002899
2026-06,SKU00169,Electrohogar,429,2,2,6481734.0,0.004662
2026-07,SKU00169,Electrohogar,383,2,2,6481734.0,0.005222
2026-08,SKU00169,Electrohogar,388,2,2,6481734.0,0.005155
2026-09,SKU00169,Electrohogar,331,2,2,6481734.0,0.006042
2026-04,SKU00082,Televisores,310,1,1,4950436.0,0.003226
2026-05,SKU00082,Televisores,384,1,2,9900872.0,0.002604
2026-06,SKU00082,Televisores,321,1,1,4950436.0,0.003115
2026-07,SKU00082,Televisores,330,1,1,4950436.0,0.00303
2026-08,SKU00082,Televisores,390,2,2,9900872.0,0.005128
2026-09,SKU00082,Televisores,312,1,1,4950436.0,0.003205
2026-04,SKU00158,Computadores,455,4,5,6925565.0,0.008791
2026-05,SKU00158,Computadores,385,3,4,5540452.0,0.007792
2026-06,SKU00158,Computadores,360,4,4,5540452.0,0.011111
2026-07,SKU00158,Computadores,350,2,3,4155339.0,0.005714
2026-08,SKU00158,Computadores,408,4,4,5540452.0,0.009804
2026-09,SKU00158,Computadores,361,2,3,4155339.0,0.00554
2026-04,SKU00825,Videojuegos,296,8,9,26745786.0,0.027027
2026-05,SKU00825,Videojuegos,308,9,10,29717540.0,0.029221
2026-06,SKU00825,Videojuegos,288,7,9,26745786.0,0.024306
2026-07,SKU00825,Videojuegos,305,5,7,20802278.0,0.016393
2026-08,SKU00825,Videojuegos,232,5,6,17830524.0,0.021552
2026-09,SKU00825,Videojuegos,242,6,6,17830524.0,0.024793
2026-04,SKU00366,Televisores,387,3,4,2332652.0,0.007752
2026-05,SKU00366,Televisores,380,3,3,1749489.0,0.007895
2026-06,SKU00366,Televisores,454,3,4,2332652.0,0.006608
2026-07,SKU00366,Televisores,492,4,4,2332652.0,0.00813
2026-08,SKU00366,Televisores,379,2,3,1749489.0,0.005277
2026-09,SKU00366,Televisores,421,2,3,1749489.0,0.004751
2026-04,SKU00513,Computadores,138,2,3,13815813.0,0.014493
2026-05,SKU00513,Computadores,131,2,3,13815813.0,0.015267
2026-06,SKU00513,Computadores,124,2,3,13815813.0,0.016129
2026-07,SKU00513,Computadores,127,2,3,13815813.0,0.015748
2026-08,SKU00513,Computadores,125,2,3,13815813.0,0.016
2026-09,SKU00513,Computadores,143,3,3,13815813.0,0.020979
2026-04,SKU00487,Celulares,327,6,7,17195626.0,0.018349
2026-05,SKU00487,Celulares,352,8,9,22108662.0,0.022727
2026-06,SKU00487,Celulares,372,8,9,22108662.0,0.021505
2026-07,SKU00487,Celulares,278,6,7,17195626.0,0.021583
2026-08,SKU00487,Celulares,368,7,9,22108662.0,0.019022
2026-09,SKU00487,Celulares,346,6,7,17195626.0,0.017341
2026-04,SKU00952,Celulares,170,3,4,1742884.0,0.017647
2026-05,SKU00952,Celulares,172,3,4,1742884.0,0.017442
2026-06,SKU00952,Celulares,216,3,5,2178605.0,0.013889
2026-07,SKU00952,Celulares,168,3,4,1742884.0,0.017857
2026-08,SKU00952,Celulares,192,3,4,1742884.0,0.015625
2026-09,SKU00952,Celulares,167,2,3,1307163.0,0.011976
2026-04,SKU00667,Celulares,421,9,12,55887744.0,0.021378
2026-05,SKU00667,Celulares,387,9,12,55887744.0,0.023256
2026-06,SKU00667,Celulares,441,12,13,60545056.0,0.027211
2026-07,SKU00667,Celulares,451,7,10,46573120.0,0.015521
2026-08,SKU00667,Celulares,419,8,10,46573120.0,0.019093
2026-09,SKU00667,Celulares,401,6,9,41915808.0,0.014963
2026-04,SKU00473,Computadores,469,7,11,29106044.0,0.014925
2026-05,SKU00473,Computadores,545,9,14,37044056.0,0.016514
2026-06,SKU00473,Computadores,553,9,11,29106044.0,0.016275
2026-07,SKU00473,Computadores,555,9,10,26460040.0,0.016216
2026-08,SKU00473,Computadores,516,8,9,23814036.0,0.015504
2026-09,SKU00473,Computadores,495,8,9,23814036.0,0.016162
2026-04,SKU00141,Televisores,467,0,0,0.0,0.0
2026-05,SKU00141,Televisores,560,0,0,0.0,0.0
2026-06,SKU00141,Televisores,482,0,0,0.0,0.0
2026-07,SKU00141,Televisores,449,0,0,0.0,0.0
2026-08,SKU00141,Televisores,523,0,0,0.0,0.0
2026-09,SKU00141,Televisores,419,0,0,0.0,0.0
2026-04,SKU00577,Celulares,370,7,10,20778440.0,0.018919
2026-05,SKU00577,Celulares,361,9,10,20778440.0,0.024931
2026-06,SKU00577,Celulares,450,8,10,20778440.0,0.017778
2026-07,SKU00577,Celulares,412,7,9,18700596.0,0.01699
2026-08,SKU00577,Celulares,458,10,11,22856284.0,0.021834
2026-09,SKU00577,Celulares,355,7,8,16622752.0,0.019718
2026-04,SKU00573,Computadores,464,9,11,45234112.0,0.019397
2026-05,SKU00573,Computadores,406,7,8,32897536.0,0.017241
2026-06,SKU00573,Computadores,511,8,12,49346304.0,0.015656
2026-07,SKU00573,Computadores,462,7,9,37009728.0,0.015152
2026-08,SKU00573,Computadores,509,8,10,41121920.0,0.015717
2026-09,SKU00573,Computadores,479,7,9,37009728.0,0.014614
2026-04,SKU00153,Computadores,240,2,2,8789888.0,0.008333
2026-05,SKU00153,Computadores,273,2,3,13184832.0,0.007326
2026-06,SKU00153,Computadores,274,2,3,13184832.0,0.007299
2026-07,SKU00153,Computadores,207,2,2,8789888.0,0.009662
2026-08,SKU00153,Computadores,257,2,2,8789888.0,0.007782
2026-09,SKU00153,Computadores,228,2,2,8789888.0,0.008772
2026-04,SKU00962,Celulares,433,7,10,20849420.0,0.016166
2026-05,SKU00962,Celulares,409,7,10,20849420.0,0.017115
2026-06,SKU00962,Celulares,470,9,13,27104246.0,0.019149
2026-07,SKU00962,Celulares,400,7,10,20849420.0,0.0175
2026-08,SKU00962,Celulares,466,8,10,20849420.0,0.017167
2026-09,SKU00962,Celulares,434,6,8,16679536.0,0.013825
2026-04,SKU00819,Electrohogar,116,1,1,3331071.0,0.008621
2026-05,SKU00819,Electrohogar,104,1,1,3331071.0,0.009615
2026-06,SKU00819,Electrohogar,107,1,1,3331071.0,0.009346
2026-07,SKU00819,Electrohogar,110,1,1,3331071.0,0.009091
2026-08,SKU00819,Electrohogar,97,1,1,3331071.0,0.010309
2026-09,SKU00819,Electrohogar,112,1,1,3331071.0,0.008929
2026-04,SKU00710,Videojuegos,279,7,7,8826370.0,0.02509
2026-05,SKU00710,Videojuegos,290,7,8,10087280.0,0.024138
2026-06,SKU00710,Videojuegos,262,5,8,10087280.0,0.019084
2026-07,SKU00710,Videojuegos,284,6,7,8826370.0,0.021127
2026-08,SKU00710,Videojuegos,296,6,7,8826370.0,0.02027
2026-09,SKU00710,Videojuegos,312,6,7,8826370.0,0.019231
2026-04,SKU00433,Computadores,548,9,11,46144494.0,0.016423
2026-05,SKU00433,Computadores,483,9,11,46144494.0,0.018634
2026-06,SKU00433,Computadores,530,11,13,54534402.0,0.020755
2026-07,SKU00433,Computadores,525,8,10,41949540.0,0.015238
2026-08,SKU00433,Computadores,548,11,12,50339448.0,0.020073
2026-09,SKU00433,Computadores,486,8,9,37754586.0,0.016461
2026-04,SKU00831,Televisores,592,0,0,0.0,0.0
2026-05,SKU00831,Televisores,476,0,0,0.0,0.0
2026-06,SKU00831,Televisores,562,0,0,0.0,0.0
2026-07,SKU00831,Televisores,509,0,0,0.0,0.0
2026-08,SKU00831,Televisores,545,0,0,0.0,0.0
2026-09,SKU00831,Televisores,490,0,0,0.0,0.0
2026-04,SKU00267,Celulares,311,5,7,32211228.0,0.016077
2026-05,SKU00267,Celulares,296,7,9,41414436.0,0.023649
2026-06,SKU00267,Celulares,326,7,8,36812832.0,0.021472
2026-07,SKU00267,Celulares,276,4,6,27609624.0,0.014493
2026-08,SKU00267,Celulares,297,6,7,32211228.0,0.020202
2026-09,SKU00267,Celulares,289,7,7,32211228.0,0.024221
2026-04,SKU00803,Computadores,625,11,12,3309456.0,0.0176
2026-05,SKU00803,Computadores,544,7,11,3033668.0,0.012868
2026-06,SKU00803,Computadores,655,14,16,4412608.0,0.021374
2026-07,SKU00803,Computadores,643,12,13,3585244.0,0.018663
2026-08,SKU00803,Computadores,636,9,11,3033668.0,0.014151
2026-09,SKU00803,Computadores,577,8,9,2482092.0,0.013865
2026-04,SKU00442,Celulares,336,7,8,26202176.0,0.020833
2026-05,SKU00442,Celulares,364,8,9,29477448.0,0.021978
2026-06,SKU00442,Celulares,360,9,10,32752720.0,0.025
2026-07,SKU00442,Celulares,381,5,8,26202176.0,0.013123
2026-08,SKU00442,Celulares,308,5,7,22926904.0,0.016234
2026-09,SKU00442,Celulares,373,6,7,22926904.0,0.016086
2026-04,SKU00734,Electrohogar,184,2,2,8330828.0,0.01087
2026-05,SKU00734,Electrohogar,222,3,3,12496242.0,0.013514
2026-06,SKU00734,Electrohogar,186,2,2,8330828.0,0.010753
2026-07,SKU00734,Electrohogar,166,2,2,8330828.0,0.012048
2026-08,SKU00734,Electrohogar,214,2,2,8330828.0,0.009346
2026-09,SKU00734,Electrohogar,206,1,2,8330828.0,0.004854
2026-04,SKU00619,Electrohogar,445,5,6,9016554.0,0.011236
2026-05,SKU00619,Electrohogar,517,5,6,9016554.0,0.009671
2026-06,SKU00619,Electrohogar,523,6,6,9016554.0,0.011472
2026-07,SKU00619,Electrohogar,457,4,6,9016554.0,0.008753
2026-08,SKU00619,Electrohogar,414,4,5,7513795.0,0.009662
2026-09,SKU00619,Electrohogar,431,5,5,7513795.0,0.011601
2026-04,SKU00510,Videojuegos,449,12,15,8689875.0,0.026726
2026-05,SKU00510,Videojuegos,347,11,12,6951900.0,0.0317
2026-06,SKU00510,Videojuegos,457,10,13,7531225.0,0.021882
2026-07,SKU00510,Videojuegos,445,12,13,7531225.0,0.026966
2026-08,SKU00510,Videojuegos,442,11,13,7531225.0,0.024887
2026-09,SKU00510,Videojuegos,404,8,10,5793250.0,0.019802
2026-04,SKU00092,Televisores,408,1,2,256286.0,0.002451
2026-05,SKU00092,Televisores,431,2,2,256286.0,0.00464
2026-06,SKU00092,Televisores,368,2,2,256286.0,0.005435
2026-07,SKU00092,Televisores,390,1,2,256286.0,0.002564
2026-08,SKU00092,Televisores,416,2,2,256286.0,0.004808
2026-09,SKU00092,Televisores,446,2,2,256286.0,0.004484
2026-04,SKU00091,Televisores,401,0,0,0.0,0.0
2026-05,SKU00091,Televisores,367,0,0,0.0,0.0
2026-06,SKU00091,Televisores,380,0,0,0.0,0.0
2026-07,SKU00091,Televisores,393,0,0,0.0,0.0
2026-08,SKU00091,Televisores,415,0,0,0.0,0.0
2026-09,SKU00091,Televisores,414,0,0,0.0,0.0
2026-04,SKU00792,Celulares,195,4,5,8451885.0,0.020513
2026-05,SKU00792,Celulares,154,3,4,6761508.0,0.019481
2026-06,SKU00792,Celulares,158,3,4,6761508.0,0.018987
2026-07,SKU00792,Celulares,193,3,4,6761508.0,0.015544
2026-08,SKU00792,Celulares,167,3,4,6761508.0,0.017964
2026-09,SKU00792,Celulares,179,3,3,5071131.0,0.01676
2026-04,SKU00885,Videojuegos,311,7,10,8313280.0,0.022508
2026-05,SKU00885,Videojuegos,295,7,9,7481952.0,0.023729
2026-06,SKU00885,Videojuegos,250,6,7,5819296.0,0.024
2026-07,SKU00885,Videojuegos,293,5,7,5819296.0,0.017065
2026-08,SKU00885,Videojuegos,299,7,7,5819296.0,0.023411
2026-09,SKU00885,Videojuegos,253,4,6,4987968.0,0.01581
2026-04,SKU00148,Computadores,480,5,5,3304635.0,0.010417
2026-05,SKU00148,Computadores,627,5,7,4626489.0,0.007974
2026-06,SKU00148,Computadores,529,4,5,3304635.0,0.007561
2026-07,SKU00148,Computadores,478,3,5,3304635.0,0.006276
2026-08,SKU00148,Computadores,619,5,6,3965562.0,0.008078
2026-09,SKU00148,Computadores,566,4,5,3304635.0,0.007067
2026-04,SKU00960,Videojuegos,107,2,3,14068998.0,0.018692
2026-05,SKU00960,Videojuegos,144,3,5,23448330.0,0.020833
2026-06,SKU00960,Videojuegos,140,3,4,18758664.0,0.021429
2026-07,SKU00960,Videojuegos,113,2,3,14068998.0,0.017699
2026-08,SKU00960,Videojuegos,124,3,3,14068998.0,0.024194
2026-09,SKU00960,Videojuegos,123,2,3,14068998.0,0.01626
2026-04,SKU00316,Televisores,209,1,2,4295950.0,0.004785
2026-05,SKU00316,Televisores,201,2,2,4295950.0,0.00995
2026-06,SKU00316,Televisores,195,2,2,4295950.0,0.010256
2026-07,SKU00316,Televisores,211,1,2,4295950.0,0.004739
2026-08,SKU00316,Televisores,224,2,2,4295950.0,0.008929
2026-09,SKU00316,Televisores,213,2,2,4295950.0,0.00939
2026-04,SKU00040,Videojuegos,458,4,6,0.0,0.008734
2026-05,SKU00040,Videojuegos,456,5,6,0.0,0.010965
2026-06,SKU00040,Videojuegos,519,8,9,0.0,0.015414
2026-07,SKU00040,Videojuegos,456,5,6,0.0,0.010965
2026-08,SKU00040,Videojuegos,527,6,7,0.0,0.011385
2026-09,SKU00040,Videojuegos,588,4,6,0.0,0.006803
2026-04,SKU00646,Televisores,334,2,3,7311228.0,0.005988
2026-05,SKU00646,Televisores,344,3,4,9748304.0,0.008721
2026-06,SKU00646,Televisores,379,3,4,9748304.0,0.007916
2026-07,SKU00646,Televisores,377,2,3,7311228.0,0.005305
2026-08,SKU00646,Televisores,399,4,4,9748304.0,0.010025
2026-09,SKU00646,Televisores,317,3,3,7311228.0,0.009464
2026-04,SKU00179,Electrohogar,464,2,3,5476605.0,0.00431
2026-05,SKU00179,Electrohogar,457,2,2,3651070.0,0.004376
2026-06,SKU00179,Electrohogar,513,3,3,5476605.0,0.005848
2026-07,SKU00179,Electrohogar,449,2,3,5476605.0,0.004454
2026-08,SKU00179,Electrohogar,416,2,2,3651070.0,0.004808
2026-09,SKU00179,Electrohogar,547,3,3,5476605.0,0.005484
2026-04,SKU00883,Computadores,193,3,4,12583972.0,0.015544
2026-05,SKU00883,Computadores,200,3,4,12583972.0,0.015
2026-06,SKU00883,Computadores,240,4,5,15729965.0,0.016667
2026-07,SKU00883,Computadores,191,4,4,12583972.0,0.020942
2026-08,SKU00883,Computadores,185,3,4,12583972.0,0.016216
2026-09,SKU00883,Computadores,229,4,4,12583972.0,0.017467
2026-04,SKU00336,Televisores,210,2,2,2173474.0,0.009524
2026-05,SKU00336,Televisores,258,2,2,2173474.0,0.007752
2026-06,SKU00336,Televisores,210,2,2,2173474.0,0.009524
2026-07,SKU00336,Televisores,237,2,2,2173474.0,0.008439
2026-08,SKU00336,Televisores,235,2,2,2173474.0,0.008511
2026-09,SKU00336,Televisores,255,2,2,2173474.0,0.007843
2026-04,SKU00989,Electrohogar,544,5,6,20653722.0,0.009191
2026-05,SKU00989,Electrohogar,598,7,8,27538296.0,0.011706
2026-06,SKU00989,Electrohogar,557,6,7,24096009.0,0.010772
2026-07,SKU00989,Electrohogar,547,4,5,17211435.0,0.007313
2026-08,SKU00989,Electrohogar,457,4,5,17211435.0,0.008753
2026-09,SKU00989,Electrohogar,600,4,6,20653722.0,0.006667
2026-04,SKU00439,Electrohogar,336,3,4,15693504.0,0.008929
2026-05,SKU00439,Electrohogar,291,2,3,11770128.0,0.006873
2026-06,SKU00439,Electrohogar,326,3,3,11770128.0,0.009202
2026-07,SKU00439,Electrohogar,340,2,3,11770128.0,0.005882
2026-08,SKU00439,Electrohogar,292,2,3,11770128.0,0.006849
2026-09,SKU00439,Electrohogar,350,2,3,11770128.0,0.005714
2026-04,SKU00541,Televisores,416,0,0,0.0,0.0
2026-05,SKU00541,Televisores,455,0,0,0.0,0.0
2026-06,SKU00541,Televisores,474,0,0,0.0,0.0
2026-07,SKU00541,Televisores,542,0,0,0.0,0.0
2026-08,SKU00541,Televisores,421,0,0,0.0,0.0
2026-09,SKU00541,Televisores,507,0,0,0.0,0.0
2026-04,SKU00982,Celulares,428,8,10,17917780.0,0.018692
2026-05,SKU00982,Celulares,511,14,15,26876670.0,0.027397
2026-06,SKU00982,Celulares,498,11,13,23293114.0,0.022088
2026-07,SKU00982,Celulares,552,11,13,23293114.0,0.019928
2026-08,SKU00982,Celulares,511,8,11,19709558.0,0.015656
2026-09,SKU00982,Celulares,429,5,8,14334224.0,0.011655
2026-04,SKU00553,Computadores,101,1,2,1344282.0,0.009901
2026-05,SKU00553,Computadores,95,1,2,1344282.0,0.010526
2026-06,SKU00553,Computadores,105,2,3,2016423.0,0.019048
2026-07,SKU00553,Computadores,84,1,2,1344282.0,0.011905
2026-08,SKU00553,Computadores,93,2,2,1344282.0,0.021505
2026-09,SKU00553,Computadores,102,2,2,1344282.0,0.019608
2026-04,SKU00770,Videojuegos,110,2,3,7028499.0,0.018182
2026-05,SKU00770,Videojuegos,102,2,3,7028499.0,0.019608
2026-06,SKU00770,Videojuegos,85,3,3,7028499.0,0.035294
2026-07,SKU00770,Videojuegos,114,3,3,7028499.0,0.026316
2026-08,SKU00770,Videojuegos,102,2,3,7028499.0,0.019608
2026-09,SKU00770,Videojuegos,99,2,2,4685666.0,0.020202
2026-04,SKU00834,Electrohogar,532,4,6,10231662.0,0.007519
2026-05,SKU00834,Electrohogar,592,5,7,11936939.0,0.008446
2026-06,SKU00834,Electrohogar,604,5,8,13642216.0,0.008278
2026-07,SKU00834,Electrohogar,600,5,7,11936939.0,0.008333
2026-08,SKU00834,Electrohogar,567,4,5,8526385.0,0.007055
2026-09,SKU00834,Electrohogar,573,5,6,10231662.0,0.008726
2026-04,SKU00443,Computadores,481,10,12,4729476.0,0.02079
2026-05,SKU00443,Computadores,422,10,11,4335353.0,0.023697
2026-06,SKU00443,Computadores,412,8,9,3547107.0,0.019417
2026-07,SKU00443,Computadores,446,7,9,3547107.0,0.015695
2026-08,SKU00443,Computadores,487,6,8,3152984.0,0.01232
2026-09,SKU00443,Computadores,451,6,7,2758861.0,0.013304
2026-04,SKU00980,Videojuegos,233,5,7,10002139.0,0.021459
2026-05,SKU00980,Videojuegos,250,7,9,12859893.0,0.028
2026-06,SKU00980,Videojuegos,234,4,6,8573262.0,0.017094
2026-07,SKU00980,Videojuegos,286,6,8,11431016.0,0.020979
2026-08,SKU00980,Videojuegos,282,5,8,11431016.0,0.01773
2026-09,SKU00980,Videojuegos,223,5,6,8573262.0,0.022422
2026-04,SKU00202,Celulares,206,4,4,9559276.0,0.019417
2026-05,SKU00202,Celulares,220,4,5,11949095.0,0.018182
2026-06,SKU00202,Celulares,206,4,4,9559276.0,0.019417
2026-07,SKU00202,Celulares,225,3,4,9559276.0,0.013333
2026-08,SKU00202,Celulares,175,3,3,7169457.0,0.017143
2026-09,SKU00202,Celulares,231,4,4,9559276.0,0.017316
2026-04,SKU00488,Computadores,201,3,4,15940720.0,0.014925
2026-05,SKU00488,Computadores,191,5,5,19925900.0,0.026178
2026-06,SKU00488,Computadores,165,2,3,11955540.0,0.012121
2026-07,SKU00488,Computadores,184,3,4,15940720.0,0.016304
2026-08,SKU00488,Computadores,192,3,4,15940720.0,0.015625
2026-09,SKU00488,Computadores,203,3,4,15940720.0,0.014778
2026-04,SKU00780,Videojuegos,79,2,3,10995954.0,0.025316
2026-05,SKU00780,Videojuegos,86,2,2,7330636.0,0.023256
2026-06,SKU00780,Videojuegos,92,3,3,10995954.0,0.032609
2026-07,SKU00780,Videojuegos,77,2,2,7330636.0,0.025974
2026-08,SKU00780,Videojuegos,78,2,2,7330636.0,0.025641
2026-09,SKU00780,Videojuegos,83,2,2,7330636.0,0.024096
2026-04,SKU00434,Electrohogar,509,5,6,29465580.0,0.009823
2026-05,SKU00434,Electrohogar,479,4,6,29465580.0,0.008351
2026-06,SKU00434,Electrohogar,428,4,5,24554650.0,0.009346
2026-07,SKU00434,Electrohogar,441,3,5,24554650.0,0.006803
2026-08,SKU00434,Electrohogar,507,4,5,24554650.0,0.00789
2026-09,SKU00434,Electrohogar,514,5,6,29465580.0,0.009728
2026-04,SKU00524,Electrohogar,372,4,5,14994945.0,0.010753
2026-05,SKU00524,Electrohogar,424,4,6,17993934.0,0.009434
2026-06,SKU00524,Electrohogar,364,5,5,14994945.0,0.013736
2026-07,SKU00524,Electrohogar,394,3,4,11995956.0,0.007614
2026-08,SKU00524,Electrohogar,398,4,5,14994945.0,0.01005
2026-09,SKU00524,Electrohogar,395,3,4,11995956.0,0.007595
2026-04,SKU00657,Celulares,534,10,15,30385425.0,0.018727
2026-05,SKU00657,Celulares,499,11,13,26334035.0,0.022044
2026-06,SKU00657,Celulares,550,11,14,28359730.0,0.02
2026-07,SKU00657,Celulares,451,8,11,22282645.0,0.017738
2026-08,SKU00657,Celulares,470,7,11,22282645.0,0.014894
2026-09,SKU00657,Celulares,551,9,12,24308340.0,0.016334
2026-04,SKU00675,Videojuegos,417,10,14,60638732.0,0.023981
2026-05,SKU00675,Videojuegos,339,8,10,43313380.0,0.023599
2026-06,SKU00675,Videojuegos,373,8,9,38982042.0,0.021448
2026-07,SKU00675,Videojuegos,346,8,9,38982042.0,0.023121
2026-08,SKU00675,Videojuegos,385,11,12,51976056.0,0.028571
2026-09,SKU00675,Videojuegos,448,11,12,51976056.0,0.024554
2026-04,SKU00351,Televisores,304,0,0,0.0,0.0
2026-05,SKU00351,Televisores,339,0,0,0.0,0.0
2026-06,SKU00351,Televisores,320,0,0,0.0,0.0
2026-07,SKU00351,Televisores,326,0,0,0.0,0.0
2026-08,SKU00351,Televisores,280,0,0,0.0,0.0
2026-09,SKU00351,Televisores,278,0,0,0.0,0.0
2026-04,SKU00533,Computadores,518,9,10,31706740.0,0.017375
2026-05,SKU00533,Computadores,550,11,13,41218762.0,0.02
2026-06,SKU00533,Computadores,630,12,14,44389436.0,0.019048
2026-07,SKU00533,Computadores,651,13,14,44389436.0,0.019969
2026-08,SKU00533,Computadores,606,8,11,34877414.0,0.013201
2026-09,SKU00533,Computadores,567,8,10,31706740.0,0.014109
2026-04,SKU00303,Computadores,211,3,5,4465575.0,0.014218
2026-05,SKU00303,Computadores,179,4,4,3572460.0,0.022346
2026-06,SKU00303,Computadores,177,3,4,3572460.0,0.016949
2026-07,SKU00303,Computadores,192,3,4,3572460.0,0.015625
2026-08,SKU00303,Computadores,177,2,3,2679345.0,0.011299
2026-09,SKU00303,Computadores,187,2,3,2679345.0,0.010695
2026-04,SKU00314,Electrohogar,441,6,6,4017588.0,0.013605
2026-05,SKU00314,Electrohogar,467,5,6,4017588.0,0.010707
2026-06,SKU00314,Electrohogar,453,5,5,3347990.0,0.011038
2026-07,SKU00314,Electrohogar,498,5,6,4017588.0,0.01004
2026-08,SKU00314,Electrohogar,572,6,7,4687186.0,0.01049
2026-09,SKU00314,Electrohogar,544,5,6,4017588.0,0.009191
2026-04,SKU00156,Televisores,620,3,3,8135064.0,0.004839
2026-05,SKU00156,Televisores,533,2,3,8135064.0,0.003752
2026-06,SKU00156,Televisores,618,2,3,8135064.0,0.003236
2026-07,SKU00156,Televisores,667,2,3,8135064.0,0.002999
2026-08,SKU00156,Televisores,626,2,3,8135064.0,0.003195
2026-09,SKU00156,Televisores,522,1,2,5423376.0,0.001916
2026-04,SKU00474,Electrohogar,403,3,4,19340096.0,0.007444
2026-05,SKU00474,Electrohogar,359,4,5,24175120.0,0.011142
2026-06,SKU00474,Electrohogar,342,3,4,19340096.0,0.008772
2026-07,SKU00474,Electrohogar,393,3,5,24175120.0,0.007634
2026-08,SKU00474,Electrohogar,447,3,4,19340096.0,0.006711
2026-09,SKU00474,Electrohogar,430,3,4,19340096.0,0.006977
2026-04,SKU00250,Videojuegos,467,8,11,27181451.0,0.017131
2026-05,SKU00250,Videojuegos,548,12,13,32123533.0,0.021898
2026-06,SKU00250,Videojuegos,508,7,10,24710410.0,0.01378
2026-07,SKU00250,Videojuegos,538,7,11,27181451.0,0.013011
2026-08,SKU00250,Videojuegos,610,9,12,29652492.0,0.014754
2026-09,SKU00250,Videojuegos,483,7,10,24710410.0,0.014493
2026-04,SKU00096,Televisores,523,2,2,2746552.0,0.003824
2026-05,SKU00096,Televisores,449,1,2,2746552.0,0.002227
2026-06,SKU00096,Televisores,437,2,2,2746552.0,0.004577
2026-07,SKU00096,Televisores,460,2,2,2746552.0,0.004348
2026-08,SKU00096,Televisores,430,2,2,2746552.0,0.004651
2026-09,SKU00096,Televisores,457,2,2,2746552.0,0.004376
2026-04,SKU00469,Electrohogar,183,2,2,2877286.0,0.010929
2026-05,SKU00469,Electrohogar,171,2,2,2877286.0,0.011696
2026-06,SKU00469,Electrohogar,221,2,2,2877286.0,0.00905
2026-07,SKU00469,Electrohogar,202,2,2,2877286.0,0.009901
2026-08,SKU00469,Electrohogar,205,2,2,2877286.0,0.009756
2026-09,SKU00469,Electrohogar,193,2,2,2877286.0,0.010363
2026-04,SKU00697,Celulares,216,5,6,20546676.0,0.023148
2026-05,SKU00697,Celulares,227,6,6,20546676.0,0.026432
2026-06,SKU00697,Celulares,221,4,5,17122230.0,0.0181
2026-07,SKU00697,Celulares,247,6,6,20546676.0,0.024291
2026-08,SKU00697,Celulares,191,4,5,17122230.0,0.020942
2026-09,SKU00697,Celulares,231,5,6,20546676.0,0.021645
2026-04,SKU00054,Electrohogar,484,3,3,0.0,0.006198
2026-05,SKU00054,Electrohogar,410,2,2,0.0,0.004878
2026-06,SKU00054,Electrohogar,382,2,2,0.0,0.005236
2026-07,SKU00054,Electrohogar,482,3,3,0.0,0.006224
2026-08,SKU00054,Electrohogar,488,2,2,0.0,0.004098
2026-09,SKU00054,Electrohogar,478,3,3,0.0,0.006276
2026-04,SKU00271,Televisores,396,0,0,0.0,0.0
2026-05,SKU00271,Televisores,363,0,0,0.0,0.0
2026-06,SKU00271,Televisores,394,0,0,0.0,0.0
2026-07,SKU00271,Televisores,308,0,0,0.0,0.0
2026-08,SKU00271,Televisores,295,0,0,0.0,0.0
2026-09,SKU00271,Televisores,352,0,0,0.0,0.0
2026-04,SKU00481,Televisores,487,0,0,0.0,0.0
2026-05,SKU00481,Televisores,420,0,0,0.0,0.0
2026-06,SKU00481,Televisores,506,0,0,0.0,0.0
2026-07,SKU00481,Televisores,527,0,0,0.0,0.0
2026-08,SKU00481,Televisores,435,0,0,0.0,0.0
2026-09,SKU00481,Televisores,410,0,0,0.0,0.0
2026-04,SKU00128,Computadores,456,4,5,13406580.0,0.008772
2026-05,SKU00128,Computadores,563,5,7,18769212.0,0.008881
2026-06,SKU00128,Computadores,585,5,6,16087896.0,0.008547
2026-07,SKU00128,Computadores,490,6,6,16087896.0,0.012245
2026-08,SKU00128,Computadores,460,3,4,10725264.0,0.006522
2026-09,SKU00128,Computadores,552,4,4,10725264.0,0.007246
2026-04,SKU00424,Electrohogar,428,4,5,10455430.0,0.009346
2026-05,SKU00424,Electrohogar,437,4,5,10455430.0,0.009153
2026-06,SKU00424,Electrohogar,510,4,6,12546516.0,0.007843
2026-07,SKU00424,Electrohogar,497,4,6,12546516.0,0.008048
2026-08,SKU00424,Electrohogar,548,5,6,12546516.0,0.009124
2026-09,SKU00424,Electrohogar,518,5,5,10455430.0,0.009653
2026-04,SKU00756,Televisores,118,1,1,4243116.0,0.008475
2026-05,SKU00756,Televisores,95,1,1,4243116.0,0.010526
2026-06,SKU00756,Televisores,116,1,1,4243116.0,0.008621
2026-07,SKU00756,Televisores,89,1,1,4243116.0,0.011236
2026-08,SKU00756,Televisores,118,1,1,4243116.0,0.008475
2026-09,SKU00756,Televisores,101,1,1,4243116.0,0.009901
2026-04,SKU00198,Computadores,267,4,5,6666910.0,0.014981
2026-05,SKU00198,Computadores,291,4,5,6666910.0,0.013746
2026-06,SKU00198,Computadores,344,6,6,8000292.0,0.017442
2026-07,SKU00198,Computadores,283,5,5,6666910.0,0.017668
2026-08,SKU00198,Computadores,347,4,5,6666910.0,0.011527
2026-09,SKU00198,Computadores,268,3,4,5333528.0,0.011194
2026-04,SKU00384,Electrohogar,570,6,7,5824490.0,0.010526
2026-05,SKU00384,Electrohogar,496,4,6,4992420.0,0.008065
2026-06,SKU00384,Electrohogar,481,3,5,4160350.0,0.006237
2026-07,SKU00384,Electrohogar,495,6,6,4992420.0,0.012121
2026-08,SKU00384,Electrohogar,565,5,6,4992420.0,0.00885
2026-09,SKU00384,Electrohogar,541,4,6,4992420.0,0.007394
2026-04,SKU00414,Electrohogar,159,2,2,8444740.0,0.012579
2026-05,SKU00414,Electrohogar,150,1,2,8444740.0,0.006667
2026-06,SKU00414,Electrohogar,154,2,2,8444740.0,0.012987
2026-07,SKU00414,Electrohogar,139,1,1,4222370.0,0.007194
2026-08,SKU00414,Electrohogar,122,1,1,4222370.0,0.008197
2026-09,SKU00414,Electrohogar,146,1,1,4222370.0,0.006849
2026-04,SKU00588,Computadores,88,2,2,1903500.0,0.022727
2026-05,SKU00588,Computadores,93,2,2,1903500.0,0.021505
2026-06,SKU00588,Computadores,94,2,2,1903500.0,0.021277
2026-07,SKU00588,Computadores,92,1,2,1903500.0,0.01087
2026-08,SKU00588,Computadores,95,2,2,1903500.0,0.021053
2026-09,SKU00588,Computadores,100,2,2,1903500.0,0.02
2026-04,SKU00944,Electrohogar,432,5,6,17161656.0,0.011574
2026-05,SKU00944,Electrohogar,408,3,5,14301380.0,0.007353
2026-06,SKU00944,Electrohogar,417,5,5,14301380.0,0.01199
2026-07,SKU00944,Electrohogar,476,5,5,14301380.0,0.010504
2026-08,SKU00944,Electrohogar,479,4,5,14301380.0,0.008351
2026-09,SKU00944,Electrohogar,422,3,4,11441104.0,0.007109
2026-04,SKU00497,Celulares,197,5,5,12466830.0,0.025381
2026-05,SKU00497,Celulares,252,5,7,17453562.0,0.019841
2026-06,SKU00497,Celulares,207,5,6,14960196.0,0.024155
2026-07,SKU00497,Celulares,217,4,5,12466830.0,0.018433
2026-08,SKU00497,Celulares,260,4,6,14960196.0,0.015385
2026-09,SKU00497,Celulares,233,5,6,14960196.0,0.021459
2026-04,SKU00194,Electrohogar,481,4,4,18075964.0,0.008316
2026-05,SKU00194,Electrohogar,570,5,5,22594955.0,0.008772
2026-06,SKU00194,Electrohogar,529,4,5,22594955.0,0.007561
2026-07,SKU00194,Electrohogar,464,4,4,18075964.0,0.008621
2026-08,SKU00194,Electrohogar,555,4,5,22594955.0,0.007207
2026-09,SKU00194,Electrohogar,492,3,4,18075964.0,0.006098
2026-04,SKU00887,Celulares,78,1,2,3754578.0,0.012821
2026-05,SKU00887,Celulares,84,2,2,3754578.0,0.02381
2026-06,SKU00887,Celulares,97,1,2,3754578.0,0.010309
2026-07,SKU00887,Celulares,81,2,2,3754578.0,0.024691
2026-08,SKU00887,Celulares,95,2,2,3754578.0,0.021053
2026-09,SKU00887,Celulares,81,2,2,3754578.0,0.024691
2026-04,SKU00031,Televisores,156,0,0,0.0,0.0
2026-05,SKU00031,Televisores,198,0,0,0.0,0.0
2026-06,SKU00031,Televisores,172,0,0,0.0,0.0
2026-07,SKU00031,Televisores,191,0,0,0.0,0.0
2026-08,SKU00031,Televisores,210,0,0,0.0,0.0
2026-09,SKU00031,Televisores,159,0,0,0.0,0.0
2026-04,SKU00653,Computadores,248,4,5,17257495.0,0.016129
2026-05,SKU00653,Computadores,282,5,7,24160493.0,0.01773
2026-06,SKU00653,Computadores,236,4,5,17257495.0,0.016949
2026-07,SKU00653,Computadores,276,4,6,20708994.0,0.014493
2026-08,SKU00653,Computadores,237,5,5,17257495.0,0.021097
2026-09,SKU00653,Computadores,302,5,6,20708994.0,0.016556
2026-04,SKU00157,Celulares,314,4,4,17137544.0,0.012739
2026-05,SKU00157,Celulares,304,3,4,17137544.0,0.009868
2026-06,SKU00157,Celulares,327,3,4,17137544.0,0.009174
2026-07,SKU00157,Celulares,295,3,3,12853158.0,0.010169
2026-08,SKU00157,Celulares,296,3,3,12853158.0,0.010135
2026-09,SKU00157,Celulares,291,3,3,12853158.0,0.010309
2026-04,SKU00381,Televisores,106,0,0,0.0,0.0
2026-05,SKU00381,Televisores,107,0,0,0.0,0.0
2026-06,SKU00381,Televisores,112,0,0,0.0,0.0
2026-07,SKU00381,Televisores,108,0,0,0.0,0.0
2026-08,SKU00381,Televisores,109,0,0,0.0,0.0
2026-09,SKU00381,Televisores,100,0,0,0.0,0.0
2026-04,SKU00152,Celulares,535,6,7,6608833.0,0.011215
2026-05,SKU00152,Celulares,511,4,6,5664714.0,0.007828
2026-06,SKU00152,Celulares,497,5,6,5664714.0,0.01006
2026-07,SKU00152,Celulares,473,5,6,5664714.0,0.010571
2026-08,SKU00152,Celulares,564,6,7,6608833.0,0.010638
2026-09,SKU00152,Celulares,475,3,4,3776476.0,0.006316
2026-04,SKU00519,Electrohogar,270,2,3,2228985.0,0.007407
2026-05,SKU00519,Electrohogar,305,4,4,2971980.0,0.013115
2026-06,SKU00519,Electrohogar,258,2,3,2228985.0,0.007752
2026-07,SKU00519,Electrohogar,315,3,4,2971980.0,0.009524
2026-08,SKU00519,Electrohogar,264,2,3,2228985.0,0.007576
2026-09,SKU00519,Electrohogar,271,3,3,2228985.0,0.01107
2026-04,SKU00690,Videojuegos,91,3,3,13851414.0,0.032967
2026-05,SKU00690,Videojuegos,82,1,2,9234276.0,0.012195
2026-06,SKU00690,Videojuegos,98,2,3,13851414.0,0.020408
2026-07,SKU00690,Videojuegos,99,3,3,13851414.0,0.030303
2026-08,SKU00690,Videojuegos,90,2,3,13851414.0,0.022222
2026-09,SKU00690,Videojuegos,83,2,2,9234276.0,0.024096
2026-04,SKU00246,Televisores,288,1,2,3418854.0,0.003472
2026-05,SKU00246,Televisores,262,1,2,3418854.0,0.003817
2026-06,SKU00246,Televisores,314,2,2,3418854.0,0.006369
2026-07,SKU00246,Televisores,281,2,2,3418854.0,0.007117
2026-08,SKU00246,Televisores,316,2,2,3418854.0,0.006329
2026-09,SKU00246,Televisores,276,2,2,3418854.0,0.007246
2026-04,SKU00491,Televisores,126,0,0,0.0,0.0
2026-05,SKU00491,Televisores,106,0,0,0.0,0.0
2026-06,SKU00491,Televisores,115,0,0,0.0,0.0
2026-07,SKU00491,Televisores,102,0,0,0.0,0.0
2026-08,SKU00491,Televisores,101,0,0,0.0,0.0
2026-09,SKU00491,Televisores,110,0,0,0.0,0.0
2026-04,SKU00807,Celulares,195,4,5,6715235.0,0.020513
2026-05,SKU00807,Celulares,191,3,4,5372188.0,0.015707
2026-06,SKU00807,Celulares,208,4,5,6715235.0,0.019231
2026-07,SKU00807,Celulares,174,3,4,5372188.0,0.017241
2026-08,SKU00807,Celulares,178,2,3,4029141.0,0.011236
2026-09,SKU00807,Celulares,208,4,4,5372188.0,0.019231
2026-04,SKU00930,Videojuegos,214,4,6,21209376.0,0.018692
2026-05,SKU00930,Videojuegos,240,6,8,28279168.0,0.025
2026-06,SKU00930,Videojuegos,193,5,6,21209376.0,0.025907
2026-07,SKU00930,Videojuegos,210,6,6,21209376.0,0.028571
2026-08,SKU00930,Videojuegos,217,5,6,21209376.0,0.023041
2026-09,SKU00930,Videojuegos,197,3,4,14139584.0,0.015228
2026-04,SKU00680,Videojuegos,159,4,5,2149590.0,0.025157
2026-05,SKU00680,Videojuegos,137,3,4,1719672.0,0.021898
2026-06,SKU00680,Videojuegos,143,3,4,1719672.0,0.020979
2026-07,SKU00680,Videojuegos,151,4,5,2149590.0,0.02649
2026-08,SKU00680,Videojuegos,159,4,5,2149590.0,0.025157
2026-09,SKU00680,Videojuegos,159,3,4,1719672.0,0.018868
2026-04,SKU00196,Televisores,294,2,2,312266.0,0.006803
2026-05,SKU00196,Televisores,295,2,2,312266.0,0.00678
2026-06,SKU00196,Televisores,254,1,2,312266.0,0.003937
2026-07,SKU00196,Televisores,292,2,2,312266.0,0.006849
2026-08,SKU00196,Televisores,246,2,2,312266.0,0.00813
2026-09,SKU00196,Televisores,280,2,2,312266.0,0.007143
2026-04,SKU00007,Celulares,234,2,3,13863900.0,0.008547
2026-05,SKU00007,Celulares,220,2,3,13863900.0,0.009091
2026-06,SKU00007,Celulares,188,2,2,9242600.0,0.010638
2026-07,SKU00007,Celulares,177,2,2,9242600.0,0.011299
2026-08,SKU00007,Celulares,196,2,2,9242600.0,0.010204
2026-09,SKU00007,Celulares,197,1,2,9242600.0,0.005076
2026-04,SKU00347,Celulares,207,5,6,27488778.0,0.024155
2026-05,SKU00347,Celulares,190,4,5,22907315.0,0.021053
2026-06,SKU00347,Celulares,248,5,6,27488778.0,0.020161
2026-07,SKU00347,Celulares,241,3,5,22907315.0,0.012448
2026-08,SKU00347,Celulares,192,3,4,18325852.0,0.015625
2026-09,SKU00347,Celulares,211,4,4,18325852.0,0.018957
2026-04,SKU00087,Televisores,321,1,1,737726.0,0.003115
2026-05,SKU00087,Televisores,308,1,2,1475452.0,0.003247
2026-06,SKU00087,Televisores,380,2,2,1475452.0,0.005263
2026-07,SKU00087,Televisores,374,2,2,1475452.0,0.005348
2026-08,SKU00087,Televisores,347,1,1,737726.0,0.002882
2026-09,SKU00087,Televisores,305,1,1,737726.0,0.003279
2026-04,SKU00493,Computadores,322,5,7,14351225.0,0.015528
2026-05,SKU00493,Computadores,327,6,8,16401400.0,0.018349
2026-06,SKU00493,Computadores,304,5,7,14351225.0,0.016447
2026-07,SKU00493,Computadores,373,7,8,16401400.0,0.018767
2026-08,SKU00493,Computadores,301,4,5,10250875.0,0.013289
2026-09,SKU00493,Computadores,295,4,5,10250875.0,0.013559
2026-04,SKU00711,Televisores,284,0,0,0.0,0.0
2026-05,SKU00711,Televisores,268,0,0,0.0,0.0
2026-06,SKU00711,Televisores,259,0,0,0.0,0.0
2026-07,SKU00711,Televisores,233,0,0,0.0,0.0
2026-08,SKU00711,Televisores,286,0,0,0.0,0.0
2026-09,SKU00711,Televisores,236,0,0,0.0,0.0
2026-04,SKU00234,Electrohogar,676,4,5,23657275.0,0.005917
2026-05,SKU00234,Electrohogar,677,5,7,33120185.0,0.007386
2026-06,SKU00234,Electrohogar,672,6,6,28388730.0,0.008929
2026-07,SKU00234,Electrohogar,625,5,5,23657275.0,0.008
2026-08,SKU00234,Electrohogar,625,4,5,23657275.0,0.0064
2026-09,SKU00234,Electrohogar,659,5,5,23657275.0,0.007587
2026-04,SKU00348,Computadores,498,8,9,12116088.0,0.016064
2026-05,SKU00348,Computadores,564,11,13,17501016.0,0.019504
2026-06,SKU00348,Computadores,573,9,13,17501016.0,0.015707
2026-07,SKU00348,Computadores,490,8,11,14808552.0,0.016327
2026-08,SKU00348,Computadores,527,7,10,13462320.0,0.013283
2026-09,SKU00348,Computadores,500,6,8,10769856.0,0.012
2026-04,SKU00822,Celulares,256,4,6,15169590.0,0.015625
2026-05,SKU00822,Celulares,322,8,9,22754385.0,0.024845
2026-06,SKU00822,Celulares,306,5,7,17697855.0,0.01634
2026-07,SKU00822,Celulares,298,6,8,20226120.0,0.020134
2026-08,SKU00822,Celulares,326,6,8,20226120.0,0.018405
2026-09,SKU00822,Celulares,245,4,6,15169590.0,0.016327
2026-04,SKU00380,Videojuegos,299,7,8,27158328.0,0.023411
2026-05,SKU00380,Videojuegos,376,11,13,44132283.0,0.029255
2026-06,SKU00380,Videojuegos,300,8,10,33947910.0,0.026667
2026-07,SKU00380,Videojuegos,296,5,8,27158328.0,0.016892
2026-08,SKU00380,Videojuegos,327,7,10,33947910.0,0.021407
2026-09,SKU00380,Videojuegos,376,8,11,37342701.0,0.021277
2026-04,SKU00406,Televisores,264,3,3,11274405.0,0.011364
2026-05,SKU00406,Televisores,236,2,2,7516270.0,0.008475
2026-06,SKU00406,Televisores,242,2,3,11274405.0,0.008264
2026-07,SKU00406,Televisores,232,1,2,7516270.0,0.00431
2026-08,SKU00406,Televisores,253,1,2,7516270.0,0.003953
2026-09,SKU00406,Televisores,278,2,2,7516270.0,0.007194
2026-04,SKU00379,Electrohogar,469,5,6,11800458.0,0.010661
2026-05,SKU00379,Electrohogar,502,4,6,11800458.0,0.007968
2026-06,SKU00379,Electrohogar,553,5,6,11800458.0,0.009042
2026-07,SKU00379,Electrohogar,476,5,5,9833715.0,0.010504
2026-08,SKU00379,Electrohogar,457,4,5,9833715.0,0.008753
2026-09,SKU00379,Electrohogar,439,3,4,7866972.0,0.006834
2026-04,SKU00117,Celulares,356,3,5,14182865.0,0.008427
2026-05,SKU00117,Celulares,329,3,4,11346292.0,0.009119
2026-06,SKU00117,Celulares,335,3,4,11346292.0,0.008955
2026-07,SKU00117,Celulares,395,5,5,14182865.0,0.012658
2026-08,SKU00117,Celulares,418,4,5,14182865.0,0.009569
2026-09,SKU00117,Celulares,368,3,4,11346292.0,0.008152
2026-04,SKU00065,Videojuegos,555,6,9,32429115.0,0.010811
2026-05,SKU00065,Videojuegos,562,7,8,28825880.0,0.012456
2026-06,SKU00065,Videojuegos,566,8,9,32429115.0,0.014134
2026-07,SKU00065,Videojuegos,475,6,7,25222645.0,0.012632
2026-08,SKU00065,Videojuegos,478,4,5,18016175.0,0.008368
2026-09,SKU00065,Videojuegos,486,5,6,21619410.0,0.010288
2026-04,SKU00911,Televisores,467,0,0,0.0,0.0
2026-05,SKU00911,Televisores,469,0,0,0.0,0.0
2026-06,SKU00911,Televisores,474,0,0,0.0,0.0
2026-07,SKU00911,Televisores,510,0,0,0.0,0.0
2026-08,SKU00911,Televisores,486,0,0,0.0,0.0
2026-09,SKU00911,Televisores,436,0,0,0.0,0.0
2026-04,SKU00615,Videojuegos,303,6,8,14082936.0,0.019802
2026-05,SKU00615,Videojuegos,288,7,9,15843303.0,0.024306
2026-06,SKU00615,Videojuegos,304,8,9,15843303.0,0.026316
2026-07,SKU00615,Videojuegos,293,8,9,15843303.0,0.027304
2026-08,SKU00615,Videojuegos,240,5,6,10562202.0,0.020833
2026-09,SKU00615,Videojuegos,298,5,7,12322569.0,0.016779
2026-04,SKU00387,Celulares,516,8,11,11828850.0,0.015504
2026-05,SKU00387,Celulares,485,10,11,11828850.0,0.020619
2026-06,SKU00387,Celulares,474,9,12,12904200.0,0.018987
2026-07,SKU00387,Celulares,476,7,10,10753500.0,0.014706
2026-08,SKU00387,Celulares,433,8,10,10753500.0,0.018476
2026-09,SKU00387,Celulares,430,7,10,10753500.0,0.016279
2026-04,SKU00855,Videojuegos,247,6,7,29414756.0,0.024291
2026-05,SKU00855,Videojuegos,264,7,9,37818972.0,0.026515
2026-06,SKU00855,Videojuegos,295,8,9,37818972.0,0.027119
2026-07,SKU00855,Videojuegos,256,5,7,29414756.0,0.019531
2026-08,SKU00855,Videojuegos,265,6,7,29414756.0,0.022642
2026-09,SKU00855,Videojuegos,283,5,8,33616864.0,0.017668
2026-04,SKU00707,Celulares,132,3,4,14169536.0,0.022727
2026-05,SKU00707,Celulares,154,3,4,14169536.0,0.019481
2026-06,SKU00707,Celulares,154,3,4,14169536.0,0.019481
2026-07,SKU00707,Celulares,161,3,4,14169536.0,0.018634
2026-08,SKU00707,Celulares,152,3,4,14169536.0,0.019737
2026-09,SKU00707,Celulares,149,2,3,10627152.0,0.013423
2026-04,SKU00063,Computadores,367,3,4,16070336.0,0.008174
2026-05,SKU00063,Computadores,281,2,3,12052752.0,0.007117
2026-06,SKU00063,Computadores,286,3,3,12052752.0,0.01049
2026-07,SKU00063,Computadores,346,3,4,16070336.0,0.008671
2026-08,SKU00063,Computadores,334,3,4,16070336.0,0.008982
2026-09,SKU00063,Computadores,344,2,3,12052752.0,0.005814
2026-04,SKU00074,Electrohogar,568,2,3,4335354.0,0.003521
2026-05,SKU00074,Electrohogar,589,3,4,5780472.0,0.005093
2026-06,SKU00074,Electrohogar,588,4,4,5780472.0,0.006803
2026-07,SKU00074,Electrohogar,606,2,3,4335354.0,0.0033
2026-08,SKU00074,Electrohogar,563,3,3,4335354.0,0.005329
2026-09,SKU00074,Electrohogar,540,3,3,4335354.0,0.005556
2026-04,SKU00781,Televisores,649,0,0,0.0,0.0
2026-05,SKU00781,Televisores,606,0,0,0.0,0.0
2026-06,SKU00781,Televisores,506,0,0,0.0,0.0
2026-07,SKU00781,Televisores,627,0,0,0.0,0.0
2026-08,SKU00781,Televisores,617,0,0,0.0,0.0
2026-09,SKU00781,Televisores,575,0,0,0.0,0.0
2026-04,SKU00114,Electrohogar,609,3,4,18986572.0,0.004926
2026-05,SKU00114,Electrohogar,494,3,3,14239929.0,0.006073
2026-06,SKU00114,Electrohogar,568,3,3,14239929.0,0.005282
2026-07,SKU00114,Electrohogar,460,2,3,14239929.0,0.004348
2026-08,SKU00114,Electrohogar,517,2,2,9493286.0,0.003868
2026-09,SKU00114,Electrohogar,562,3,3,14239929.0,0.005338
2026-04,SKU00212,Celulares,246,4,5,9544425.0,0.01626
2026-05,SKU00212,Celulares,238,3,4,7635540.0,0.012605
2026-06,SKU00212,Celulares,223,3,5,9544425.0,0.013453
2026-07,SKU00212,Celulares,208,3,4,7635540.0,0.014423
2026-08,SKU00212,Celulares,233,4,4,7635540.0,0.017167
2026-09,SKU00212,Celulares,249,3,4,7635540.0,0.012048
2026-04,SKU00589,Electrohogar,305,2,3,9355095.0,0.006557
2026-05,SKU00589,Electrohogar,369,4,5,15591825.0,0.01084
2026-06,SKU00589,Electrohogar,305,3,3,9355095.0,0.009836
2026-07,SKU00589,Electrohogar,391,3,4,12473460.0,0.007673
2026-08,SKU00589,Electrohogar,299,3,3,9355095.0,0.010033
2026-09,SKU00589,Electrohogar,394,3,4,12473460.0,0.007614
2026-04,SKU00085,Televisores,210,1,1,2023033.0,0.004762
2026-05,SKU00085,Televisores,202,1,1,2023033.0,0.00495
2026-06,SKU00085,Televisores,186,1,1,2023033.0,0.005376
2026-07,SKU00085,Televisores,208,1,1,2023033.0,0.004808
2026-08,SKU00085,Televisores,186,1,1,2023033.0,0.005376
2026-09,SKU00085,Televisores,221,1,1,2023033.0,0.004525
2026-04,SKU00958,Computadores,191,4,5,2176380.0,0.020942
2026-05,SKU00958,Computadores,214,3,4,1741104.0,0.014019
2026-06,SKU00958,Computadores,234,4,4,1741104.0,0.017094
2026-07,SKU00958,Computadores,184,4,4,1741104.0,0.021739
2026-08,SKU00958,Computadores,232,3,4,1741104.0,0.012931
2026-09,SKU00958,Computadores,232,5,5,2176380.0,0.021552
2026-04,SKU00654,Electrohogar,452,6,6,4665654.0,0.013274
2026-05,SKU00654,Electrohogar,431,4,5,3888045.0,0.009281
2026-06,SKU00654,Electrohogar,469,4,5,3888045.0,0.008529
2026-07,SKU00654,Electrohogar,465,3,4,3110436.0,0.006452
2026-08,SKU00654,Electrohogar,449,4,5,3888045.0,0.008909
2026-09,SKU00654,Electrohogar,487,3,4,3110436.0,0.00616
2026-04,SKU00075,Videojuegos,149,2,2,3686084.0,0.013423
2026-05,SKU00075,Videojuegos,121,2,2,3686084.0,0.016529
2026-06,SKU00075,Videojuegos,126,1,2,3686084.0,0.007937
2026-07,SKU00075,Videojuegos,145,1,2,3686084.0,0.006897
2026-08,SKU00075,Videojuegos,144,2,2,3686084.0,0.013889
2026-09,SKU00075,Videojuegos,154,2,2,3686084.0,0.012987
2026-04,SKU00124,Electrohogar,544,2,3,12969612.0,0.003676
2026-05,SKU00124,Electrohogar,494,3,3,12969612.0,0.006073
2026-06,SKU00124,Electrohogar,457,2,3,12969612.0,0.004376
2026-07,SKU00124,Electrohogar,506,2,2,8646408.0,0.003953
2026-08,SKU00124,Electrohogar,477,2,2,8646408.0,0.004193
2026-09,SKU00124,Electrohogar,486,1,2,8646408.0,0.002058
2026-04,SKU00516,Televisores,502,5,6,22292478.0,0.00996
2026-05,SKU00516,Televisores,406,4,4,14861652.0,0.009852
2026-06,SKU00516,Televisores,447,4,5,18577065.0,0.008949
2026-07,SKU00516,Televisores,396,2,3,11146239.0,0.005051
2026-08,SKU00516,Televisores,483,4,5,18577065.0,0.008282
2026-09,SKU00516,Televisores,476,4,5,18577065.0,0.008403
2026-04,SKU00122,Celulares,191,2,2,3340180.0,0.010471
2026-05,SKU00122,Celulares,183,2,2,3340180.0,0.010929
2026-06,SKU00122,Celulares,154,2,2,3340180.0,0.012987
2026-07,SKU00122,Celulares,191,2,2,3340180.0,0.010471
2026-08,SKU00122,Celulares,150,2,2,3340180.0,0.013333
2026-09,SKU00122,Celulares,192,2,2,3340180.0,0.010417
2026-04,SKU00575,Videojuegos,222,5,6,17683068.0,0.022523
2026-05,SKU00575,Videojuegos,183,5,6,17683068.0,0.027322
2026-06,SKU00575,Videojuegos,176,4,5,14735890.0,0.022727
2026-07,SKU00575,Videojuegos,178,4,5,14735890.0,0.022472
2026-08,SKU00575,Videojuegos,181,4,4,11788712.0,0.022099
2026-09,SKU00575,Videojuegos,181,3,4,11788712.0,0.016575
2026-04,SKU00190,Videojuegos,249,4,6,19189812.0,0.016064
2026-05,SKU00190,Videojuegos,239,5,6,19189812.0,0.020921
2026-06,SKU00190,Videojuegos,276,5,6,19189812.0,0.018116
2026-07,SKU00190,Videojuegos,260,5,6,19189812.0,0.019231
2026-08,SKU00190,Videojuegos,292,5,6,19189812.0,0.017123
2026-09,SKU00190,Videojuegos,232,4,4,12793208.0,0.017241
2026-04,SKU00550,Videojuegos,277,6,7,18511626.0,0.021661
2026-05,SKU00550,Videojuegos,294,7,8,21156144.0,0.02381
2026-06,SKU00550,Videojuegos,330,8,9,23800662.0,0.024242
2026-07,SKU00550,Videojuegos,314,7,9,23800662.0,0.022293
2026-08,SKU00550,Videojuegos,336,6,8,21156144.0,0.017857
2026-09,SKU00550,Videojuegos,364,9,10,26445180.0,0.024725
2026-04,SKU00721,Televisores,228,0,0,0.0,0.0
2026-05,SKU00721,Televisores,259,0,0,0.0,0.0
2026-06,SKU00721,Televisores,217,0,0,0.0,0.0
2026-07,SKU00721,Televisores,233,0,0,0.0,0.0
2026-08,SKU00721,Televisores,259,0,0,0.0,0.0
2026-09,SKU00721,Televisores,233,0,0,0.0,0.0
2026-04,SKU00417,Celulares,202,4,5,3273065.0,0.019802
2026-05,SKU00417,Celulares,168,4,5,3273065.0,0.02381
2026-06,SKU00417,Celulares,171,4,5,3273065.0,0.023392
2026-07,SKU00417,Celulares,168,4,5,3273065.0,0.02381
2026-08,SKU00417,Celulares,218,3,5,3273065.0,0.013761
2026-09,SKU00417,Celulares,193,4,5,3273065.0,0.020725
2026-04,SKU00643,Computadores,510,9,11,3903240.0,0.017647
2026-05,SKU00643,Computadores,543,7,11,3903240.0,0.012891
2026-06,SKU00643,Computadores,502,9,10,3548400.0,0.017928
2026-07,SKU00643,Computadores,525,10,12,4258080.0,0.019048
2026-08,SKU00643,Computadores,631,11,12,4258080.0,0.017433
2026-09,SKU00643,Computadores,564,8,11,3903240.0,0.014184
2026-04,SKU00833,Computadores,250,4,5,18375030.0,0.016
2026-05,SKU00833,Computadores,222,5,6,22050036.0,0.022523
2026-06,SKU00833,Computadores,229,4,5,18375030.0,0.017467
2026-07,SKU00833,Computadores,233,4,5,18375030.0,0.017167
2026-08,SKU00833,Computadores,228,3,4,14700024.0,0.013158
2026-09,SKU00833,Computadores,271,4,5,18375030.0,0.01476
2026-04,SKU00483,Computadores,295,7,7,3477257.0,0.023729
2026-05,SKU00483,Computadores,305,4,6,2980506.0,0.013115
2026-06,SKU00483,Computadores,274,6,6,2980506.0,0.021898
2026-07,SKU00483,Computadores,282,4,5,2483755.0,0.014184
2026-08,SKU00483,Computadores,319,5,6,2980506.0,0.015674
2026-09,SKU00483,Computadores,357,5,6,2980506.0,0.014006
2026-04,SKU00028,Computadores,217,2,2,8475710.0,0.009217
2026-05,SKU00028,Computadores,244,2,3,12713565.0,0.008197
2026-06,SKU00028,Computadores,226,3,3,12713565.0,0.013274
2026-07,SKU00028,Computadores,233,2,2,8475710.0,0.008584
2026-08,SKU00028,Computadores,202,2,2,8475710.0,0.009901
2026-09,SKU00028,Computadores,240,2,2,8475710.0,0.008333
2026-04,SKU00976,Televisores,126,1,1,2692486.0,0.007937
2026-05,SKU00976,Televisores,137,1,1,2692486.0,0.007299
2026-06,SKU00976,Televisores,107,1,1,2692486.0,0.009346
2026-07,SKU00976,Televisores,139,1,1,2692486.0,0.007194
2026-08,SKU00976,Televisores,118,1,1,2692486.0,0.008475
2026-09,SKU00976,Televisores,113,1,1,2692486.0,0.00885
2026-04,SKU00170,Videojuegos,187,2,3,7664832.0,0.010695
2026-05,SKU00170,Videojuegos,170,2,3,7664832.0,0.011765
2026-06,SKU00170,Videojuegos,225,4,4,10219776.0,0.017778
2026-07,SKU00170,Videojuegos,200,3,3,7664832.0,0.015
2026-08,SKU00170,Videojuegos,223,2,3,7664832.0,0.008969
2026-09,SKU00170,Videojuegos,170,1,2,5109888.0,0.005882
2026-04,SKU00173,Computadores,160,1,2,586954.0,0.00625
2026-05,SKU00173,Computadores,180,2,2,586954.0,0.011111
2026-06,SKU00173,Computadores,165,1,2,586954.0,0.006061
2026-07,SKU00173,Computadores,167,1,2,586954.0,0.005988
2026-08,SKU00173,Computadores,197,2,2,586954.0,0.010152
2026-09,SKU00173,Computadores,177,1,2,586954.0,0.00565
2026-04,SKU00776,Televisores,313,3,3,4032504.0,0.009585
2026-05,SKU00776,Televisores,318,2,3,4032504.0,0.006289
2026-06,SKU00776,Televisores,340,3,4,5376672.0,0.008824
2026-07,SKU00776,Televisores,321,2,3,4032504.0,0.006231
2026-08,SKU00776,Televisores,380,3,4,5376672.0,0.007895
2026-09,SKU00776,Televisores,322,3,3,4032504.0,0.009317
2026-04,SKU00502,Celulares,311,6,8,1764608.0,0.019293
2026-05,SKU00502,Celulares,371,8,9,1985184.0,0.021563
2026-06,SKU00502,Celulares,381,8,9,1985184.0,0.020997
2026-07,SKU00502,Celulares,377,7,10,2205760.0,0.018568
2026-08,SKU00502,Celulares,400,7,10,2205760.0,0.0175
2026-09,SKU00502,Celulares,335,5,6,1323456.0,0.014925
2026-04,SKU00712,Celulares,140,3,3,3524553.0,0.021429
2026-05,SKU00712,Celulares,142,3,4,4699404.0,0.021127
2026-06,SKU00712,Celulares,132,3,4,4699404.0,0.022727
2026-07,SKU00712,Celulares,119,2,3,3524553.0,0.016807
2026-08,SKU00712,Celulares,143,4,4,4699404.0,0.027972
2026-09,SKU00712,Celulares,122,2,3,3524553.0,0.016393
2026-04,SKU00784,Electrohogar,196,1,2,7042580.0,0.005102
2026-05,SKU00784,Electrohogar,212,3,3,10563870.0,0.014151
2026-06,SKU00784,Electrohogar,169,1,2,7042580.0,0.005917
2026-07,SKU00784,Electrohogar,212,2,3,10563870.0,0.009434
2026-08,SKU00784,Electrohogar,191,1,2,7042580.0,0.005236
2026-09,SKU00784,Electrohogar,179,2,2,7042580.0,0.011173
2026-04,SKU00924,Electrohogar,289,2,3,3471456.0,0.00692
2026-05,SKU00924,Electrohogar,309,2,3,3471456.0,0.006472
2026-06,SKU00924,Electrohogar,303,3,4,4628608.0,0.009901
2026-07,SKU00924,Electrohogar,292,3,4,4628608.0,0.010274
2026-08,SKU00924,Electrohogar,268,2,3,3471456.0,0.007463
2026-09,SKU00924,Electrohogar,295,2,3,3471456.0,0.00678
2026-04,SKU00847,Celulares,471,11,14,60691526.0,0.023355
2026-05,SKU00847,Celulares,490,7,11,47686199.0,0.014286
2026-06,SKU00847,Celulares,529,11,15,65026635.0,0.020794
2026-07,SKU00847,Celulares,558,11,13,56356417.0,0.019713
2026-08,SKU00847,Celulares,525,10,12,52021308.0,0.019048
2026-09,SKU00847,Celulares,475,9,10,43351090.0,0.018947
2026-04,SKU00484,Electrohogar,221,2,3,6083547.0,0.00905
2026-05,SKU00484,Electrohogar,242,3,3,6083547.0,0.012397
2026-06,SKU00484,Electrohogar,193,1,2,4055698.0,0.005181
2026-07,SKU00484,Electrohogar,241,2,3,6083547.0,0.008299
2026-08,SKU00484,Electrohogar,211,2,2,4055698.0,0.009479
2026-09,SKU00484,Electrohogar,190,2,2,4055698.0,0.010526
2026-04,SKU00129,Electrohogar,377,2,2,2040214.0,0.005305
2026-05,SKU00129,Electrohogar,344,2,2,2040214.0,0.005814
2026-06,SKU00129,Electrohogar,351,2,2,2040214.0,0.005698
2026-07,SKU00129,Electrohogar,336,2,2,2040214.0,0.005952
2026-08,SKU00129,Electrohogar,367,1,2,2040214.0,0.002725
2026-09,SKU00129,Electrohogar,385,2,2,2040214.0,0.005195
2026-04,SKU00592,Celulares,154,3,4,2667316.0,0.019481
2026-05,SKU00592,Celulares,137,4,4,2667316.0,0.029197
2026-06,SKU00592,Celulares,162,4,4,2667316.0,0.024691
2026-07,SKU00592,Celulares,137,3,4,2667316.0,0.021898
2026-08,SKU00592,Celulares,132,2,3,2000487.0,0.015152
2026-09,SKU00592,Celulares,129,3,3,2000487.0,0.023256
2026-04,SKU00783,Computadores,546,9,13,36029734.0,0.016484
2026-05,SKU00783,Computadores,603,9,13,36029734.0,0.014925
2026-06,SKU00783,Computadores,483,8,10,27715180.0,0.016563
2026-07,SKU00783,Computadores,511,10,11,30486698.0,0.019569
2026-08,SKU00783,Computadores,509,8,9,24943662.0,0.015717
2026-09,SKU00783,Computadores,472,9,10,27715180.0,0.019068
2026-04,SKU00921,Televisores,298,0,0,0.0,0.0
2026-05,SKU00921,Televisores,304,0,0,0.0,0.0
2026-06,SKU00921,Televisores,313,0,0,0.0,0.0
2026-07,SKU00921,Televisores,286,0,0,0.0,0.0
2026-08,SKU00921,Televisores,255,0,0,0.0,0.0
2026-09,SKU00921,Televisores,270,0,0,0.0,0.0
2026-04,SKU00290,Videojuegos,97,3,3,9743994.0,0.030928
2026-05,SKU00290,Videojuegos,104,3,3,9743994.0,0.028846
2026-06,SKU00290,Videojuegos,92,3,3,9743994.0,0.032609
2026-07,SKU00290,Videojuegos,99,3,3,9743994.0,0.030303
2026-08,SKU00290,Videojuegos,87,2,2,6495996.0,0.022989
2026-09,SKU00290,Videojuegos,104,2,3,9743994.0,0.019231
2026-04,SKU00164,Electrohogar,338,1,2,3979922.0,0.002959
2026-05,SKU00164,Electrohogar,315,2,2,3979922.0,0.006349
2026-06,SKU00164,Electrohogar,347,2,2,3979922.0,0.005764
2026-07,SKU00164,Electrohogar,359,1,2,3979922.0,0.002786
2026-08,SKU00164,Electrohogar,298,2,2,3979922.0,0.006711
2026-09,SKU00164,Electrohogar,334,1,1,1989961.0,0.002994
2026-04,SKU00119,Electrohogar,476,3,3,2870313.0,0.006303
2026-05,SKU00119,Electrohogar,454,3,3,2870313.0,0.006608
2026-06,SKU00119,Electrohogar,563,2,3,2870313.0,0.003552
2026-07,SKU00119,Electrohogar,441,3,3,2870313.0,0.006803
2026-08,SKU00119,Electrohogar,538,1,2,1913542.0,0.001859
2026-09,SKU00119,Electrohogar,451,2,2,1913542.0,0.004435
2026-04,SKU00731,Televisores,101,0,0,0.0,0.0
2026-05,SKU00731,Televisores,94,0,0,0.0,0.0
2026-06,SKU00731,Televisores,81,0,0,0.0,0.0
2026-07,SKU00731,Televisores,103,0,0,0.0,0.0
2026-08,SKU00731,Televisores,92,0,0,0.0,0.0
2026-09,SKU00731,Televisores,86,0,0,0.0,0.0
2026-04,SKU00286,Televisores,110,1,1,4608621.0,0.009091
2026-05,SKU00286,Televisores,137,1,1,4608621.0,0.007299
2026-06,SKU00286,Televisores,107,1,1,4608621.0,0.009346
2026-07,SKU00286,Televisores,130,1,1,4608621.0,0.007692
2026-08,SKU00286,Televisores,120,1,1,4608621.0,0.008333
2026-09,SKU00286,Televisores,110,1,1,4608621.0,0.009091
2026-04,SKU00400,Videojuegos,209,4,6,11127990.0,0.019139
2026-05,SKU00400,Videojuegos,174,5,5,9273325.0,0.028736
2026-06,SKU00400,Videojuegos,161,3,4,7418660.0,0.018634
2026-07,SKU00400,Videojuegos,180,4,5,9273325.0,0.022222
2026-08,SKU00400,Videojuegos,179,4,5,9273325.0,0.022346
2026-09,SKU00400,Videojuegos,190,4,4,7418660.0,0.021053
2026-04,SKU00685,Videojuegos,401,12,13,41816684.0,0.029925
2026-05,SKU00685,Videojuegos,390,9,13,41816684.0,0.023077
2026-06,SKU00685,Videojuegos,303,7,10,32166680.0,0.023102
2026-07,SKU00685,Videojuegos,373,8,10,32166680.0,0.021448
2026-08,SKU00685,Videojuegos,380,9,11,35383348.0,0.023684
2026-09,SKU00685,Videojuegos,310,8,8,25733344.0,0.025806
2026-04,SKU00503,Computadores,326,5,7,23067765.0,0.015337
2026-05,SKU00503,Computadores,394,6,8,26363160.0,0.015228
2026-06,SKU00503,Computadores,362,7,9,29658555.0,0.019337
2026-07,SKU00503,Computadores,379,7,7,23067765.0,0.01847
2026-08,SKU00503,Computadores,411,7,8,26363160.0,0.017032
2026-09,SKU00503,Computadores,369,6,7,23067765.0,0.01626
2026-04,SKU00382,Celulares,304,6,8,17505360.0,0.019737
2026-05,SKU00382,Celulares,322,8,9,19693530.0,0.024845
2026-06,SKU00382,Celulares,334,5,8,17505360.0,0.01497
2026-07,SKU00382,Celulares,361,6,7,15317190.0,0.01662
2026-08,SKU00382,Celulares,358,6,9,19693530.0,0.01676
2026-09,SKU00382,Celulares,300,6,7,15317190.0,0.02
2026-04,SKU00684,Electrohogar,208,2,2,7152502.0,0.009615
2026-05,SKU00684,Electrohogar,253,2,3,10728753.0,0.007905
2026-06,SKU00684,Electrohogar,243,1,2,7152502.0,0.004115
2026-07,SKU00684,Electrohogar,252,2,3,10728753.0,0.007937
2026-08,SKU00684,Electrohogar,190,2,2,7152502.0,0.010526
2026-09,SKU00684,Electrohogar,235,1,2,7152502.0,0.004255
2026-04,SKU00846,Televisores,207,1,2,3170976.0,0.004831
2026-05,SKU00846,Televisores,210,2,2,3170976.0,0.009524
2026-06,SKU00846,Televisores,215,2,2,3170976.0,0.009302
2026-07,SKU00846,Televisores,258,2,3,4756464.0,0.007752
2026-08,SKU00846,Televisores,234,2,2,3170976.0,0.008547
2026-09,SKU00846,Televisores,255,1,2,3170976.0,0.003922
2026-04,SKU00956,Televisores,115,1,1,4844391.0,0.008696
2026-05,SKU00956,Televisores,108,1,1,4844391.0,0.009259
2026-06,SKU00956,Televisores,110,1,1,4844391.0,0.009091
2026-07,SKU00956,Televisores,114,1,1,4844391.0,0.008772
2026-08,SKU00956,Televisores,126,1,1,4844391.0,0.007937
2026-09,SKU00956,Televisores,107,1,1,4844391.0,0.009346
2026-04,SKU00450,Videojuegos,507,10,14,43436358.0,0.019724
2026-05,SKU00450,Videojuegos,526,14,16,49641552.0,0.026616
2026-06,SKU00450,Videojuegos,536,12,16,49641552.0,0.022388
2026-07,SKU00450,Videojuegos,510,10,15,46538955.0,0.019608
2026-08,SKU00450,Videojuegos,534,11,15,46538955.0,0.020599
2026-09,SKU00450,Videojuegos,432,8,10,31025970.0,0.018519
2026-04,SKU00993,Computadores,363,6,7,23872261.0,0.016529
2026-05,SKU00993,Computadores,367,7,8,27282584.0,0.019074
2026-06,SKU00993,Computadores,398,8,9,30692907.0,0.020101
2026-07,SKU00993,Computadores,363,7,7,23872261.0,0.019284
2026-08,SKU00993,Computadores,431,8,9,30692907.0,0.018561
2026-09,SKU00993,Computadores,365,6,6,20461938.0,0.016438
2026-04,SKU00714,Electrohogar,100,1,1,3823085.0,0.01
2026-05,SKU00714,Electrohogar,88,1,1,3823085.0,0.011364
2026-06,SKU00714,Electrohogar,84,1,1,3823085.0,0.011905
2026-07,SKU00714,Electrohogar,83,1,1,3823085.0,0.012048
2026-08,SKU00714,Electrohogar,88,1,1,3823085.0,0.011364
2026-09,SKU00714,Electrohogar,95,1,1,3823085.0,0.010526
2026-04,SKU00392,Celulares,110,2,3,14148879.0,0.018182
2026-05,SKU00392,Celulares,131,3,3,14148879.0,0.022901
2026-06,SKU00392,Celulares,131,3,4,18865172.0,0.022901
2026-07,SKU00392,Celulares,127,3,3,14148879.0,0.023622
2026-08,SKU00392,Celulares,118,3,3,14148879.0,0.025424
2026-09,SKU00392,Celulares,133,3,3,14148879.0,0.022556
2026-04,SKU00548,Computadores,400,8,9,43655490.0,0.02
2026-05,SKU00548,Computadores,368,8,9,43655490.0,0.021739
2026-06,SKU00548,Computadores,393,8,10,48506100.0,0.020356
2026-07,SKU00548,Computadores,485,9,10,48506100.0,0.018557
2026-08,SKU00548,Computadores,375,5,6,29103660.0,0.013333
2026-09,SKU00548,Computadores,402,7,8,38804880.0,0.017413
2026-04,SKU00948,Computadores,168,3,4,5799608.0,0.017857
2026-05,SKU00948,Computadores,158,2,3,4349706.0,0.012658
2026-06,SKU00948,Computadores,161,3,3,4349706.0,0.018634
2026-07,SKU00948,Computadores,167,4,4,5799608.0,0.023952
2026-08,SKU00948,Computadores,182,3,3,4349706.0,0.016484
2026-09,SKU00948,Computadores,191,3,4,5799608.0,0.015707
2026-04,SKU00664,Electrohogar,500,5,6,15149724.0,0.01
2026-05,SKU00664,Electrohogar,508,5,6,15149724.0,0.009843
2026-06,SKU00664,Electrohogar,498,5,7,17674678.0,0.01004
2026-07,SKU00664,Electrohogar,476,4,5,12624770.0,0.008403
2026-08,SKU00664,Electrohogar,502,5,6,15149724.0,0.00996
2026-09,SKU00664,Electrohogar,471,4,5,12624770.0,0.008493
2026-04,SKU00187,Celulares,78,1,1,2199527.0,0.012821
2026-05,SKU00187,Celulares,89,1,2,4399054.0,0.011236
2026-06,SKU00187,Celulares,97,2,2,4399054.0,0.020619
2026-07,SKU00187,Celulares,87,2,2,4399054.0,0.022989
2026-08,SKU00187,Celulares,77,1,1,2199527.0,0.012987
2026-09,SKU00187,Celulares,100,2,2,4399054.0,0.02
2026-04,SKU00518,Computadores,465,9,10,42235280.0,0.019355
2026-05,SKU00518,Computadores,488,10,12,50682336.0,0.020492
2026-06,SKU00518,Computadores,458,6,9,38011752.0,0.0131
2026-07,SKU00518,Computadores,486,7,10,42235280.0,0.014403
2026-08,SKU00518,Computadores,421,6,8,33788224.0,0.014252
2026-09,SKU00518,Computadores,555,8,10,42235280.0,0.014414
2026-04,SKU00330,Videojuegos,515,9,14,64048320.0,0.017476
2026-05,SKU00330,Videojuegos,607,13,18,82347840.0,0.021417
2026-06,SKU00330,Videojuegos,509,10,13,59473440.0,0.019646
2026-07,SKU00330,Videojuegos,493,12,15,68623200.0,0.024341
2026-08,SKU00330,Videojuegos,550,12,13,59473440.0,0.021818
2026-09,SKU00330,Videojuegos,510,10,11,50323680.0,0.019608
2026-04,SKU00838,Computadores,493,8,12,19419984.0,0.016227
2026-05,SKU00838,Computadores,494,9,11,17801652.0,0.018219
2026-06,SKU00838,Computadores,547,9,11,17801652.0,0.016453
2026-07,SKU00838,Computadores,495,8,11,17801652.0,0.016162
2026-08,SKU00838,Computadores,441,7,9,14564988.0,0.015873
2026-09,SKU00838,Computadores,452,8,9,14564988.0,0.017699
2026-04,SKU00132,Celulares,431,5,6,10217100.0,0.011601
2026-05,SKU00132,Celulares,451,4,6,10217100.0,0.008869
2026-06,SKU00132,Celulares,459,5,6,10217100.0,0.010893
2026-07,SKU00132,Celulares,388,4,5,8514250.0,0.010309
2026-08,SKU00132,Celulares,381,5,5,8514250.0,0.013123
2026-09,SKU00132,Celulares,465,4,5,8514250.0,0.008602
2026-04,SKU00327,Celulares,154,3,4,19647268.0,0.019481
2026-05,SKU00327,Celulares,189,4,5,24559085.0,0.021164
2026-06,SKU00327,Celulares,163,3,4,19647268.0,0.018405
2026-07,SKU00327,Celulares,188,4,5,24559085.0,0.021277
2026-08,SKU00327,Celulares,171,3,4,19647268.0,0.017544
2026-09,SKU00327,Celulares,196,3,4,19647268.0,0.015306
2026-04,SKU00527,Celulares,531,12,13,44947994.0,0.022599
2026-05,SKU00527,Celulares,533,12,16,55320608.0,0.022514
2026-06,SKU00527,Celulares,615,11,15,51863070.0,0.017886
2026-07,SKU00527,Celulares,554,9,12,41490456.0,0.016245
2026-08,SKU00527,Celulares,510,10,12,41490456.0,0.019608
2026-09,SKU00527,Celulares,567,12,13,44947994.0,0.021164
2026-04,SKU00591,Televisores,207,0,0,0.0,0.0
2026-05,SKU00591,Televisores,189,0,0,0.0,0.0
2026-06,SKU00591,Televisores,180,0,0,0.0,0.0
2026-07,SKU00591,Televisores,159,0,0,0.0,0.0
2026-08,SKU00591,Televisores,155,0,0,0.0,0.0
2026-09,SKU00591,Televisores,165,0,0,0.0,0.0
2026-04,SKU00545,Videojuegos,309,8,11,16614191.0,0.02589
2026-05,SKU00545,Videojuegos,304,8,9,13593429.0,0.026316
2026-06,SKU00545,Videojuegos,292,7,9,13593429.0,0.023973
2026-07,SKU00545,Videojuegos,316,7,9,13593429.0,0.022152
2026-08,SKU00545,Videojuegos,260,5,7,10572667.0,0.019231
2026-09,SKU00545,Videojuegos,313,8,9,13593429.0,0.025559
2026-04,SKU00197,Celulares,94,1,2,7373314.0,0.010638
2026-05,SKU00197,Celulares,75,1,1,3686657.0,0.013333
2026-06,SKU00197,Celulares,92,2,2,7373314.0,0.021739
2026-07,SKU00197,Celulares,95,1,2,7373314.0,0.010526
2026-08,SKU00197,Celulares,95,1,1,3686657.0,0.010526
2026-09,SKU00197,Celulares,92,2,2,7373314.0,0.021739
2026-04,SKU00500,Videojuegos,238,6,7,31089142.0,0.02521
2026-05,SKU00500,Videojuegos,204,4,6,26647836.0,0.019608
2026-06,SKU00500,Videojuegos,193,4,6,26647836.0,0.020725
2026-07,SKU00500,Videojuegos,186,4,5,22206530.0,0.021505
2026-08,SKU00500,Videojuegos,227,6,7,31089142.0,0.026432
2026-09,SKU00500,Videojuegos,189,3,5,22206530.0,0.015873
2026-04,SKU00778,Computadores,104,2,2,7561428.0,0.019231
2026-05,SKU00778,Computadores,90,2,2,7561428.0,0.022222
2026-06,SKU00778,Computadores,92,2,2,7561428.0,0.021739
2026-07,SKU00778,Computadores,94,2,2,7561428.0,0.021277
2026-08,SKU00778,Computadores,101,2,2,7561428.0,0.019802
2026-09,SKU00778,Computadores,99,1,2,7561428.0,0.010101
2026-04,SKU00724,Electrohogar,504,4,6,13464822.0,0.007937
2026-05,SKU00724,Electrohogar,527,6,7,15708959.0,0.011385
2026-06,SKU00724,Electrohogar,478,4,5,11220685.0,0.008368
2026-07,SKU00724,Electrohogar,480,4,5,11220685.0,0.008333
2026-08,SKU00724,Electrohogar,522,4,5,11220685.0,0.007663
2026-09,SKU00724,Electrohogar,447,4,5,11220685.0,0.008949
2026-04,SKU00112,Electrohogar,633,3,4,1538648.0,0.004739
2026-05,SKU00112,Electrohogar,603,2,3,1153986.0,0.003317
2026-06,SKU00112,Electrohogar,650,3,4,1538648.0,0.004615
2026-07,SKU00112,Electrohogar,522,3,3,1153986.0,0.005747
2026-08,SKU00112,Electrohogar,609,3,3,1153986.0,0.004926
2026-09,SKU00112,Electrohogar,515,2,2,769324.0,0.003883
2026-04,SKU00504,Electrohogar,76,1,1,186249.0,0.013158
2026-05,SKU00504,Electrohogar,77,1,1,186249.0,0.012987
2026-06,SKU00504,Electrohogar,85,1,1,186249.0,0.011765
2026-07,SKU00504,Electrohogar,75,1,1,186249.0,0.013333
2026-08,SKU00504,Electrohogar,77,1,1,186249.0,0.012987
2026-09,SKU00504,Electrohogar,79,1,1,186249.0,0.012658
2026-04,SKU00620,Videojuegos,463,12,15,69487065.0,0.025918
2026-05,SKU00620,Videojuegos,476,13,14,64854594.0,0.027311
2026-06,SKU00620,Videojuegos,491,9,13,60222123.0,0.01833
2026-07,SKU00620,Videojuegos,481,13,14,64854594.0,0.027027
2026-08,SKU00620,Videojuegos,384,9,11,50957181.0,0.023438
2026-09,SKU00620,Videojuegos,392,8,9,41692239.0,0.020408
2026-04,SKU00782,Celulares,583,13,15,12026655.0,0.022298
2026-05,SKU00782,Celulares,572,13,16,12828432.0,0.022727
2026-06,SKU00782,Celulares,511,10,13,10423101.0,0.019569
2026-07,SKU00782,Celulares,543,8,11,8819547.0,0.014733
2026-08,SKU00782,Celulares,449,8,10,8017770.0,0.017817
2026-09,SKU00782,Celulares,490,10,12,9621324.0,0.020408
2026-04,SKU00389,Electrohogar,426,4,5,13355055.0,0.00939
2026-05,SKU00389,Electrohogar,430,4,5,13355055.0,0.009302
2026-06,SKU00389,Electrohogar,402,3,5,13355055.0,0.007463
2026-07,SKU00389,Electrohogar,415,3,4,10684044.0,0.007229
2026-08,SKU00389,Electrohogar,468,4,5,13355055.0,0.008547
2026-09,SKU00389,Electrohogar,416,3,4,10684044.0,0.007212
2026-04,SKU00456,Televisores,381,3,4,4945548.0,0.007874
2026-05,SKU00456,Televisores,345,4,4,4945548.0,0.011594
2026-06,SKU00456,Televisores,409,3,3,3709161.0,0.007335
2026-07,SKU00456,Televisores,361,3,4,4945548.0,0.00831
2026-08,SKU00456,Televisores,350,3,3,3709161.0,0.008571
2026-09,SKU00456,Televisores,369,3,4,4945548.0,0.00813
2026-04,SKU00910,Videojuegos,204,5,6,22450926.0,0.02451
2026-05,SKU00910,Videojuegos,190,3,5,18709105.0,0.015789
2026-06,SKU00910,Videojuegos,224,5,7,26192747.0,0.022321
2026-07,SKU00910,Videojuegos,204,5,5,18709105.0,0.02451
2026-08,SKU00910,Videojuegos,178,4,5,18709105.0,0.022472
2026-09,SKU00910,Videojuegos,196,3,4,14967284.0,0.015306
2026-04,SKU00914,Electrohogar,538,5,6,19628958.0,0.009294
2026-05,SKU00914,Electrohogar,489,4,6,19628958.0,0.00818
2026-06,SKU00914,Electrohogar,522,5,6,19628958.0,0.009579
2026-07,SKU00914,Electrohogar,498,6,6,19628958.0,0.012048
2026-08,SKU00914,Electrohogar,447,4,5,16357465.0,0.008949
2026-09,SKU00914,Electrohogar,433,3,4,13085972.0,0.006928
2026-04,SKU00842,Celulares,214,5,6,6049488.0,0.023364
2026-05,SKU00842,Celulares,171,3,4,4032992.0,0.017544
2026-06,SKU00842,Celulares,204,5,6,6049488.0,0.02451
2026-07,SKU00842,Celulares,159,3,4,4032992.0,0.018868
2026-08,SKU00842,Celulares,208,3,4,4032992.0,0.014423
2026-09,SKU00842,Celulares,176,3,4,4032992.0,0.017045
2026-04,SKU00823,Computadores,435,6,9,11146113.0,0.013793
2026-05,SKU00823,Computadores,462,8,9,11146113.0,0.017316
2026-06,SKU00823,Computadores,503,11,12,14861484.0,0.021869
2026-07,SKU00823,Computadores,455,6,9,11146113.0,0.013187
2026-08,SKU00823,Computadores,471,8,9,11146113.0,0.016985
2026-09,SKU00823,Computadores,534,8,9,11146113.0,0.014981
2026-04,SKU00482,Celulares,272,7,8,30674680.0,0.025735
2026-05,SKU00482,Celulares,297,7,9,34509015.0,0.023569
2026-06,SKU00482,Celulares,324,8,9,34509015.0,0.024691
2026-07,SKU00482,Celulares,271,4,6,23006010.0,0.01476
2026-08,SKU00482,Celulares,326,5,7,26840345.0,0.015337
2026-09,SKU00482,Celulares,309,5,6,23006010.0,0.016181
2026-04,SKU00941,Televisores,431,0,0,0.0,0.0
2026-05,SKU00941,Televisores,358,0,0,0.0,0.0
2026-06,SKU00941,Televisores,366,0,0,0.0,0.0
2026-07,SKU00941,Televisores,444,0,0,0.0,0.0
2026-08,SKU00941,Televisores,362,0,0,0.0,0.0
2026-09,SKU00941,Televisores,376,0,0,0.0,0.0
2026-04,SKU00629,Electrohogar,227,1,2,1425892.0,0.004405
2026-05,SKU00629,Electrohogar,196,1,2,1425892.0,0.005102
2026-06,SKU00629,Electrohogar,228,2,3,2138838.0,0.008772
2026-07,SKU00629,Electrohogar,203,2,2,1425892.0,0.009852
2026-08,SKU00629,Electrohogar,210,2,2,1425892.0,0.009524
2026-09,SKU00629,Electrohogar,218,2,2,1425892.0,0.009174
2026-04,SKU00767,Celulares,135,3,4,17003816.0,0.022222
2026-05,SKU00767,Celulares,121,2,3,12752862.0,0.016529
2026-06,SKU00767,Celulares,131,2,3,12752862.0,0.015267
2026-07,SKU00767,Celulares,137,3,3,12752862.0,0.021898
2026-08,SKU00767,Celulares,119,1,2,8501908.0,0.008403
2026-09,SKU00767,Celulares,120,1,2,8501908.0,0.008333
2026-04,SKU00285,Videojuegos,346,8,11,45242450.0,0.023121
2026-05,SKU00285,Videojuegos,301,7,8,32903600.0,0.023256
2026-06,SKU00285,Videojuegos,328,7,10,41129500.0,0.021341
2026-07,SKU00285,Videojuegos,283,7,8,32903600.0,0.024735
2026-08,SKU00285,Videojuegos,291,5,7,28790650.0,0.017182
2026-09,SKU00285,Videojuegos,349,8,9,37016550.0,0.022923
2026-04,SKU00554,Electrohogar,291,3,4,17559720.0,0.010309
2026-05,SKU00554,Electrohogar,307,4,4,17559720.0,0.013029
2026-06,SKU00554,Electrohogar,340,3,4,17559720.0,0.008824
2026-07,SKU00554,Electrohogar,370,4,5,21949650.0,0.010811
2026-08,SKU00554,Electrohogar,349,2,3,13169790.0,0.005731
2026-09,SKU00554,Electrohogar,321,3,3,13169790.0,0.009346
2026-04,SKU00890,Videojuegos,497,13,16,65940944.0,0.026157
2026-05,SKU00890,Videojuegos,645,18,22,90668798.0,0.027907
2026-06,SKU00890,Videojuegos,506,9,13,53577017.0,0.017787
2026-07,SKU00890,Videojuegos,529,13,16,65940944.0,0.024575
2026-08,SKU00890,Videojuegos,602,13,18,74183562.0,0.021595
2026-09,SKU00890,Videojuegos,560,9,14,57698326.0,0.016071
2026-04,SKU00446,Televisores,414,3,4,3672944.0,0.007246
2026-05,SKU00446,Televisores,462,5,5,4591180.0,0.010823
2026-06,SKU00446,Televisores,438,3,4,3672944.0,0.006849
2026-07,SKU00446,Televisores,459,3,4,3672944.0,0.006536
2026-08,SKU00446,Televisores,403,3,4,3672944.0,0.007444
2026-09,SKU00446,Televisores,378,3,3,2754708.0,0.007937
2026-04,SKU00009,Electrohogar,499,2,3,10785438.0,0.004008
2026-05,SKU00009,Electrohogar,592,4,4,14380584.0,0.006757
2026-06,SKU00009,Electrohogar,579,3,3,10785438.0,0.005181
2026-07,SKU00009,Electrohogar,513,2,3,10785438.0,0.003899
2026-08,SKU00009,Electrohogar,484,3,3,10785438.0,0.006198
2026-09,SKU00009,Electrohogar,503,2,2,7190292.0,0.003976
2026-04,SKU00206,Televisores,359,3,3,6651651.0,0.008357
2026-05,SKU00206,Televisores,435,3,3,6651651.0,0.006897
2026-06,SKU00206,Televisores,403,2,3,6651651.0,0.004963
2026-07,SKU00206,Televisores,349,2,2,4434434.0,0.005731
2026-08,SKU00206,Televisores,354,2,2,4434434.0,0.00565
2026-09,SKU00206,Televisores,371,1,2,4434434.0,0.002695
2026-04,SKU00517,Celulares,541,10,15,49401165.0,0.018484
2026-05,SKU00517,Celulares,498,10,12,39520932.0,0.02008
2026-06,SKU00517,Celulares,500,9,12,39520932.0,0.018
2026-07,SKU00517,Celulares,605,9,12,39520932.0,0.014876
2026-08,SKU00517,Celulares,552,11,12,39520932.0,0.019928
2026-09,SKU00517,Celulares,606,10,14,46107754.0,0.016502
2026-04,SKU00451,Televisores,178,0,0,0.0,0.0
2026-05,SKU00451,Televisores,164,0,0,0.0,0.0
2026-06,SKU00451,Televisores,144,0,0,0.0,0.0
2026-07,SKU00451,Televisores,176,0,0,0.0,0.0
2026-08,SKU00451,Televisores,188,0,0,0.0,0.0
2026-09,SKU00451,Televisores,172,0,0,0.0,0.0
2026-04,SKU00396,Televisores,447,4,4,10567804.0,0.008949
2026-05,SKU00396,Televisores,379,3,4,10567804.0,0.007916
2026-06,SKU00396,Televisores,386,4,4,10567804.0,0.010363
2026-07,SKU00396,Televisores,405,3,3,7925853.0,0.007407
2026-08,SKU00396,Televisores,451,2,3,7925853.0,0.004435
2026-09,SKU00396,Televisores,433,3,4,10567804.0,0.006928
2026-04,SKU00595,Videojuegos,441,10,13,41347982.0,0.022676
2026-05,SKU00595,Videojuegos,433,9,11,34986754.0,0.020785
2026-06,SKU00595,Videojuegos,507,13,15,47709210.0,0.025641
2026-07,SKU00595,Videojuegos,461,9,12,38167368.0,0.019523
2026-08,SKU00595,Videojuegos,447,8,10,31806140.0,0.017897
2026-09,SKU00595,Videojuegos,454,10,11,34986754.0,0.022026
2026-04,SKU00332,Celulares,427,9,12,30309900.0,0.021077
2026-05,SKU00332,Celulares,520,13,14,35361550.0,0.025
2026-06,SKU00332,Celulares,421,9,10,25258250.0,0.021378
2026-07,SKU00332,Celulares,425,9,10,25258250.0,0.021176
2026-08,SKU00332,Celulares,491,11,12,30309900.0,0.022403
2026-09,SKU00332,Celulares,427,8,10,25258250.0,0.018735
2026-04,SKU00010,Videojuegos,142,2,2,3712364.0,0.014085
2026-05,SKU00010,Videojuegos,152,2,2,3712364.0,0.013158
2026-06,SKU00010,Videojuegos,139,2,2,3712364.0,0.014388
2026-07,SKU00010,Videojuegos,142,2,2,3712364.0,0.014085
2026-08,SKU00010,Videojuegos,138,1,2,3712364.0,0.007246
2026-09,SKU00010,Videojuegos,120,2,2,3712364.0,0.016667
2026-04,SKU00966,Televisores,303,3,3,391461.0,0.009901
2026-05,SKU00966,Televisores,327,2,3,391461.0,0.006116
2026-06,SKU00966,Televisores,323,4,4,521948.0,0.012384
2026-07,SKU00966,Televisores,367,3,3,391461.0,0.008174
2026-08,SKU00966,Televisores,351,3,3,391461.0,0.008547
2026-09,SKU00966,Televisores,326,2,3,391461.0,0.006135
2026-04,SKU00506,Televisores,293,2,3,14794074.0,0.006826
2026-05,SKU00506,Televisores,323,3,3,14794074.0,0.009288
2026-06,SKU00506,Televisores,370,3,4,19725432.0,0.008108
2026-07,SKU00506,Televisores,315,2,3,14794074.0,0.006349
2026-08,SKU00506,Televisores,317,2,3,14794074.0,0.006309
2026-09,SKU00506,Televisores,321,2,3,14794074.0,0.006231
2026-04,SKU00261,Televisores,335,0,0,0.0,0.0
2026-05,SKU00261,Televisores,383,0,0,0.0,0.0
2026-06,SKU00261,Televisores,347,0,0,0.0,0.0
2026-07,SKU00261,Televisores,332,0,0,0.0,0.0
2026-08,SKU00261,Televisores,432,0,0,0.0,0.0
2026-09,SKU00261,Televisores,392,0,0,0.0,0.0
2026-04,SKU00455,Videojuegos,224,5,7,9179954.0,0.022321
2026-05,SKU00455,Videojuegos,250,6,8,10491376.0,0.024
2026-06,SKU00455,Videojuegos,253,5,7,9179954.0,0.019763
2026-07,SKU00455,Videojuegos,264,6,8,10491376.0,0.022727
2026-08,SKU00455,Videojuegos,233,5,6,7868532.0,0.021459
2026-09,SKU00455,Videojuegos,265,6,7,9179954.0,0.022642
2026-04,SKU00605,Videojuegos,224,6,7,21980063.0,0.026786
2026-05,SKU00605,Videojuegos,217,5,7,21980063.0,0.023041
2026-06,SKU00605,Videojuegos,182,4,6,18840054.0,0.021978
2026-07,SKU00605,Videojuegos,222,5,6,18840054.0,0.022523
2026-08,SKU00605,Videojuegos,200,4,5,15700045.0,0.02
2026-09,SKU00605,Videojuegos,238,5,7,21980063.0,0.021008
2026-04,SKU00765,Videojuegos,275,8,8,36676528.0,0.029091
2026-05,SKU00765,Videojuegos,290,6,8,36676528.0,0.02069
2026-06,SKU00765,Videojuegos,222,5,7,32091962.0,0.022523
2026-07,SKU00765,Videojuegos,248,5,7,32091962.0,0.020161
2026-08,SKU00765,Videojuegos,232,4,5,22922830.0,0.017241
2026-09,SKU00765,Videojuegos,229,5,6,27507396.0,0.021834
2026-04,SKU00713,Computadores,259,4,6,10534272.0,0.015444
2026-05,SKU00713,Computadores,254,4,5,8778560.0,0.015748
2026-06,SKU00713,Computadores,305,5,6,10534272.0,0.016393
2026-07,SKU00713,Computadores,290,4,6,10534272.0,0.013793
2026-08,SKU00713,Computadores,306,5,7,12289984.0,0.01634
2026-09,SKU00713,Computadores,272,3,5,8778560.0,0.011029
2026-04,SKU00815,Videojuegos,283,9,10,34022360.0,0.031802
2026-05,SKU00815,Videojuegos,271,6,8,27217888.0,0.02214
2026-06,SKU00815,Videojuegos,295,7,9,30620124.0,0.023729
2026-07,SKU00815,Videojuegos,301,8,9,30620124.0,0.026578
2026-08,SKU00815,Videojuegos,264,6,7,23815652.0,0.022727
2026-09,SKU00815,Videojuegos,274,5,6,20413416.0,0.018248
2026-04,SKU00794,Electrohogar,162,2,2,6473494.0,0.012346
2026-05,SKU00794,Electrohogar,173,2,2,6473494.0,0.011561
2026-06,SKU00794,Electrohogar,206,2,2,6473494.0,0.009709
2026-07,SKU00794,Electrohogar,159,2,2,6473494.0,0.012579
2026-08,SKU00794,Electrohogar,159,2,2,6473494.0,0.012579
2026-09,SKU00794,Electrohogar,206,2,2,6473494.0,0.009709
2026-04,SKU00359,Electrohogar,139,2,2,4009068.0,0.014388
2026-05,SKU00359,Electrohogar,156,2,2,4009068.0,0.012821
2026-06,SKU00359,Electrohogar,118,1,1,2004534.0,0.008475
2026-07,SKU00359,Electrohogar,154,1,1,2004534.0,0.006494
2026-08,SKU00359,Electrohogar,151,2,2,4009068.0,0.013245
2026-09,SKU00359,Electrohogar,155,1,1,2004534.0,0.006452
2026-04,SKU00453,Computadores,110,2,2,1205816.0,0.018182
2026-05,SKU00453,Computadores,124,3,3,1808724.0,0.024194
2026-06,SKU00453,Computadores,115,2,2,1205816.0,0.017391
2026-07,SKU00453,Computadores,102,1,2,1205816.0,0.009804
2026-08,SKU00453,Computadores,110,2,2,1205816.0,0.018182
2026-09,SKU00453,Computadores,129,2,2,1205816.0,0.015504
2026-04,SKU00297,Celulares,114,2,3,2171199.0,0.017544
2026-05,SKU00297,Celulares,117,3,3,2171199.0,0.025641
2026-06,SKU00297,Celulares,107,2,2,1447466.0,0.018692
2026-07,SKU00297,Celulares,112,2,3,2171199.0,0.017857
2026-08,SKU00297,Celulares,94,2,2,1447466.0,0.021277
2026-09,SKU00297,Celulares,121,2,3,2171199.0,0.016529
2026-04,SKU00934,Electrohogar,593,5,7,31846962.0,0.008432
2026-05,SKU00934,Electrohogar,449,4,5,22747830.0,0.008909
2026-06,SKU00934,Electrohogar,575,5,7,31846962.0,0.008696
2026-07,SKU00934,Electrohogar,574,5,7,31846962.0,0.008711
2026-08,SKU00934,Electrohogar,456,3,4,18198264.0,0.006579
2026-09,SKU00934,Electrohogar,492,4,5,22747830.0,0.00813
2026-04,SKU00135,Videojuegos,379,4,5,17379240.0,0.010554
2026-05,SKU00135,Videojuegos,345,3,5,17379240.0,0.008696
2026-06,SKU00135,Videojuegos,373,4,5,17379240.0,0.010724
2026-07,SKU00135,Videojuegos,361,5,5,17379240.0,0.01385
2026-08,SKU00135,Videojuegos,324,3,4,13903392.0,0.009259
2026-09,SKU00135,Videojuegos,335,4,5,17379240.0,0.01194
2026-04,SKU00413,Computadores,333,5,7,17346406.0,0.015015
2026-05,SKU00413,Computadores,336,7,7,17346406.0,0.020833
2026-06,SKU00413,Computadores,351,6,7,17346406.0,0.017094
2026-07,SKU00413,Computadores,389,6,8,19824464.0,0.015424
2026-08,SKU00413,Computadores,358,5,6,14868348.0,0.013966
2026-09,SKU00413,Computadores,383,4,6,14868348.0,0.010444
2026-04,SKU00769,Electrohogar,553,5,7,23644502.0,0.009042
2026-05,SKU00769,Electrohogar,529,4,6,20266716.0,0.007561
2026-06,SKU00769,Electrohogar,511,5,7,23644502.0,0.009785
2026-07,SKU00769,Electrohogar,494,5,6,20266716.0,0.010121
2026-08,SKU00769,Electrohogar,587,4,6,20266716.0,0.006814
2026-09,SKU00769,Electrohogar,483,3,4,13511144.0,0.006211
2026-04,SKU00558,Computadores,139,3,3,4226031.0,0.021583
2026-05,SKU00558,Computadores,150,4,4,5634708.0,0.026667
2026-06,SKU00558,Computadores,126,2,3,4226031.0,0.015873
2026-07,SKU00558,Computadores,143,2,3,4226031.0,0.013986
2026-08,SKU00558,Computadores,142,3,3,4226031.0,0.021127
2026-09,SKU00558,Computadores,144,3,3,4226031.0,0.020833
2026-04,SKU00888,Computadores,194,5,5,11513250.0,0.025773
2026-05,SKU00888,Computadores,178,4,5,11513250.0,0.022472
2026-06,SKU00888,Computadores,186,4,4,9210600.0,0.021505
2026-07,SKU00888,Computadores,177,3,4,9210600.0,0.016949
2026-08,SKU00888,Computadores,219,4,4,9210600.0,0.018265
2026-09,SKU00888,Computadores,178,2,3,6907950.0,0.011236
2026-04,SKU00201,Televisores,362,0,0,0.0,0.0
2026-05,SKU00201,Televisores,288,0,0,0.0,0.0
2026-06,SKU00201,Televisores,309,0,0,0.0,0.0
2026-07,SKU00201,Televisores,285,0,0,0.0,0.0
2026-08,SKU00201,Televisores,368,0,0,0.0,0.0
2026-09,SKU00201,Televisores,286,0,0,0.0,0.0
2026-04,SKU00639,Electrohogar,444,4,6,14757516.0,0.009009
2026-05,SKU00639,Electrohogar,387,4,5,12297930.0,0.010336
2026-06,SKU00639,Electrohogar,461,3,5,12297930.0,0.006508
2026-07,SKU00639,Electrohogar,404,4,5,12297930.0,0.009901
2026-08,SKU00639,Electrohogar,496,4,5,12297930.0,0.008065
2026-09,SKU00639,Electrohogar,399,3,4,9838344.0,0.007519
2026-04,SKU00796,Televisores,206,2,2,5140466.0,0.009709
2026-05,SKU00796,Televisores,193,2,2,5140466.0,0.010363
2026-06,SKU00796,Televisores,180,2,2,5140466.0,0.011111
2026-07,SKU00796,Televisores,225,2,2,5140466.0,0.008889
2026-08,SKU00796,Televisores,217,1,2,5140466.0,0.004608
2026-09,SKU00796,Televisores,181,1,1,2570233.0,0.005525
2026-04,SKU00444,Electrohogar,195,1,2,3258134.0,0.005128
2026-05,SKU00444,Electrohogar,187,2,3,4887201.0,0.010695
2026-06,SKU00444,Electrohogar,203,2,3,4887201.0,0.009852
2026-07,SKU00444,Electrohogar,184,2,2,3258134.0,0.01087
2026-08,SKU00444,Electrohogar,189,2,2,3258134.0,0.010582
2026-09,SKU00444,Electrohogar,222,1,2,3258134.0,0.004505
2026-04,SKU00826,Televisores,117,1,1,3845402.0,0.008547
2026-05,SKU00826,Televisores,110,1,1,3845402.0,0.009091
2026-06,SKU00826,Televisores,133,1,1,3845402.0,0.007519
2026-07,SKU00826,Televisores,132,1,1,3845402.0,0.007576
2026-08,SKU00826,Televisores,128,1,1,3845402.0,0.007812
2026-09,SKU00826,Televisores,134,1,1,3845402.0,0.007463
2026-04,SKU00798,Computadores,315,7,8,27125400.0,0.022222
2026-05,SKU00798,Computadores,330,5,7,23734725.0,0.015152
2026-06,SKU00798,Computadores,344,7,8,27125400.0,0.020349
2026-07,SKU00798,Computadores,323,5,7,23734725.0,0.01548
2026-08,SKU00798,Computadores,280,6,6,20344050.0,0.021429
2026-09,SKU00798,Computadores,293,6,6,20344050.0,0.020478
2026-04,SKU00955,Videojuegos,311,7,10,35418130.0,0.022508
2026-05,SKU00955,Videojuegos,291,9,10,35418130.0,0.030928
2026-06,SKU00955,Videojuegos,302,6,8,28334504.0,0.019868
2026-07,SKU00955,Videojuegos,355,8,10,35418130.0,0.022535
2026-08,SKU00955,Videojuegos,311,7,8,28334504.0,0.022508
2026-09,SKU00955,Videojuegos,346,6,8,28334504.0,0.017341
2026-04,SKU00977,Celulares,522,12,14,39015144.0,0.022989
2026-05,SKU00977,Celulares,541,10,14,39015144.0,0.018484
2026-06,SKU00977,Celulares,483,8,12,33441552.0,0.016563
2026-07,SKU00977,Celulares,496,9,13,36228348.0,0.018145
2026-08,SKU00977,Celulares,449,7,10,27867960.0,0.01559
2026-09,SKU00977,Celulares,484,9,11,30654756.0,0.018595
2026-04,SKU00298,Computadores,601,8,12,38852988.0,0.013311
2026-05,SKU00298,Computadores,549,12,13,42090737.0,0.021858
2026-06,SKU00298,Computadores,499,11,12,38852988.0,0.022044
2026-07,SKU00298,Computadores,629,9,12,38852988.0,0.014308
2026-08,SKU00298,Computadores,570,8,12,38852988.0,0.014035
2026-09,SKU00298,Computadores,627,11,13,42090737.0,0.017544
2026-04,SKU00289,Electrohogar,218,2,2,832280.0,0.009174
2026-05,SKU00289,Electrohogar,181,2,2,832280.0,0.01105
2026-06,SKU00289,Electrohogar,187,1,2,832280.0,0.005348
2026-07,SKU00289,Electrohogar,188,1,2,832280.0,0.005319
2026-08,SKU00289,Electrohogar,205,2,2,832280.0,0.009756
2026-09,SKU00289,Electrohogar,166,2,2,832280.0,0.012048
2026-04,SKU00027,Celulares,481,4,6,28847106.0,0.008316
2026-05,SKU00027,Celulares,413,4,6,28847106.0,0.009685
2026-06,SKU00027,Celulares,495,5,6,28847106.0,0.010101
2026-07,SKU00027,Celulares,395,4,5,24039255.0,0.010127
2026-08,SKU00027,Celulares,459,4,6,28847106.0,0.008715
2026-09,SKU00027,Celulares,442,5,5,24039255.0,0.011312
2026-04,SKU00574,Electrohogar,133,2,2,2510360.0,0.015038
2026-05,SKU00574,Electrohogar,111,1,1,1255180.0,0.009009
2026-06,SKU00574,Electrohogar,126,1,1,1255180.0,0.007937
2026-07,SKU00574,Electrohogar,108,1,1,1255180.0,0.009259
2026-08,SKU00574,Electrohogar,136,1,1,1255180.0,0.007353
2026-09,SKU00574,Electrohogar,139,2,2,2510360.0,0.014388
2026-04,SKU00081,Televisores,325,0,0,0.0,0.0
2026-05,SKU00081,Televisores,392,0,0,0.0,0.0
2026-06,SKU00081,Televisores,415,0,0,0.0,0.0
2026-07,SKU00081,Televisores,310,0,0,0.0,0.0
2026-08,SKU00081,Televisores,332,0,0,0.0,0.0
2026-09,SKU00081,Televisores,390,0,0,0.0,0.0
2026-04,SKU00535,Videojuegos,429,13,14,47445314.0,0.030303
2026-05,SKU00535,Videojuegos,338,10,12,40667412.0,0.029586
2026-06,SKU00535,Videojuegos,334,7,9,30500559.0,0.020958
2026-07,SKU00535,Videojuegos,401,12,13,44056363.0,0.029925
2026-08,SKU00535,Videojuegos,409,7,10,33889510.0,0.017115
2026-09,SKU00535,Videojuegos,342,6,8,27111608.0,0.017544
2026-04,SKU00581,Televisores,164,0,0,0.0,0.0
2026-05,SKU00581,Televisores,151,0,0,0.0,0.0
2026-06,SKU00581,Televisores,146,0,0,0.0,0.0
2026-07,SKU00581,Televisores,172,0,0,0.0,0.0
2026-08,SKU00581,Televisores,132,0,0,0.0,0.0
2026-09,SKU00581,Televisores,175,0,0,0.0,0.0
2026-04,SKU00959,Electrohogar,233,2,3,7254483.0,0.008584
2026-05,SKU00959,Electrohogar,209,2,3,7254483.0,0.009569
2026-06,SKU00959,Electrohogar,236,2,3,7254483.0,0.008475
2026-07,SKU00959,Electrohogar,230,3,3,7254483.0,0.013043
2026-08,SKU00959,Electrohogar,249,2,2,4836322.0,0.008032
2026-09,SKU00959,Electrohogar,242,2,3,7254483.0,0.008264
2026-04,SKU00458,Computadores,434,7,10,7606740.0,0.016129
2026-05,SKU00458,Computadores,410,6,8,6085392.0,0.014634
2026-06,SKU00458,Computadores,435,8,10,7606740.0,0.018391
2026-07,SKU00458,Computadores,418,5,8,6085392.0,0.011962
2026-08,SKU00458,Computadores,386,7,8,6085392.0,0.018135
2026-09,SKU00458,Computadores,409,7,9,6846066.0,0.017115
2026-04,SKU00935,Videojuegos,455,10,14,8464582.0,0.021978
2026-05,SKU00935,Videojuegos,455,13,15,9069195.0,0.028571
2026-06,SKU00935,Videojuegos,557,14,16,9673808.0,0.025135
2026-07,SKU00935,Videojuegos,513,10,14,8464582.0,0.019493
2026-08,SKU00935,Videojuegos,482,12,13,7859969.0,0.024896
2026-09,SKU00935,Videojuegos,558,11,12,7255356.0,0.019713
2026-04,SKU00462,Celulares,365,8,9,27825201.0,0.021918
2026-05,SKU00462,Celulares,339,5,8,24733512.0,0.014749
2026-06,SKU00462,Celulares,345,7,8,24733512.0,0.02029
2026-07,SKU00462,Celulares,299,5,7,21641823.0,0.016722
2026-08,SKU00462,Celulares,386,8,9,27825201.0,0.020725
2026-09,SKU00462,Celulares,306,7,8,24733512.0,0.022876
2026-04,SKU00326,Televisores,218,2,2,761400.0,0.009174
2026-05,SKU00326,Televisores,231,2,2,761400.0,0.008658
2026-06,SKU00326,Televisores,238,2,3,1142100.0,0.008403
2026-07,SKU00326,Televisores,221,2,2,761400.0,0.00905
2026-08,SKU00326,Televisores,192,2,2,761400.0,0.010417
2026-09,SKU00326,Televisores,234,2,2,761400.0,0.008547
2026-04,SKU00938,Computadores,438,8,9,4604517.0,0.018265
2026-05,SKU00938,Computadores,522,7,10,5116130.0,0.01341
2026-06,SKU00938,Computadores,523,8,10,5116130.0,0.015296
2026-07,SKU00938,Computadores,459,6,8,4092904.0,0.013072
2026-08,SKU00938,Computadores,424,7,9,4604517.0,0.016509
2026-09,SKU00938,Computadores,430,6,7,3581291.0,0.013953
2026-04,SKU00512,Celulares,435,9,12,32368908.0,0.02069
2026-05,SKU00512,Celulares,428,9,10,26974090.0,0.021028
2026-06,SKU00512,Celulares,528,9,13,35066317.0,0.017045
2026-07,SKU00512,Celulares,538,9,13,35066317.0,0.016729
2026-08,SKU00512,Celulares,524,9,13,35066317.0,0.017176
2026-09,SKU00512,Celulares,505,7,10,26974090.0,0.013861
2026-04,SKU00967,Celulares,96,1,2,6412844.0,0.010417
2026-05,SKU00967,Celulares,117,2,3,9619266.0,0.017094
2026-06,SKU00967,Celulares,100,2,2,6412844.0,0.02
2026-07,SKU00967,Celulares,96,2,2,6412844.0,0.020833
2026-08,SKU00967,Celulares,103,2,2,6412844.0,0.019417
2026-09,SKU00967,Celulares,110,3,3,9619266.0,0.027273
2026-04,SKU00718,Computadores,187,3,4,11372428.0,0.016043
2026-05,SKU00718,Computadores,205,4,5,14215535.0,0.019512
2026-06,SKU00718,Computadores,167,2,3,8529321.0,0.011976
2026-07,SKU00718,Computadores,197,2,3,8529321.0,0.010152
2026-08,SKU00718,Computadores,173,3,4,11372428.0,0.017341
2026-09,SKU00718,Computadores,166,3,3,8529321.0,0.018072
2026-04,SKU00658,Computadores,275,5,6,16890582.0,0.018182
2026-05,SKU00658,Computadores,340,5,8,22520776.0,0.014706
2026-06,SKU00658,Computadores,336,6,7,19705679.0,0.017857
2026-07,SKU00658,Computadores,295,4,5,14075485.0,0.013559
2026-08,SKU00658,Computadores,316,6,6,16890582.0,0.018987
2026-09,SKU00658,Computadores,292,4,5,14075485.0,0.013699
2026-04,SKU00223,Computadores,183,2,3,4665792.0,0.010929
2026-05,SKU00223,Computadores,144,2,2,3110528.0,0.013889
2026-06,SKU00223,Computadores,144,2,2,3110528.0,0.013889
2026-07,SKU00223,Computadores,144,2,2,3110528.0,0.013889
2026-08,SKU00223,Computadores,169,1,2,3110528.0,0.005917
2026-09,SKU00223,Computadores,181,1,2,3110528.0,0.005525
2026-04,SKU00369,Electrohogar,196,2,2,8848498.0,0.010204
2026-05,SKU00369,Electrohogar,210,3,3,13272747.0,0.014286
2026-06,SKU00369,Electrohogar,192,1,2,8848498.0,0.005208
2026-07,SKU00369,Electrohogar,201,2,2,8848498.0,0.00995
2026-08,SKU00369,Electrohogar,212,1,2,8848498.0,0.004717
2026-09,SKU00369,Electrohogar,197,2,2,8848498.0,0.010152
2026-04,SKU00492,Celulares,196,4,5,10217350.0,0.020408
2026-05,SKU00492,Celulares,206,4,5,10217350.0,0.019417
2026-06,SKU00492,Celulares,250,4,5,10217350.0,0.016
2026-07,SKU00492,Celulares,198,3,4,8173880.0,0.015152
2026-08,SKU00492,Celulares,191,4,5,10217350.0,0.020942
2026-09,SKU00492,Celulares,189,4,4,8173880.0,0.021164
2026-04,SKU00134,Electrohogar,449,2,3,3286296.0,0.004454
2026-05,SKU00134,Electrohogar,474,2,3,3286296.0,0.004219
2026-06,SKU00134,Electrohogar,407,2,2,2190864.0,0.004914
2026-07,SKU00134,Electrohogar,401,2,2,2190864.0,0.004988
2026-08,SKU00134,Electrohogar,378,2,2,2190864.0,0.005291
2026-09,SKU00134,Electrohogar,404,1,2,2190864.0,0.002475
2026-04,SKU00752,Celulares,447,11,13,25280151.0,0.024609
2026-05,SKU00752,Celulares,440,12,13,25280151.0,0.027273
2026-06,SKU00752,Celulares,495,9,13,25280151.0,0.018182
2026-07,SKU00752,Celulares,512,9,14,27224778.0,0.017578
2026-08,SKU00752,Celulares,514,8,11,21390897.0,0.015564
2026-09,SKU00752,Celulares,525,10,11,21390897.0,0.019048
2026-04,SKU00604,Electrohogar,118,2,2,9544300.0,0.016949
2026-05,SKU00604,Electrohogar,131,2,2,9544300.0,0.015267
2026-06,SKU00604,Electrohogar,122,1,1,4772150.0,0.008197
2026-07,SKU00604,Electrohogar,141,1,1,4772150.0,0.007092
2026-08,SKU00604,Electrohogar,125,1,1,4772150.0,0.008
2026-09,SKU00604,Electrohogar,121,1,1,4772150.0,0.008264
2026-04,SKU00571,Televisores,387,0,0,0.0,0.0
2026-05,SKU00571,Televisores,362,0,0,0.0,0.0
2026-06,SKU00571,Televisores,370,0,0,0.0,0.0
2026-07,SKU00571,Televisores,312,0,0,0.0,0.0
2026-08,SKU00571,Televisores,382,0,0,0.0,0.0
2026-09,SKU00571,Televisores,370,0,0,0.0,0.0
2026-04,SKU00283,Computadores,453,10,11,26648875.0,0.022075
2026-05,SKU00283,Computadores,428,6,9,21803625.0,0.014019
2026-06,SKU00283,Computadores,483,9,10,24226250.0,0.018634
2026-07,SKU00283,Computadores,529,7,11,26648875.0,0.013233
2026-08,SKU00283,Computadores,438,8,9,21803625.0,0.018265
2026-09,SKU00283,Computadores,456,9,10,24226250.0,0.019737
2026-04,SKU00623,Computadores,373,8,9,17426889.0,0.021448
2026-05,SKU00623,Computadores,399,9,10,19363210.0,0.022556
2026-06,SKU00623,Computadores,374,6,8,15490568.0,0.016043
2026-07,SKU00623,Computadores,400,8,9,17426889.0,0.02
2026-08,SKU00623,Computadores,310,5,5,9681605.0,0.016129
2026-09,SKU00623,Computadores,322,5,6,11617926.0,0.015528
2026-04,SKU00236,Televisores,187,1,2,7527624.0,0.005348
2026-05,SKU00236,Televisores,210,1,2,7527624.0,0.004762
2026-06,SKU00236,Televisores,236,2,2,7527624.0,0.008475
2026-07,SKU00236,Televisores,223,1,2,7527624.0,0.004484
2026-08,SKU00236,Televisores,225,2,2,7527624.0,0.008889
2026-09,SKU00236,Televisores,192,1,1,3763812.0,0.005208
2026-04,SKU00328,Computadores,457,8,11,8867023.0,0.017505
2026-05,SKU00328,Computadores,501,8,12,9673116.0,0.015968
2026-06,SKU00328,Computadores,499,10,11,8867023.0,0.02004
2026-07,SKU00328,Computadores,398,6,8,6448744.0,0.015075
2026-08,SKU00328,Computadores,413,6,8,6448744.0,0.014528
2026-09,SKU00328,Computadores,488,7,10,8060930.0,0.014344
2026-04,SKU00651,Televisores,366,0,0,0.0,0.0
2026-05,SKU00651,Televisores,396,0,0,0.0,0.0
2026-06,SKU00651,Televisores,315,0,0,0.0,0.0
2026-07,SKU00651,Televisores,315,0,0,0.0,0.0
2026-08,SKU00651,Televisores,308,0,0,0.0,0.0
2026-09,SKU00651,Televisores,374,0,0,0.0,0.0
2026-04,SKU00222,Celulares,312,6,6,10070256.0,0.019231
2026-05,SKU00222,Celulares,368,7,8,13427008.0,0.019022
2026-06,SKU00222,Celulares,313,4,6,10070256.0,0.01278
2026-07,SKU00222,Celulares,309,5,6,10070256.0,0.016181
2026-08,SKU00222,Celulares,365,4,6,10070256.0,0.010959
2026-09,SKU00222,Celulares,379,5,6,10070256.0,0.013193
2026-04,SKU00014,Electrohogar,173,1,1,4680852.0,0.00578
2026-05,SKU00014,Electrohogar,181,1,1,4680852.0,0.005525
2026-06,SKU00014,Electrohogar,191,1,1,4680852.0,0.005236
2026-07,SKU00014,Electrohogar,168,1,1,4680852.0,0.005952
2026-08,SKU00014,Electrohogar,184,1,1,4680852.0,0.005435
2026-09,SKU00014,Electrohogar,189,1,1,4680852.0,0.005291
2026-04,SKU00305,Videojuegos,604,14,19,9894478.0,0.023179
2026-05,SKU00305,Videojuegos,597,12,17,8852954.0,0.020101
2026-06,SKU00305,Videojuegos,552,14,18,9373716.0,0.025362
2026-07,SKU00305,Videojuegos,618,13,17,8852954.0,0.021036
2026-08,SKU00305,Videojuegos,563,13,15,7811430.0,0.023091
2026-09,SKU00305,Videojuegos,666,11,16,8332192.0,0.016517
2026-04,SKU00858,Computadores,496,7,9,17099415.0,0.014113
2026-05,SKU00858,Computadores,424,7,10,18999350.0,0.016509
2026-06,SKU00858,Computadores,502,8,10,18999350.0,0.015936
2026-07,SKU00858,Computadores,404,6,7,13299545.0,0.014851
2026-08,SKU00858,Computadores,441,7,9,17099415.0,0.015873
2026-09,SKU00858,Computadores,433,7,9,17099415.0,0.016166
2026-04,SKU00804,Electrohogar,475,5,6,22368156.0,0.010526
2026-05,SKU00804,Electrohogar,398,4,5,18640130.0,0.01005
2026-06,SKU00804,Electrohogar,522,5,7,26096182.0,0.009579
2026-07,SKU00804,Electrohogar,451,4,5,18640130.0,0.008869
2026-08,SKU00804,Electrohogar,474,3,5,18640130.0,0.006329
2026-09,SKU00804,Electrohogar,434,4,5,18640130.0,0.009217
2026-04,SKU00961,Televisores,321,0,0,0.0,0.0
2026-05,SKU00961,Televisores,296,0,0,0.0,0.0
2026-06,SKU00961,Televisores,248,0,0,0.0,0.0
2026-07,SKU00961,Televisores,269,0,0,0.0,0.0
2026-08,SKU00961,Televisores,296,0,0,0.0,0.0
2026-09,SKU00961,Televisores,266,0,0,0.0,0.0
2026-04,SKU00242,Celulares,462,7,8,31935288.0,0.015152
2026-05,SKU00242,Celulares,581,9,11,43911021.0,0.015491
2026-06,SKU00242,Celulares,502,9,10,39919110.0,0.017928
2026-07,SKU00242,Celulares,558,9,11,43911021.0,0.016129
2026-08,SKU00242,Celulares,579,10,11,43911021.0,0.017271
2026-09,SKU00242,Celulares,463,6,7,27943377.0,0.012959
2026-04,SKU00544,Electrohogar,209,1,2,9196126.0,0.004785
2026-05,SKU00544,Electrohogar,227,2,3,13794189.0,0.008811
2026-06,SKU00544,Electrohogar,218,2,2,9196126.0,0.009174
2026-07,SKU00544,Electrohogar,246,2,2,9196126.0,0.00813
2026-08,SKU00544,Electrohogar,195,2,2,9196126.0,0.010256
2026-09,SKU00544,Electrohogar,216,2,2,9196126.0,0.009259
2026-04,SKU00874,Electrohogar,547,5,7,17533579.0,0.009141
2026-05,SKU00874,Electrohogar,441,4,5,12523985.0,0.00907
2026-06,SKU00874,Electrohogar,463,5,6,15028782.0,0.010799
2026-07,SKU00874,Electrohogar,455,4,5,12523985.0,0.008791
2026-08,SKU00874,Electrohogar,419,4,5,12523985.0,0.009547
2026-09,SKU00874,Electrohogar,437,5,5,12523985.0,0.011442
2026-04,SKU00628,Computadores,607,11,13,16623490.0,0.018122
2026-05,SKU00628,Computadores,581,12,13,16623490.0,0.020654
2026-06,SKU00628,Computadores,499,8,10,12787300.0,0.016032
2026-07,SKU00628,Computadores,587,8,10,12787300.0,0.013629
2026-08,SKU00628,Computadores,584,7,11,14066030.0,0.011986
2026-09,SKU00628,Computadores,543,8,11,14066030.0,0.014733
2026-04,SKU00579,Electrohogar,541,6,7,3321549.0,0.011091
2026-05,SKU00579,Electrohogar,596,5,8,3796056.0,0.008389
2026-06,SKU00579,Electrohogar,488,5,6,2847042.0,0.010246
2026-07,SKU00579,Electrohogar,601,4,6,2847042.0,0.006656
2026-08,SKU00579,Electrohogar,613,5,7,3321549.0,0.008157
2026-09,SKU00579,Electrohogar,543,5,6,2847042.0,0.009208
2026-04,SKU00626,Televisores,453,3,4,9375712.0,0.006623
2026-05,SKU00626,Televisores,523,5,5,11719640.0,0.00956
2026-06,SKU00626,Televisores,554,4,5,11719640.0,0.00722
2026-07,SKU00626,Televisores,492,4,5,11719640.0,0.00813
2026-08,SKU00626,Televisores,474,3,4,9375712.0,0.006329
2026-09,SKU00626,Televisores,497,3,4,9375712.0,0.006036
2026-04,SKU00263,Computadores,475,8,11,46269245.0,0.016842
2026-05,SKU00263,Computadores,401,6,9,37856655.0,0.014963
2026-06,SKU00263,Computadores,397,8,9,37856655.0,0.020151
2026-07,SKU00263,Computadores,424,7,8,33650360.0,0.016509
2026-08,SKU00263,Computadores,500,10,11,46269245.0,0.02
2026-09,SKU00263,Computadores,487,6,9,37856655.0,0.01232
2026-04,SKU00587,Celulares,398,8,9,35978112.0,0.020101
2026-05,SKU00587,Celulares,431,10,13,51968384.0,0.023202
2026-06,SKU00587,Celulares,473,10,11,43973248.0,0.021142
2026-07,SKU00587,Celulares,444,7,10,39975680.0,0.015766
2026-08,SKU00587,Celulares,469,8,10,39975680.0,0.017058
2026-09,SKU00587,Celulares,461,9,11,43973248.0,0.019523
2026-04,SKU00440,Videojuegos,216,7,7,22002365.0,0.032407
2026-05,SKU00440,Videojuegos,205,5,6,18859170.0,0.02439
2026-06,SKU00440,Videojuegos,210,4,5,15715975.0,0.019048
2026-07,SKU00440,Videojuegos,181,4,6,18859170.0,0.022099
2026-08,SKU00440,Videojuegos,210,4,5,15715975.0,0.019048
2026-09,SKU00440,Videojuegos,171,3,4,12572780.0,0.017544
2026-04,SKU00408,Computadores,345,5,7,6861470.0,0.014493
2026-05,SKU00408,Computadores,361,5,7,6861470.0,0.01385
2026-06,SKU00408,Computadores,382,7,9,8821890.0,0.018325
2026-07,SKU00408,Computadores,339,4,6,5881260.0,0.011799
2026-08,SKU00408,Computadores,322,5,6,5881260.0,0.015528
2026-09,SKU00408,Computadores,407,7,8,7841680.0,0.017199
2026-04,SKU00454,Electrohogar,421,4,5,16463675.0,0.009501
2026-05,SKU00454,Electrohogar,396,4,5,16463675.0,0.010101
2026-06,SKU00454,Electrohogar,372,4,5,16463675.0,0.010753
2026-07,SKU00454,Electrohogar,420,3,4,13170940.0,0.007143
2026-08,SKU00454,Electrohogar,403,3,4,13170940.0,0.007444
2026-09,SKU00454,Electrohogar,363,4,4,13170940.0,0.011019
2026-04,SKU00586,Televisores,150,2,2,947926.0,0.013333
2026-05,SKU00586,Televisores,154,1,1,473963.0,0.006494
2026-06,SKU00586,Televisores,141,1,1,473963.0,0.007092
2026-07,SKU00586,Televisores,157,1,1,473963.0,0.006369
2026-08,SKU00586,Televisores,141,1,1,473963.0,0.007092
2026-09,SKU00586,Televisores,164,1,1,473963.0,0.006098
2026-04,SKU00722,Celulares,206,4,6,16487412.0,0.019417
2026-05,SKU00722,Celulares,207,3,5,13739510.0,0.014493
2026-06,SKU00722,Celulares,200,5,6,16487412.0,0.025
2026-07,SKU00722,Celulares,245,6,7,19235314.0,0.02449
2026-08,SKU00722,Celulares,204,4,4,10991608.0,0.019608
2026-09,SKU00722,Celulares,199,4,5,13739510.0,0.020101
2026-04,SKU00800,Videojuegos,405,9,12,38454960.0,0.022222
2026-05,SKU00800,Videojuegos,393,10,13,41659540.0,0.025445
2026-06,SKU00800,Videojuegos,456,11,12,38454960.0,0.024123
2026-07,SKU00800,Videojuegos,392,8,9,28841220.0,0.020408
2026-08,SKU00800,Videojuegos,436,10,12,38454960.0,0.022936
2026-09,SKU00800,Videojuegos,356,7,9,28841220.0,0.019663
2026-04,SKU00593,Computadores,494,9,11,51287885.0,0.018219
2026-05,SKU00593,Computadores,452,10,11,51287885.0,0.022124
2026-06,SKU00593,Computadores,523,11,12,55950420.0,0.021033
2026-07,SKU00593,Computadores,481,7,9,41962815.0,0.014553
2026-08,SKU00593,Computadores,503,7,9,41962815.0,0.013917
2026-09,SKU00593,Computadores,545,9,11,51287885.0,0.016514
2026-04,SKU00123,Computadores,306,2,3,1897029.0,0.006536
2026-05,SKU00123,Computadores,308,3,3,1897029.0,0.00974
2026-06,SKU00123,Computadores,312,2,3,1897029.0,0.00641
2026-07,SKU00123,Computadores,309,2,3,1897029.0,0.006472
2026-08,SKU00123,Computadores,255,2,2,1264686.0,0.007843
2026-09,SKU00123,Computadores,301,2,3,1897029.0,0.006645
2026-04,SKU00180,Videojuegos,210,3,3,9691023.0,0.014286
2026-05,SKU00180,Videojuegos,216,3,3,9691023.0,0.013889
2026-06,SKU00180,Videojuegos,168,3,3,9691023.0,0.017857
2026-07,SKU00180,Videojuegos,187,2,3,9691023.0,0.010695
2026-08,SKU00180,Videojuegos,186,3,3,9691023.0,0.016129
2026-09,SKU00180,Videojuegos,215,3,3,9691023.0,0.013953
2026-04,SKU00836,Televisores,102,1,1,1776245.0,0.009804
2026-05,SKU00836,Televisores,113,1,1,1776245.0,0.00885
2026-06,SKU00836,Televisores,89,1,1,1776245.0,0.011236
2026-07,SKU00836,Televisores,108,1,1,1776245.0,0.009259
2026-08,SKU00836,Televisores,91,1,1,1776245.0,0.010989
2026-09,SKU00836,Televisores,106,1,1,1776245.0,0.009434
2026-04,SKU00018,Computadores,443,5,5,16193645.0,0.011287
2026-05,SKU00018,Computadores,495,3,5,16193645.0,0.006061
2026-06,SKU00018,Computadores,474,4,4,12954916.0,0.008439
2026-07,SKU00018,Computadores,453,3,4,12954916.0,0.006623
2026-08,SKU00018,Computadores,427,4,4,12954916.0,0.009368
2026-09,SKU00018,Computadores,482,3,4,12954916.0,0.006224
2026-04,SKU00622,Celulares,199,4,5,10589760.0,0.020101
2026-05,SKU00622,Celulares,214,4,5,10589760.0,0.018692
2026-06,SKU00622,Celulares,252,5,6,12707712.0,0.019841
2026-07,SKU00622,Celulares,221,4,5,10589760.0,0.0181
2026-08,SKU00622,Celulares,239,4,6,12707712.0,0.016736
2026-09,SKU00622,Celulares,209,3,4,8471808.0,0.014354
2026-04,SKU00932,Celulares,119,2,3,3992328.0,0.016807
2026-05,SKU00932,Celulares,92,2,2,2661552.0,0.021739
2026-06,SKU00932,Celulares,119,2,3,3992328.0,0.016807
2026-07,SKU00932,Celulares,120,3,3,3992328.0,0.025
2026-08,SKU00932,Celulares,110,2,3,3992328.0,0.018182
2026-09,SKU00932,Celulares,104,3,3,3992328.0,0.028846
2026-04,SKU00008,Computadores,517,4,6,29958708.0,0.007737
2026-05,SKU00008,Computadores,649,5,7,34951826.0,0.007704
2026-06,SKU00008,Computadores,525,4,5,24965590.0,0.007619
2026-07,SKU00008,Computadores,622,5,6,29958708.0,0.008039
2026-08,SKU00008,Computadores,566,6,6,29958708.0,0.010601
2026-09,SKU00008,Computadores,631,5,6,29958708.0,0.007924
2026-04,SKU00789,Electrohogar,335,3,4,14785312.0,0.008955
2026-05,SKU00789,Electrohogar,324,4,5,18481640.0,0.012346
2026-06,SKU00789,Electrohogar,291,4,4,14785312.0,0.013746
2026-07,SKU00789,Electrohogar,316,3,3,11088984.0,0.009494
2026-08,SKU00789,Electrohogar,307,2,3,11088984.0,0.006515
2026-09,SKU00789,Electrohogar,340,3,3,11088984.0,0.008824
2026-04,SKU00360,Videojuegos,303,7,10,737860.0,0.023102
2026-05,SKU00360,Videojuegos,377,8,11,811646.0,0.02122
2026-06,SKU00360,Videojuegos,354,10,11,811646.0,0.028249
2026-07,SKU00360,Videojuegos,370,7,9,664074.0,0.018919
2026-08,SKU00360,Videojuegos,301,6,7,516502.0,0.019934
2026-09,SKU00360,Videojuegos,327,6,7,516502.0,0.018349
2026-04,SKU00220,Videojuegos,124,2,3,12335256.0,0.016129
2026-05,SKU00220,Videojuegos,116,1,2,8223504.0,0.008621
2026-06,SKU00220,Videojuegos,133,2,3,12335256.0,0.015038
2026-07,SKU00220,Videojuegos,134,3,3,12335256.0,0.022388
2026-08,SKU00220,Videojuegos,116,3,3,12335256.0,0.025862
2026-09,SKU00220,Videojuegos,119,2,2,8223504.0,0.016807
2026-04,SKU00692,Celulares,627,12,15,20268780.0,0.019139
2026-05,SKU00692,Celulares,509,10,14,18917528.0,0.019646
2026-06,SKU00692,Celulares,544,11,13,17566276.0,0.020221
2026-07,SKU00692,Celulares,508,9,12,16215024.0,0.017717
2026-08,SKU00692,Celulares,576,11,13,17566276.0,0.019097
2026-09,SKU00692,Celulares,483,8,11,14863772.0,0.016563
2026-04,SKU00001,Televisores,81,0,0,0.0,0.0
2026-05,SKU00001,Televisores,77,0,0,0.0,0.0
2026-06,SKU00001,Televisores,80,0,0,0.0,0.0
2026-07,SKU00001,Televisores,89,0,0,0.0,0.0
2026-08,SKU00001,Televisores,93,0,0,0.0,0.0
2026-09,SKU00001,Televisores,86,0,0,0.0,0.0
2026-04,SKU00437,Celulares,195,4,6,15541446.0,0.020513
2026-05,SKU00437,Celulares,194,4,5,12951205.0,0.020619
2026-06,SKU00437,Celulares,179,3,4,10360964.0,0.01676
2026-07,SKU00437,Celulares,194,3,4,10360964.0,0.015464
2026-08,SKU00437,Celulares,183,3,4,10360964.0,0.016393
2026-09,SKU00437,Celulares,197,3,4,10360964.0,0.015228
2026-04,SKU00162,Celulares,374,3,4,8068296.0,0.008021
2026-05,SKU00162,Celulares,428,4,5,10085370.0,0.009346
2026-06,SKU00162,Celulares,397,3,5,10085370.0,0.007557
2026-07,SKU00162,Celulares,441,3,4,8068296.0,0.006803
2026-08,SKU00162,Celulares,407,3,4,8068296.0,0.007371
2026-09,SKU00162,Celulares,363,3,4,8068296.0,0.008264
2026-04,SKU00172,Celulares,320,3,4,7562568.0,0.009375
2026-05,SKU00172,Celulares,371,4,5,9453210.0,0.010782
2026-06,SKU00172,Celulares,311,3,4,7562568.0,0.009646
2026-07,SKU00172,Celulares,378,3,4,7562568.0,0.007937
2026-08,SKU00172,Celulares,324,3,4,7562568.0,0.009259
2026-09,SKU00172,Celulares,338,3,4,7562568.0,0.008876
2026-04,SKU00480,Videojuegos,505,14,17,23711549.0,0.027723
2026-05,SKU00480,Videojuegos,447,11,14,19527158.0,0.024609
2026-06,SKU00480,Videojuegos,421,10,13,18132361.0,0.023753
2026-07,SKU00480,Videojuegos,460,10,14,19527158.0,0.021739
2026-08,SKU00480,Videojuegos,426,9,12,16737564.0,0.021127
2026-09,SKU00480,Videojuegos,518,9,13,18132361.0,0.017375
2026-04,SKU00515,Videojuegos,240,6,7,19840702.0,0.025
2026-05,SKU00515,Videojuegos,229,6,7,19840702.0,0.026201
2026-06,SKU00515,Videojuegos,245,6,7,19840702.0,0.02449
2026-07,SKU00515,Videojuegos,247,5,6,17006316.0,0.020243
2026-08,SKU00515,Videojuegos,260,6,7,19840702.0,0.023077
2026-09,SKU00515,Videojuegos,266,5,6,17006316.0,0.018797
2026-04,SKU00648,Computadores,270,5,6,23856252.0,0.018519
2026-05,SKU00648,Computadores,284,6,7,27832294.0,0.021127
2026-06,SKU00648,Computadores,277,4,6,23856252.0,0.01444
2026-07,SKU00648,Computadores,264,4,5,19880210.0,0.015152
2026-08,SKU00648,Computadores,297,4,5,19880210.0,0.013468
2026-09,SKU00648,Computadores,336,4,6,23856252.0,0.011905
2026-04,SKU00023,Computadores,605,6,7,22631714.0,0.009917
2026-05,SKU00023,Computadores,499,4,6,19398612.0,0.008016
2026-06,SKU00023,Computadores,500,3,5,16165510.0,0.006
2026-07,SKU00023,Computadores,462,3,5,16165510.0,0.006494
2026-08,SKU00023,Computadores,472,4,4,12932408.0,0.008475
2026-09,SKU00023,Computadores,538,4,5,16165510.0,0.007435
2026-04,SKU00216,Televisores,295,2,2,7712582.0,0.00678
2026-05,SKU00216,Televisores,256,2,2,7712582.0,0.007812
2026-06,SKU00216,Televisores,294,1,2,7712582.0,0.003401
2026-07,SKU00216,Televisores,287,2,2,7712582.0,0.006969
2026-08,SKU00216,Televisores,290,2,2,7712582.0,0.006897
2026-09,SKU00216,Televisores,235,1,2,7712582.0,0.004255
2026-04,SKU00759,Electrohogar,409,4,5,20193925.0,0.00978
2026-05,SKU00759,Electrohogar,444,4,5,20193925.0,0.009009
2026-06,SKU00759,Electrohogar,454,4,5,20193925.0,0.008811
2026-07,SKU00759,Electrohogar,517,5,6,24232710.0,0.009671
2026-08,SKU00759,Electrohogar,533,4,6,24232710.0,0.007505
2026-09,SKU00759,Electrohogar,518,4,5,20193925.0,0.007722
2026-04,SKU00631,Televisores,107,0,0,0.0,0.0
2026-05,SKU00631,Televisores,94,0,0,0.0,0.0
2026-06,SKU00631,Televisores,117,0,0,0.0,0.0
2026-07,SKU00631,Televisores,96,0,0,0.0,0.0
2026-08,SKU00631,Televisores,97,0,0,0.0,0.0
2026-09,SKU00631,Televisores,90,0,0,0.0,0.0
2026-04,SKU00026,Televisores,226,1,1,3415214.0,0.004425
2026-05,SKU00026,Televisores,221,1,1,3415214.0,0.004525
2026-06,SKU00026,Televisores,202,1,1,3415214.0,0.00495
2026-07,SKU00026,Televisores,198,1,1,3415214.0,0.005051
2026-08,SKU00026,Televisores,185,1,1,3415214.0,0.005405
2026-09,SKU00026,Televisores,182,1,1,3415214.0,0.005495
2026-04,SKU00862,Celulares,621,14,15,15120510.0,0.022544
2026-05,SKU00862,Celulares,565,9,14,14112476.0,0.015929
2026-06,SKU00862,Celulares,581,12,15,15120510.0,0.020654
2026-07,SKU00862,Celulares,657,10,13,13104442.0,0.015221
2026-08,SKU00862,Celulares,566,10,15,15120510.0,0.017668
2026-09,SKU00862,Celulares,555,7,11,11088374.0,0.012613
2026-04,SKU00787,Celulares,355,8,10,12146740.0,0.022535
2026-05,SKU00787,Celulares,423,8,12,14576088.0,0.018913
2026-06,SKU00787,Celulares,440,11,12,14576088.0,0.025
2026-07,SKU00787,Celulares,334,6,9,10932066.0,0.017964
2026-08,SKU00787,Celulares,330,6,8,9717392.0,0.018182
2026-09,SKU00787,Celulares,383,6,7,8502718.0,0.015666
2026-04,SKU00775,Videojuegos,326,8,10,7381840.0,0.02454
2026-05,SKU00775,Videojuegos,286,6,8,5905472.0,0.020979
2026-06,SKU00775,Videojuegos,332,10,11,8120024.0,0.03012
2026-07,SKU00775,Videojuegos,321,7,8,5905472.0,0.021807
2026-08,SKU00775,Videojuegos,259,5,6,4429104.0,0.019305
2026-09,SKU00775,Videojuegos,276,6,7,5167288.0,0.021739
2026-04,SKU00118,Computadores,363,2,3,6395331.0,0.00551
2026-05,SKU00118,Computadores,301,3,3,6395331.0,0.009967
2026-06,SKU00118,Computadores,313,2,3,6395331.0,0.00639
2026-07,SKU00118,Computadores,378,3,4,8527108.0,0.007937
2026-08,SKU00118,Computadores,308,2,3,6395331.0,0.006494
2026-09,SKU00118,Computadores,342,3,3,6395331.0,0.008772
2026-04,SKU00270,Videojuegos,635,17,21,36908970.0,0.026772
2026-05,SKU00270,Videojuegos,494,13,16,28121120.0,0.026316
2026-06,SKU00270,Videojuegos,523,14,15,26363550.0,0.026769
2026-07,SKU00270,Videojuegos,493,11,14,24605980.0,0.022312
2026-08,SKU00270,Videojuegos,573,13,16,28121120.0,0.022688
2026-09,SKU00270,Videojuegos,596,12,17,29878690.0,0.020134
2026-04,SKU00094,Televisores,305,1,2,8587336.0,0.003279
2026-05,SKU00094,Televisores,318,2,2,8587336.0,0.006289
2026-06,SKU00094,Televisores,284,1,1,4293668.0,0.003521
2026-07,SKU00094,Televisores,281,1,1,4293668.0,0.003559
2026-08,SKU00094,Televisores,323,1,1,4293668.0,0.003096
2026-09,SKU00094,Televisores,305,1,1,4293668.0,0.003279
2026-04,SKU00090,Televisores,202,1,1,2052242.0,0.00495
2026-05,SKU00090,Televisores,229,1,1,2052242.0,0.004367
2026-06,SKU00090,Televisores,233,1,1,2052242.0,0.004292
2026-07,SKU00090,Televisores,244,1,1,2052242.0,0.004098
2026-08,SKU00090,Televisores,235,1,1,2052242.0,0.004255
2026-09,SKU00090,Televisores,182,1,1,2052242.0,0.005495
2026-04,SKU00051,Televisores,282,0,0,0.0,0.0
2026-05,SKU00051,Televisores,268,0,0,0.0,0.0
2026-06,SKU00051,Televisores,275,0,0,0.0,0.0
2026-07,SKU00051,Televisores,293,0,0,0.0,0.0
2026-08,SKU00051,Televisores,304,0,0,0.0,0.0
2026-09,SKU00051,Televisores,270,0,0,0.0,0.0
2026-04,SKU00364,Electrohogar,463,4,5,7558415.0,0.008639
2026-05,SKU00364,Electrohogar,420,3,4,6046732.0,0.007143
2026-06,SKU00364,Electrohogar,377,4,5,7558415.0,0.01061
2026-07,SKU00364,Electrohogar,381,3,4,6046732.0,0.007874
2026-08,SKU00364,Electrohogar,410,3,4,6046732.0,0.007317
2026-09,SKU00364,Electrohogar,486,6,6,9070098.0,0.012346
2026-04,SKU00029,Electrohogar,257,2,2,2496986.0,0.007782
2026-05,SKU00029,Electrohogar,241,1,2,2496986.0,0.004149
2026-06,SKU00029,Electrohogar,227,1,1,1248493.0,0.004405
2026-07,SKU00029,Electrohogar,274,1,1,1248493.0,0.00365
2026-08,SKU00029,Electrohogar,267,1,1,1248493.0,0.003745
2026-09,SKU00029,Electrohogar,244,1,1,1248493.0,0.004098
2026-04,SKU00945,Videojuegos,415,11,13,7615361.0,0.026506
2026-05,SKU00945,Videojuegos,512,13,14,8201158.0,0.025391
2026-06,SKU00945,Videojuegos,493,14,15,8786955.0,0.028398
2026-07,SKU00945,Videojuegos,452,7,11,6443767.0,0.015487
2026-08,SKU00945,Videojuegos,528,11,14,8201158.0,0.020833
2026-09,SKU00945,Videojuegos,466,9,11,6443767.0,0.019313
2026-04,SKU00178,Computadores,364,3,4,1887272.0,0.008242
2026-05,SKU00178,Computadores,378,3,4,1887272.0,0.007937
2026-06,SKU00178,Computadores,460,5,5,2359090.0,0.01087
2026-07,SKU00178,Computadores,354,2,3,1415454.0,0.00565
2026-08,SKU00178,Computadores,448,4,5,2359090.0,0.008929
2026-09,SKU00178,Computadores,464,4,4,1887272.0,0.008621
2026-04,SKU00988,Computadores,492,9,10,25568570.0,0.018293
2026-05,SKU00988,Computadores,443,8,11,28125427.0,0.018059
2026-06,SKU00988,Computadores,568,10,11,28125427.0,0.017606
2026-07,SKU00988,Computadores,576,8,10,25568570.0,0.013889
2026-08,SKU00988,Computadores,535,7,11,28125427.0,0.013084
2026-09,SKU00988,Computadores,450,5,8,20454856.0,0.011111
2026-04,SKU00733,Computadores,516,10,11,31698634.0,0.01938
2026-05,SKU00733,Computadores,568,9,13,37462022.0,0.015845
2026-06,SKU00733,Computadores,626,13,15,43225410.0,0.020767
2026-07,SKU00733,Computadores,625,9,14,40343716.0,0.0144
2026-08,SKU00733,Computadores,618,9,11,31698634.0,0.014563
2026-09,SKU00733,Computadores,549,8,9,25935246.0,0.014572
2026-04,SKU00265,Videojuegos,622,12,17,45702137.0,0.019293
2026-05,SKU00265,Videojuegos,664,17,21,56455581.0,0.025602
2026-06,SKU00265,Videojuegos,554,15,18,48390498.0,0.027076
2026-07,SKU00265,Videojuegos,636,16,20,53767220.0,0.025157
2026-08,SKU00265,Videojuegos,601,13,18,48390498.0,0.021631
2026-09,SKU00265,Videojuegos,616,10,14,37637054.0,0.016234
2026-04,SKU00749,Electrohogar,569,5,7,31263624.0,0.008787
2026-05,SKU00749,Electrohogar,574,5,6,26797392.0,0.008711
2026-06,SKU00749,Electrohogar,597,5,7,31263624.0,0.008375
2026-07,SKU00749,Electrohogar,588,6,6,26797392.0,0.010204
2026-08,SKU00749,Electrohogar,658,6,7,31263624.0,0.009119
2026-09,SKU00749,Electrohogar,611,5,6,26797392.0,0.008183
2026-04,SKU00361,Televisores,406,0,0,0.0,0.0
2026-05,SKU00361,Televisores,491,0,0,0.0,0.0
2026-06,SKU00361,Televisores,536,0,0,0.0,0.0
2026-07,SKU00361,Televisores,500,0,0,0.0,0.0
2026-08,SKU00361,Televisores,501,0,0,0.0,0.0
2026-09,SKU00361,Televisores,462,0,0,0.0,0.0
2026-04,SKU00990,Videojuegos,133,3,4,18658992.0,0.022556
2026-05,SKU00990,Videojuegos,127,3,4,18658992.0,0.023622
2026-06,SKU00990,Videojuegos,120,3,3,13994244.0,0.025
2026-07,SKU00990,Videojuegos,103,3,3,13994244.0,0.029126
2026-08,SKU00990,Videojuegos,126,3,4,18658992.0,0.02381
2026-09,SKU00990,Videojuegos,129,3,3,13994244.0,0.023256
2026-04,SKU00916,Televisores,311,2,3,2270187.0,0.006431
2026-05,SKU00916,Televisores,353,4,4,3026916.0,0.011331
2026-06,SKU00916,Televisores,299,3,3,2270187.0,0.010033
2026-07,SKU00916,Televisores,348,3,3,2270187.0,0.008621
2026-08,SKU00916,Televisores,362,2,3,2270187.0,0.005525
2026-09,SKU00916,Televisores,292,2,2,1513458.0,0.006849
2026-04,SKU00580,Videojuegos,295,7,8,28460544.0,0.023729
2026-05,SKU00580,Videojuegos,274,7,8,28460544.0,0.025547
2026-06,SKU00580,Videojuegos,326,7,10,35575680.0,0.021472
2026-07,SKU00580,Videojuegos,346,8,10,35575680.0,0.023121
2026-08,SKU00580,Videojuegos,307,6,8,28460544.0,0.019544
2026-09,SKU00580,Videojuegos,281,4,6,21345408.0,0.014235
2026-04,SKU00578,Computadores,445,8,10,38214840.0,0.017978
2026-05,SKU00578,Computadores,427,8,10,38214840.0,0.018735
2026-06,SKU00578,Computadores,420,5,8,30571872.0,0.011905
2026-07,SKU00578,Computadores,408,7,9,34393356.0,0.017157
2026-08,SKU00578,Computadores,368,6,8,30571872.0,0.016304
2026-09,SKU00578,Computadores,384,5,8,30571872.0,0.013021
2026-04,SKU00915,Videojuegos,392,10,13,15898740.0,0.02551
2026-05,SKU00915,Videojuegos,348,9,12,14675760.0,0.025862
2026-06,SKU00915,Videojuegos,340,7,11,13452780.0,0.020588
2026-07,SKU00915,Videojuegos,348,7,10,12229800.0,0.020115
2026-08,SKU00915,Videojuegos,422,10,11,13452780.0,0.023697
2026-09,SKU00915,Videojuegos,339,8,8,9783840.0,0.023599
2026-04,SKU00055,Videojuegos,632,7,9,0.0,0.011076
2026-05,SKU00055,Videojuegos,585,7,8,0.0,0.011966
2026-06,SKU00055,Videojuegos,587,8,9,0.0,0.013629
2026-07,SKU00055,Videojuegos,656,8,9,0.0,0.012195
2026-08,SKU00055,Videojuegos,656,7,9,0.0,0.010671
2026-09,SKU00055,Videojuegos,551,7,8,0.0,0.012704
2026-04,SKU00691,Televisores,411,0,0,0.0,0.0
2026-05,SKU00691,Televisores,385,0,0,0.0,0.0
2026-06,SKU00691,Televisores,443,0,0,0.0,0.0
2026-07,SKU00691,Televisores,457,0,0,0.0,0.0
2026-08,SKU00691,Televisores,411,0,0,0.0,0.0
2026-09,SKU00691,Televisores,373,0,0,0.0,0.0
2026-04,SKU00774,Electrohogar,305,3,4,10111288.0,0.009836
2026-05,SKU00774,Electrohogar,320,3,4,10111288.0,0.009375
2026-06,SKU00774,Electrohogar,351,3,4,10111288.0,0.008547
2026-07,SKU00774,Electrohogar,314,2,3,7583466.0,0.006369
2026-08,SKU00774,Electrohogar,343,3,3,7583466.0,0.008746
2026-09,SKU00774,Electrohogar,268,2,3,7583466.0,0.007463
2026-04,SKU00668,Computadores,114,3,3,5646507.0,0.026316
2026-05,SKU00668,Computadores,122,2,3,5646507.0,0.016393
2026-06,SKU00668,Computadores,106,2,2,3764338.0,0.018868
2026-07,SKU00668,Computadores,102,2,2,3764338.0,0.019608
2026-08,SKU00668,Computadores,122,2,2,3764338.0,0.016393
2026-09,SKU00668,Computadores,113,1,2,3764338.0,0.00885
2026-04,SKU00696,Televisores,142,1,1,458326.0,0.007042
2026-05,SKU00696,Televisores,153,2,2,916652.0,0.013072
2026-06,SKU00696,Televisores,143,1,1,458326.0,0.006993
2026-07,SKU00696,Televisores,138,1,1,458326.0,0.007246
2026-08,SKU00696,Televisores,121,1,1,458326.0,0.008264
2026-09,SKU00696,Televisores,118,1,1,458326.0,0.008475
2026-04,SKU00095,Televisores,519,2,2,1254126.0,0.003854
2026-05,SKU00095,Televisores,525,1,2,1254126.0,0.001905
2026-06,SKU00095,Televisores,429,1,2,1254126.0,0.002331
2026-07,SKU00095,Televisores,417,1,2,1254126.0,0.002398
2026-08,SKU00095,Televisores,454,1,2,1254126.0,0.002203
2026-09,SKU00095,Televisores,469,1,2,1254126.0,0.002132
2026-04,SKU00022,Celulares,162,2,2,9061380.0,0.012346
2026-05,SKU00022,Celulares,127,2,2,9061380.0,0.015748
2026-06,SKU00022,Celulares,120,1,1,4530690.0,0.008333
2026-07,SKU00022,Celulares,159,2,2,9061380.0,0.012579
2026-08,SKU00022,Celulares,161,2,2,9061380.0,0.012422
2026-09,SKU00022,Celulares,128,1,1,4530690.0,0.007812
2026-04,SKU00785,Videojuegos,245,7,8,37949856.0,0.028571
2026-05,SKU00785,Videojuegos,252,6,9,42693588.0,0.02381
2026-06,SKU00785,Videojuegos,212,5,7,33206124.0,0.023585
2026-07,SKU00785,Videojuegos,205,6,6,28462392.0,0.029268
2026-08,SKU00785,Videojuegos,269,6,8,37949856.0,0.022305
2026-09,SKU00785,Videojuegos,223,4,5,23718660.0,0.017937
2026-04,SKU00829,Electrohogar,281,2,3,4286106.0,0.007117
2026-05,SKU00829,Electrohogar,288,4,4,5714808.0,0.013889
2026-06,SKU00829,Electrohogar,283,2,3,4286106.0,0.007067
2026-07,SKU00829,Electrohogar,247,2,2,2857404.0,0.008097
2026-08,SKU00829,Electrohogar,238,1,2,2857404.0,0.004202
2026-09,SKU00829,Electrohogar,274,2,3,4286106.0,0.007299
2026-04,SKU00496,Televisores,386,3,4,19495388.0,0.007772
2026-05,SKU00496,Televisores,491,4,5,24369235.0,0.008147
2026-06,SKU00496,Televisores,458,3,5,24369235.0,0.00655
2026-07,SKU00496,Televisores,466,4,5,24369235.0,0.008584
2026-08,SKU00496,Televisores,473,4,4,19495388.0,0.008457
2026-09,SKU00496,Televisores,465,3,4,19495388.0,0.006452
2026-04,SKU00764,Electrohogar,264,2,3,14342472.0,0.007576
2026-05,SKU00764,Electrohogar,271,2,3,14342472.0,0.00738
2026-06,SKU00764,Electrohogar,266,2,3,14342472.0,0.007519
2026-07,SKU00764,Electrohogar,281,2,3,14342472.0,0.007117
2026-08,SKU00764,Electrohogar,297,3,3,14342472.0,0.010101
2026-09,SKU00764,Electrohogar,255,2,2,9561648.0,0.007843
2026-04,SKU00498,Computadores,267,5,6,18057810.0,0.018727
2026-05,SKU00498,Computadores,222,4,5,15048175.0,0.018018
2026-06,SKU00498,Computadores,292,4,5,15048175.0,0.013699
2026-07,SKU00498,Computadores,285,5,6,18057810.0,0.017544
2026-08,SKU00498,Computadores,232,3,4,12038540.0,0.012931
2026-09,SKU00498,Computadores,288,5,5,15048175.0,0.017361
2026-04,SKU00694,Electrohogar,325,2,3,543738.0,0.006154
2026-05,SKU00694,Electrohogar,279,3,4,724984.0,0.010753
2026-06,SKU00694,Electrohogar,344,3,4,724984.0,0.008721
2026-07,SKU00694,Electrohogar,344,2,3,543738.0,0.005814
2026-08,SKU00694,Electrohogar,334,4,4,724984.0,0.011976
2026-09,SKU00694,Electrohogar,350,3,4,724984.0,0.008571
2026-04,SKU00806,Televisores,423,3,4,10361376.0,0.007092
2026-05,SKU00806,Televisores,515,5,6,15542064.0,0.009709
2026-06,SKU00806,Televisores,501,4,5,12951720.0,0.007984
2026-07,SKU00806,Televisores,447,4,5,12951720.0,0.008949
2026-08,SKU00806,Televisores,457,3,4,10361376.0,0.006565
2026-09,SKU00806,Televisores,478,4,4,10361376.0,0.008368
2026-04,SKU00709,Electrohogar,536,4,5,20110815.0,0.007463
2026-05,SKU00709,Electrohogar,499,5,7,28155141.0,0.01002
2026-06,SKU00709,Electrohogar,611,4,6,24132978.0,0.006547
2026-07,SKU00709,Electrohogar,519,4,6,24132978.0,0.007707
2026-08,SKU00709,Electrohogar,585,5,6,24132978.0,0.008547
2026-09,SKU00709,Electrohogar,658,6,7,28155141.0,0.009119
2026-04,SKU00748,Computadores,375,7,8,10392336.0,0.018667
2026-05,SKU00748,Computadores,327,6,7,9093294.0,0.018349
2026-06,SKU00748,Computadores,413,8,10,12990420.0,0.01937
2026-07,SKU00748,Computadores,370,7,7,9093294.0,0.018919
2026-08,SKU00748,Computadores,367,4,6,7794252.0,0.010899
2026-09,SKU00748,Computadores,408,6,7,9093294.0,0.014706
2026-04,SKU00633,Computadores,137,2,3,14918073.0,0.014599
2026-05,SKU00633,Computadores,133,2,3,14918073.0,0.015038
2026-06,SKU00633,Computadores,168,3,4,19890764.0,0.017857
2026-07,SKU00633,Computadores,136,2,3,14918073.0,0.014706
2026-08,SKU00633,Computadores,169,3,3,14918073.0,0.017751
2026-09,SKU00633,Computadores,167,2,3,14918073.0,0.011976
2026-04,SKU00845,Videojuegos,132,3,4,4154780.0,0.022727
2026-05,SKU00845,Videojuegos,119,2,3,3116085.0,0.016807
2026-06,SKU00845,Videojuegos,143,4,4,4154780.0,0.027972
2026-07,SKU00845,Videojuegos,119,2,3,3116085.0,0.016807
2026-08,SKU00845,Videojuegos,139,3,3,3116085.0,0.021583
2026-09,SKU00845,Videojuegos,118,2,3,3116085.0,0.016949
2026-04,SKU00185,Videojuegos,100,2,2,2656550.0,0.02
2026-05,SKU00185,Videojuegos,93,1,2,2656550.0,0.010753
2026-06,SKU00185,Videojuegos,89,2,2,2656550.0,0.022472
2026-07,SKU00185,Videojuegos,106,1,2,2656550.0,0.009434
2026-08,SKU00185,Videojuegos,88,2,2,2656550.0,0.022727
2026-09,SKU00185,Videojuegos,84,2,2,2656550.0,0.02381
2026-04,SKU00701,Televisores,444,0,0,0.0,0.0
2026-05,SKU00701,Televisores,510,0,0,0.0,0.0
2026-06,SKU00701,Televisores,452,0,0,0.0,0.0
2026-07,SKU00701,Televisores,534,0,0,0.0,0.0
2026-08,SKU00701,Televisores,455,0,0,0.0,0.0
2026-09,SKU00701,Televisores,428,0,0,0.0,0.0
2026-04,SKU00115,Electrohogar,234,1,1,1346487.0,0.004274
2026-05,SKU00115,Electrohogar,217,1,1,1346487.0,0.004608
2026-06,SKU00115,Electrohogar,247,1,1,1346487.0,0.004049
2026-07,SKU00115,Electrohogar,268,1,1,1346487.0,0.003731
2026-08,SKU00115,Electrohogar,238,1,1,1346487.0,0.004202
2026-09,SKU00115,Electrohogar,239,1,1,1346487.0,0.004184
2026-04,SKU00975,Videojuegos,433,10,12,13757520.0,0.023095
2026-05,SKU00975,Videojuegos,381,10,12,13757520.0,0.026247
2026-06,SKU00975,Videojuegos,468,13,15,17196900.0,0.027778
2026-07,SKU00975,Videojuegos,396,10,11,12611060.0,0.025253
2026-08,SKU00975,Videojuegos,449,8,11,12611060.0,0.017817
2026-09,SKU00975,Videojuegos,399,8,10,11464600.0,0.02005
2026-04,SKU00968,Computadores,510,11,12,53932872.0,0.021569
2026-05,SKU00968,Computadores,563,8,11,49438466.0,0.01421
2026-06,SKU00968,Computadores,551,8,11,49438466.0,0.014519
2026-07,SKU00968,Computadores,545,8,10,44944060.0,0.014679
2026-08,SKU00968,Computadores,574,9,11,49438466.0,0.015679
2026-09,SKU00968,Computadores,506,8,10,44944060.0,0.01581
2026-04,SKU00300,Videojuegos,249,7,8,4991632.0,0.028112
2026-05,SKU00300,Videojuegos,213,4,6,3743724.0,0.018779
2026-06,SKU00300,Videojuegos,256,6,8,4991632.0,0.023438
2026-07,SKU00300,Videojuegos,246,6,7,4367678.0,0.02439
2026-08,SKU00300,Videojuegos,248,4,6,3743724.0,0.016129
2026-09,SKU00300,Videojuegos,207,4,4,2495816.0,0.019324
2026-04,SKU00699,Electrohogar,127,1,1,2476517.0,0.007874
2026-05,SKU00699,Electrohogar,128,2,2,4953034.0,0.015625
2026-06,SKU00699,Electrohogar,126,1,1,2476517.0,0.007937
2026-07,SKU00699,Electrohogar,126,2,2,4953034.0,0.015873
2026-08,SKU00699,Electrohogar,127,1,1,2476517.0,0.007874
2026-09,SKU00699,Electrohogar,146,1,1,2476517.0,0.006849
2026-04,SKU00288,Computadores,240,4,5,16312960.0,0.016667
2026-05,SKU00288,Computadores,221,4,5,16312960.0,0.0181
2026-06,SKU00288,Computadores,282,6,6,19575552.0,0.021277
2026-07,SKU00288,Computadores,282,4,6,19575552.0,0.014184
2026-08,SKU00288,Computadores,242,3,5,16312960.0,0.012397
2026-09,SKU00288,Computadores,238,3,4,13050368.0,0.012605
2026-04,SKU00965,Videojuegos,102,3,4,1002292.0,0.029412
2026-05,SKU00965,Videojuegos,98,2,3,751719.0,0.020408
2026-06,SKU00965,Videojuegos,85,2,2,501146.0,0.023529
2026-07,SKU00965,Videojuegos,95,1,2,501146.0,0.010526
2026-08,SKU00965,Videojuegos,96,2,2,501146.0,0.020833
2026-09,SKU00965,Videojuegos,105,2,3,751719.0,0.019048
2026-04,SKU00472,Celulares,319,7,8,30527040.0,0.021944
2026-05,SKU00472,Celulares,318,6,7,26711160.0,0.018868
2026-06,SKU00472,Celulares,306,6,7,26711160.0,0.019608
2026-07,SKU00472,Celulares,274,5,6,22895280.0,0.018248
2026-08,SKU00472,Celulares,255,4,5,19079400.0,0.015686
2026-09,SKU00472,Celulares,316,6,7,26711160.0,0.018987
2026-04,SKU00768,Computadores,138,2,3,11149686.0,0.014493
2026-05,SKU00768,Computadores,152,2,3,11149686.0,0.013158
2026-06,SKU00768,Computadores,152,3,3,11149686.0,0.019737
2026-07,SKU00768,Computadores,126,2,2,7433124.0,0.015873
2026-08,SKU00768,Computadores,150,2,2,7433124.0,0.013333
2026-09,SKU00768,Computadores,125,2,2,7433124.0,0.016
2026-04,SKU00905,Videojuegos,410,11,13,8373950.0,0.026829
2026-05,SKU00905,Videojuegos,453,14,15,9662250.0,0.030905
2026-06,SKU00905,Videojuegos,517,11,15,9662250.0,0.021277
2026-07,SKU00905,Videojuegos,540,13,16,10306400.0,0.024074
2026-08,SKU00905,Videojuegos,475,11,12,7729800.0,0.023158
2026-09,SKU00905,Videojuegos,536,10,12,7729800.0,0.018657
2026-04,SKU00322,Celulares,450,9,13,31860010.0,0.02
2026-05,SKU00322,Celulares,360,7,10,24507700.0,0.019444
2026-06,SKU00322,Celulares,366,7,8,19606160.0,0.019126
2026-07,SKU00322,Celulares,373,5,8,19606160.0,0.013405
2026-08,SKU00322,Celulares,433,8,11,26958470.0,0.018476
2026-09,SKU00322,Celulares,455,7,9,22056930.0,0.015385
2026-04,SKU00025,Videojuegos,572,7,8,4153928.0,0.012238
2026-05,SKU00025,Videojuegos,569,5,7,3634687.0,0.008787
2026-06,SKU00025,Videojuegos,620,7,10,5192410.0,0.01129
2026-07,SKU00025,Videojuegos,587,5,7,3634687.0,0.008518
2026-08,SKU00025,Videojuegos,581,6,7,3634687.0,0.010327
2026-09,SKU00025,Videojuegos,532,5,7,3634687.0,0.009398
2026-04,SKU00255,Videojuegos,299,8,9,7344945.0,0.026756
2026-05,SKU00255,Videojuegos,279,7,9,7344945.0,0.02509
2026-06,SKU00255,Videojuegos,312,7,9,7344945.0,0.022436
2026-07,SKU00255,Videojuegos,246,6,8,6528840.0,0.02439
2026-08,SKU00255,Videojuegos,313,6,8,6528840.0,0.019169
2026-09,SKU00255,Videojuegos,250,5,7,5712735.0,0.02
2026-04,SKU00121,Televisores,440,0,0,0.0,0.0
2026-05,SKU00121,Televisores,450,0,0,0.0,0.0
2026-06,SKU00121,Televisores,426,0,0,0.0,0.0
2026-07,SKU00121,Televisores,389,0,0,0.0,0.0
2026-08,SKU00121,Televisores,456,0,0,0.0,0.0
2026-09,SKU00121,Televisores,367,0,0,0.0,0.0
2026-04,SKU00950,Videojuegos,146,3,5,5087440.0,0.020548
2026-05,SKU00950,Videojuegos,152,3,5,5087440.0,0.019737
2026-06,SKU00950,Videojuegos,151,3,4,4069952.0,0.019868
2026-07,SKU00950,Videojuegos,158,3,4,4069952.0,0.018987
2026-08,SKU00950,Videojuegos,148,2,3,3052464.0,0.013514
2026-09,SKU00950,Videojuegos,155,3,4,4069952.0,0.019355
2026-04,SKU00301,Televisores,548,0,0,0.0,0.0
2026-05,SKU00301,Televisores,578,0,0,0.0,0.0
2026-06,SKU00301,Televisores,514,0,0,0.0,0.0
2026-07,SKU00301,Televisores,636,0,0,0.0,0.0
2026-08,SKU00301,Televisores,647,0,0,0.0,0.0
2026-09,SKU00301,Televisores,564,0,0,0.0,0.0
2026-04,SKU00634,Electrohogar,462,3,5,22523490.0,0.006494
2026-05,SKU00634,Electrohogar,447,5,6,27028188.0,0.011186
2026-06,SKU00634,Electrohogar,459,4,5,22523490.0,0.008715
2026-07,SKU00634,Electrohogar,497,4,5,22523490.0,0.008048
2026-08,SKU00634,Electrohogar,429,3,4,18018792.0,0.006993
2026-09,SKU00634,Electrohogar,424,3,4,18018792.0,0.007075
2026-04,SKU00393,Computadores,431,9,10,48658990.0,0.020882
2026-05,SKU00393,Computadores,448,7,9,43793091.0,0.015625
2026-06,SKU00393,Computadores,480,9,10,48658990.0,0.01875
2026-07,SKU00393,Computadores,479,8,10,48658990.0,0.016701
2026-08,SKU00393,Computadores,424,8,9,43793091.0,0.018868
2026-09,SKU00393,Computadores,496,6,8,38927192.0,0.012097
2026-04,SKU00146,Televisores,639,2,3,7961961.0,0.00313
2026-05,SKU00146,Televisores,552,2,2,5307974.0,0.003623
2026-06,SKU00146,Televisores,618,2,3,7961961.0,0.003236
2026-07,SKU00146,Televisores,520,2,2,5307974.0,0.003846
2026-08,SKU00146,Televisores,639,2,3,7961961.0,0.00313
2026-09,SKU00146,Televisores,668,2,2,5307974.0,0.002994
2026-04,SKU00275,Videojuegos,468,14,16,13310320.0,0.029915
2026-05,SKU00275,Videojuegos,569,17,20,16637900.0,0.029877
2026-06,SKU00275,Videojuegos,568,12,17,14142215.0,0.021127
2026-07,SKU00275,Videojuegos,482,12,14,11646530.0,0.024896
2026-08,SKU00275,Videojuegos,568,15,17,14142215.0,0.026408
2026-09,SKU00275,Videojuegos,517,13,15,12478425.0,0.025145
2026-04,SKU00391,Televisores,352,0,0,0.0,0.0
2026-05,SKU00391,Televisores,359,0,0,0.0,0.0
2026-06,SKU00391,Televisores,310,0,0,0.0,0.0
2026-07,SKU00391,Televisores,324,0,0,0.0,0.0
2026-08,SKU00391,Televisores,365,0,0,0.0,0.0
2026-09,SKU00391,Televisores,311,0,0,0.0,0.0
2026-04,SKU00954,Electrohogar,216,2,3,10703772.0,0.009259
2026-05,SKU00954,Electrohogar,207,2,2,7135848.0,0.009662
2026-06,SKU00954,Electrohogar,234,3,3,10703772.0,0.012821
2026-07,SKU00954,Electrohogar,256,2,3,10703772.0,0.007812
2026-08,SKU00954,Electrohogar,251,2,2,7135848.0,0.007968
2026-09,SKU00954,Electrohogar,204,2,2,7135848.0,0.009804
2026-04,SKU00992,Celulares,408,8,11,6240498.0,0.019608
2026-05,SKU00992,Celulares,416,9,10,5673180.0,0.021635
2026-06,SKU00992,Celulares,373,7,10,5673180.0,0.018767
2026-07,SKU00992,Celulares,354,5,8,4538544.0,0.014124
2026-08,SKU00992,Celulares,399,7,10,5673180.0,0.017544
2026-09,SKU00992,Celulares,377,6,9,5105862.0,0.015915
2026-04,SKU00426,Televisores,478,4,5,14490215.0,0.008368
2026-05,SKU00426,Televisores,415,3,4,11592172.0,0.007229
2026-06,SKU00426,Televisores,500,3,5,14490215.0,0.006
2026-07,SKU00426,Televisores,418,3,4,11592172.0,0.007177
2026-08,SKU00426,Televisores,522,4,5,14490215.0,0.007663
2026-09,SKU00426,Televisores,444,3,4,11592172.0,0.006757
2026-04,SKU00702,Celulares,547,10,14,61915980.0,0.018282
2026-05,SKU00702,Celulares,576,10,13,57493410.0,0.017361
2026-06,SKU00702,Celulares,534,13,14,61915980.0,0.024345
2026-07,SKU00702,Celulares,454,8,12,53070840.0,0.017621
2026-08,SKU00702,Celulares,455,6,9,39803130.0,0.013187
2026-09,SKU00702,Celulares,527,9,13,57493410.0,0.017078
2026-04,SKU00368,Computadores,511,9,11,47041555.0,0.017613
2026-05,SKU00368,Computadores,481,9,11,47041555.0,0.018711
2026-06,SKU00368,Computadores,451,8,10,42765050.0,0.017738
2026-07,SKU00368,Computadores,401,8,9,38488545.0,0.01995
2026-08,SKU00368,Computadores,441,7,8,34212040.0,0.015873
2026-09,SKU00368,Computadores,415,6,7,29935535.0,0.014458
2026-04,SKU00818,Computadores,90,1,2,9750848.0,0.011111
2026-05,SKU00818,Computadores,89,1,2,9750848.0,0.011236
2026-06,SKU00818,Computadores,93,2,2,9750848.0,0.021505
2026-07,SKU00818,Computadores,98,2,2,9750848.0,0.020408
2026-08,SKU00818,Computadores,89,2,2,9750848.0,0.022472
2026-09,SKU00818,Computadores,109,2,2,9750848.0,0.018349
2026-04,SKU00410,Videojuegos,110,2,3,1292964.0,0.018182
2026-05,SKU00410,Videojuegos,120,3,4,1723952.0,0.025
2026-06,SKU00410,Videojuegos,134,4,4,1723952.0,0.029851
2026-07,SKU00410,Videojuegos,117,2,3,1292964.0,0.017094
2026-08,SKU00410,Videojuegos,125,2,3,1292964.0,0.016
2026-09,SKU00410,Videojuegos,116,3,3,1292964.0,0.025862
2026-04,SKU00032,Celulares,325,3,4,0.0,0.009231
2026-05,SKU00032,Celulares,302,3,4,0.0,0.009934
2026-06,SKU00032,Celulares,352,4,5,0.0,0.011364
2026-07,SKU00032,Celulares,332,3,4,0.0,0.009036
2026-08,SKU00032,Celulares,373,4,4,0.0,0.010724
2026-09,SKU00032,Celulares,311,3,3,0.0,0.009646
2026-04,SKU00024,Electrohogar,333,2,2,9444066.0,0.006006
2026-05,SKU00024,Electrohogar,259,2,2,9444066.0,0.007722
2026-06,SKU00024,Electrohogar,333,2,2,9444066.0,0.006006
2026-07,SKU00024,Electrohogar,281,1,1,4722033.0,0.003559
2026-08,SKU00024,Electrohogar,284,1,1,4722033.0,0.003521
2026-09,SKU00024,Electrohogar,318,2,2,9444066.0,0.006289
2026-04,SKU00717,Celulares,280,6,7,33165839.0,0.021429
2026-05,SKU00717,Celulares,271,7,8,37903816.0,0.02583
2026-06,SKU00717,Celulares,217,3,5,23689885.0,0.013825
2026-07,SKU00717,Celulares,213,3,4,18951908.0,0.014085
2026-08,SKU00717,Celulares,232,4,5,23689885.0,0.017241
2026-09,SKU00717,Celulares,266,5,7,33165839.0,0.018797
2026-04,SKU00740,Videojuegos,417,9,11,1393524.0,0.021583
2026-05,SKU00740,Videojuegos,507,11,14,1773576.0,0.021696
2026-06,SKU00740,Videojuegos,390,11,12,1520208.0,0.028205
2026-07,SKU00740,Videojuegos,428,10,11,1393524.0,0.023364
2026-08,SKU00740,Videojuegos,508,11,15,1900260.0,0.021654
2026-09,SKU00740,Videojuegos,513,12,14,1773576.0,0.023392
2026-04,SKU00912,Celulares,123,3,4,15043936.0,0.02439
2026-05,SKU00912,Celulares,98,2,3,11282952.0,0.020408
2026-06,SKU00912,Celulares,123,2,3,11282952.0,0.01626
2026-07,SKU00912,Celulares,95,1,2,7521968.0,0.010526
2026-08,SKU00912,Celulares,117,2,2,7521968.0,0.017094
2026-09,SKU00912,Celulares,106,2,2,7521968.0,0.018868
2026-04,SKU00378,Computadores,541,12,14,65449090.0,0.022181
2026-05,SKU00378,Computadores,479,8,9,42074415.0,0.016701
2026-06,SKU00378,Computadores,519,8,10,46749350.0,0.015414
2026-07,SKU00378,Computadores,606,8,11,51424285.0,0.013201
2026-08,SKU00378,Computadores,618,9,11,51424285.0,0.014563
2026-09,SKU00378,Computadores,472,8,9,42074415.0,0.016949
2026-04,SKU00985,Videojuegos,534,15,17,6601270.0,0.02809
2026-05,SKU00985,Videojuegos,558,13,18,6989580.0,0.023297
2026-06,SKU00985,Videojuegos,460,12,13,5048030.0,0.026087
2026-07,SKU00985,Videojuegos,532,13,14,5436340.0,0.024436
2026-08,SKU00985,Videojuegos,560,11,15,5824650.0,0.019643
2026-09,SKU00985,Videojuegos,546,11,13,5048030.0,0.020147
2026-04,SKU00061,Televisores,456,0,0,0.0,0.0
2026-05,SKU00061,Televisores,504,0,0,0.0,0.0
2026-06,SKU00061,Televisores,466,0,0,0.0,0.0
2026-07,SKU00061,Televisores,475,0,0,0.0,0.0
2026-08,SKU00061,Televisores,441,0,0,0.0,0.0
2026-09,SKU00061,Televisores,511,0,0,0.0,0.0
2026-04,SKU00539,Electrohogar,673,6,9,34142490.0,0.008915
2026-05,SKU00539,Electrohogar,569,6,7,26555270.0,0.010545
2026-06,SKU00539,Electrohogar,660,8,8,30348880.0,0.012121
2026-07,SKU00539,Electrohogar,650,6,8,30348880.0,0.009231
2026-08,SKU00539,Electrohogar,656,8,8,30348880.0,0.012195
2026-09,SKU00539,Electrohogar,605,5,6,22761660.0,0.008264
2026-04,SKU00052,Celulares,384,3,5,0.0,0.007812
2026-05,SKU00052,Celulares,312,3,4,0.0,0.009615
2026-06,SKU00052,Celulares,300,4,4,0.0,0.013333
2026-07,SKU00052,Celulares,344,3,4,0.0,0.008721
2026-08,SKU00052,Celulares,329,3,4,0.0,0.009119
2026-09,SKU00052,Celulares,359,3,4,0.0,0.008357
2026-04,SKU00390,Videojuegos,487,13,15,64597260.0,0.026694
2026-05,SKU00390,Videojuegos,579,19,20,86129680.0,0.032815
2026-06,SKU00390,Videojuegos,592,16,17,73210228.0,0.027027
2026-07,SKU00390,Videojuegos,575,13,15,64597260.0,0.022609
2026-08,SKU00390,Videojuegos,511,10,12,51677808.0,0.019569
2026-09,SKU00390,Videojuegos,617,9,14,60290776.0,0.014587
2026-04,SKU00758,Computadores,338,6,7,13841947.0,0.017751
2026-05,SKU00758,Computadores,332,7,7,13841947.0,0.021084
2026-06,SKU00758,Computadores,373,6,8,15819368.0,0.016086
2026-07,SKU00758,Computadores,404,6,8,15819368.0,0.014851
2026-08,SKU00758,Computadores,348,6,7,13841947.0,0.017241
2026-09,SKU00758,Computadores,379,5,7,13841947.0,0.013193
2026-04,SKU00140,Videojuegos,666,8,10,24568060.0,0.012012
2026-05,SKU00140,Videojuegos,540,7,8,19654448.0,0.012963
2026-06,SKU00140,Videojuegos,627,8,10,24568060.0,0.012759
2026-07,SKU00140,Videojuegos,598,8,9,22111254.0,0.013378
2026-08,SKU00140,Videojuegos,615,7,9,22111254.0,0.011382
2026-09,SKU00140,Videojuegos,663,6,9,22111254.0,0.00905
2026-04,SKU00868,Computadores,342,6,7,14263529.0,0.017544
2026-05,SKU00868,Computadores,359,7,9,18338823.0,0.019499
2026-06,SKU00868,Computadores,363,7,7,14263529.0,0.019284
2026-07,SKU00868,Computadores,290,5,6,12225882.0,0.017241
2026-08,SKU00868,Computadores,373,5,7,14263529.0,0.013405
2026-09,SKU00868,Computadores,288,5,5,10188235.0,0.017361
2026-04,SKU00358,Computadores,122,2,3,14097093.0,0.016393
2026-05,SKU00358,Computadores,106,2,3,14097093.0,0.018868
2026-06,SKU00358,Computadores,121,2,3,14097093.0,0.016529
2026-07,SKU00358,Computadores,110,2,2,9398062.0,0.018182
2026-08,SKU00358,Computadores,121,1,2,9398062.0,0.008264
2026-09,SKU00358,Computadores,101,1,2,9398062.0,0.009901
2026-04,SKU00238,Computadores,271,3,4,3529724.0,0.01107
2026-05,SKU00238,Computadores,220,3,4,3529724.0,0.013636
2026-06,SKU00238,Computadores,248,3,4,3529724.0,0.012097
2026-07,SKU00238,Computadores,223,3,3,2647293.0,0.013453
2026-08,SKU00238,Computadores,243,3,4,3529724.0,0.012346
2026-09,SKU00238,Computadores,260,3,4,3529724.0,0.011538
2026-04,SKU00617,Celulares,221,6,6,26406180.0,0.027149
2026-05,SKU00617,Celulares,252,5,7,30807210.0,0.019841
2026-06,SKU00617,Celulares,262,5,6,26406180.0,0.019084
2026-07,SKU00617,Celulares,262,5,7,30807210.0,0.019084
2026-08,SKU00617,Celulares,246,4,5,22005150.0,0.01626
2026-09,SKU00617,Celulares,242,4,5,22005150.0,0.016529
2026-04,SKU00871,Televisores,442,0,0,0.0,0.0
2026-05,SKU00871,Televisores,503,0,0,0.0,0.0
2026-06,SKU00871,Televisores,390,0,0,0.0,0.0
2026-07,SKU00871,Televisores,467,0,0,0.0,0.0
2026-08,SKU00871,Televisores,443,0,0,0.0,0.0
2026-09,SKU00871,Televisores,456,0,0,0.0,0.0
2026-04,SKU00824,Electrohogar,256,3,3,11608818.0,0.011719
2026-05,SKU00824,Electrohogar,244,3,3,11608818.0,0.012295
2026-06,SKU00824,Electrohogar,253,2,3,11608818.0,0.007905
2026-07,SKU00824,Electrohogar,244,2,3,11608818.0,0.008197
2026-08,SKU00824,Electrohogar,323,4,4,15478424.0,0.012384
2026-09,SKU00824,Electrohogar,260,2,3,11608818.0,0.007692
2026-04,SKU00167,Celulares,163,2,2,1144644.0,0.01227
2026-05,SKU00167,Celulares,200,2,2,1144644.0,0.01
2026-06,SKU00167,Celulares,200,2,2,1144644.0,0.01
2026-07,SKU00167,Celulares,179,1,2,1144644.0,0.005587
2026-08,SKU00167,Celulares,162,2,2,1144644.0,0.012346
2026-09,SKU00167,Celulares,187,2,2,1144644.0,0.010695
2026-04,SKU00918,Computadores,430,8,9,23223762.0,0.018605
2026-05,SKU00918,Computadores,537,9,10,25804180.0,0.01676
2026-06,SKU00918,Computadores,560,10,12,30965016.0,0.017857
2026-07,SKU00918,Computadores,550,8,12,30965016.0,0.014545
2026-08,SKU00918,Computadores,513,10,11,28384598.0,0.019493
2026-09,SKU00918,Computadores,517,7,10,25804180.0,0.01354
2026-04,SKU00726,Televisores,373,2,3,8208933.0,0.005362
2026-05,SKU00726,Televisores,364,3,4,10945244.0,0.008242
2026-06,SKU00726,Televisores,405,3,4,10945244.0,0.007407
2026-07,SKU00726,Televisores,349,3,3,8208933.0,0.008596
2026-08,SKU00726,Televisores,428,4,4,10945244.0,0.009346
2026-09,SKU00726,Televisores,385,4,4,10945244.0,0.01039
2026-04,SKU00102,Televisores,562,3,3,8778864.0,0.005338
2026-05,SKU00102,Televisores,592,3,3,8778864.0,0.005068
2026-06,SKU00102,Televisores,578,2,3,8778864.0,0.00346
2026-07,SKU00102,Televisores,555,2,2,5852576.0,0.003604
2026-08,SKU00102,Televisores,534,2,2,5852576.0,0.003745
2026-09,SKU00102,Televisores,519,1,2,5852576.0,0.001927
2026-04,SKU00184,Electrohogar,385,3,3,6373086.0,0.007792
2026-05,SKU00184,Electrohogar,355,2,3,6373086.0,0.005634
2026-06,SKU00184,Electrohogar,428,2,3,6373086.0,0.004673
2026-07,SKU00184,Electrohogar,394,2,3,6373086.0,0.005076
2026-08,SKU00184,Electrohogar,394,3,3,6373086.0,0.007614
2026-09,SKU00184,Electrohogar,407,3,3,6373086.0,0.007371
2026-04,SKU00546,Televisores,289,2,3,3204186.0,0.00692
2026-05,SKU00546,Televisores,259,2,3,3204186.0,0.007722
2026-06,SKU00546,Televisores,247,3,3,3204186.0,0.012146
2026-07,SKU00546,Televisores,285,2,2,2136124.0,0.007018
2026-08,SKU00546,Televisores,301,2,2,2136124.0,0.006645
2026-09,SKU00546,Televisores,273,2,2,2136124.0,0.007326
2026-04,SKU00540,Videojuegos,403,9,12,50045820.0,0.022333
2026-05,SKU00540,Videojuegos,330,6,9,37534365.0,0.018182
2026-06,SKU00540,Videojuegos,343,8,10,41704850.0,0.023324
2026-07,SKU00540,Videojuegos,310,7,9,37534365.0,0.022581
2026-08,SKU00540,Videojuegos,356,9,11,45875335.0,0.025281
2026-09,SKU00540,Videojuegos,391,8,10,41704850.0,0.02046
2026-04,SKU00476,Televisores,304,3,3,4228326.0,0.009868
2026-05,SKU00476,Televisores,362,3,4,5637768.0,0.008287
2026-06,SKU00476,Televisores,311,2,3,4228326.0,0.006431
2026-07,SKU00476,Televisores,383,3,3,4228326.0,0.007833
2026-08,SKU00476,Televisores,328,2,3,4228326.0,0.006098
2026-09,SKU00476,Televisores,381,3,4,5637768.0,0.007874
2026-04,SKU00120,Videojuegos,249,3,4,7663636.0,0.012048
2026-05,SKU00120,Videojuegos,255,3,4,7663636.0,0.011765
2026-06,SKU00120,Videojuegos,270,3,4,7663636.0,0.011111
2026-07,SKU00120,Videojuegos,297,4,4,7663636.0,0.013468
2026-08,SKU00120,Videojuegos,276,2,3,5747727.0,0.007246
2026-09,SKU00120,Videojuegos,296,3,4,7663636.0,0.010135
2026-04,SKU00006,Televisores,429,2,2,9516128.0,0.004662
2026-05,SKU00006,Televisores,414,2,2,9516128.0,0.004831
2026-06,SKU00006,Televisores,439,1,2,9516128.0,0.002278
2026-07,SKU00006,Televisores,520,2,2,9516128.0,0.003846
2026-08,SKU00006,Televisores,424,1,2,9516128.0,0.002358
2026-09,SKU00006,Televisores,416,1,2,9516128.0,0.002404
2026-04,SKU00596,Televisores,467,4,4,5040808.0,0.008565
2026-05,SKU00596,Televisores,461,3,5,6301010.0,0.006508
2026-06,SKU00596,Televisores,530,5,6,7561212.0,0.009434
2026-07,SKU00596,Televisores,407,3,4,5040808.0,0.007371
2026-08,SKU00596,Televisores,499,4,4,5040808.0,0.008016
2026-09,SKU00596,Televisores,452,2,3,3780606.0,0.004425
2026-04,SKU00560,Videojuegos,525,12,16,34435664.0,0.022857
2026-05,SKU00560,Videojuegos,506,14,16,34435664.0,0.027668
2026-06,SKU00560,Videojuegos,459,11,15,32283435.0,0.023965
2026-07,SKU00560,Videojuegos,450,9,12,25826748.0,0.02
2026-08,SKU00560,Videojuegos,447,9,11,23674519.0,0.020134
2026-09,SKU00560,Videojuegos,472,9,10,21522290.0,0.019068
2026-04,SKU00963,Computadores,343,6,7,29320263.0,0.017493
2026-05,SKU00963,Computadores,281,5,6,25131654.0,0.017794
2026-06,SKU00963,Computadores,281,5,6,25131654.0,0.017794
2026-07,SKU00963,Computadores,321,5,6,25131654.0,0.015576
2026-08,SKU00963,Computadores,306,5,7,29320263.0,0.01634
2026-09,SKU00963,Computadores,295,4,5,20943045.0,0.013559
2026-04,SKU00149,Electrohogar,309,2,2,9758154.0,0.006472
2026-05,SKU00149,Electrohogar,301,2,2,9758154.0,0.006645
2026-06,SKU00149,Electrohogar,245,1,1,4879077.0,0.004082
2026-07,SKU00149,Electrohogar,244,1,1,4879077.0,0.004098
2026-08,SKU00149,Electrohogar,262,1,1,4879077.0,0.003817
2026-09,SKU00149,Electrohogar,314,1,1,4879077.0,0.003185
2026-04,SKU00219,Electrohogar,136,1,1,1603149.0,0.007353
2026-05,SKU00219,Electrohogar,154,2,2,3206298.0,0.012987
2026-06,SKU00219,Electrohogar,167,1,1,1603149.0,0.005988
2026-07,SKU00219,Electrohogar,167,1,2,3206298.0,0.005988
2026-08,SKU00219,Electrohogar,161,1,1,1603149.0,0.006211
2026-09,SKU00219,Electrohogar,128,1,1,1603149.0,0.007812
2026-04,SKU00079,Televisores,265,1,1,1348529.0,0.003774
2026-05,SKU00079,Televisores,252,1,1,1348529.0,0.003968
2026-06,SKU00079,Televisores,238,1,1,1348529.0,0.004202
2026-07,SKU00079,Televisores,237,1,1,1348529.0,0.004219
2026-08,SKU00079,Televisores,263,1,1,1348529.0,0.003802
2026-09,SKU00079,Televisores,236,1,1,1348529.0,0.004237
2026-04,SKU00919,Electrohogar,362,4,5,21620925.0,0.01105
2026-05,SKU00919,Electrohogar,305,2,3,12972555.0,0.006557
2026-06,SKU00919,Electrohogar,288,3,3,12972555.0,0.010417
2026-07,SKU00919,Electrohogar,351,2,3,12972555.0,0.005698
2026-08,SKU00919,Electrohogar,278,3,3,12972555.0,0.010791
2026-09,SKU00919,Electrohogar,344,2,3,12972555.0,0.005814
2026-04,SKU00832,Celulares,550,12,14,22362102.0,0.021818
2026-05,SKU00832,Celulares,495,12,14,22362102.0,0.024242
2026-06,SKU00832,Celulares,542,9,13,20764809.0,0.016605
2026-07,SKU00832,Celulares,557,11,12,19167516.0,0.019749
2026-08,SKU00832,Celulares,437,6,9,14375637.0,0.01373
2026-09,SKU00832,Celulares,566,10,14,22362102.0,0.017668
2026-04,SKU00650,Videojuegos,484,9,14,30913316.0,0.018595
2026-05,SKU00650,Videojuegos,500,11,16,35329504.0,0.022
2026-06,SKU00650,Videojuegos,543,13,17,37537598.0,0.023941
2026-07,SKU00650,Videojuegos,515,10,15,33121410.0,0.019417
2026-08,SKU00650,Videojuegos,546,10,14,30913316.0,0.018315
2026-09,SKU00650,Videojuegos,562,12,16,35329504.0,0.021352
2026-04,SKU00708,Computadores,483,10,11,35287736.0,0.020704
2026-05,SKU00708,Computadores,482,7,11,35287736.0,0.014523
2026-06,SKU00708,Computadores,553,12,13,41703688.0,0.0217
2026-07,SKU00708,Computadores,458,6,8,25663808.0,0.0131
2026-08,SKU00708,Computadores,471,8,10,32079760.0,0.016985
2026-09,SKU00708,Computadores,502,7,9,28871784.0,0.013944
2026-04,SKU00070,Videojuegos,489,7,8,28711992.0,0.014315
2026-05,SKU00070,Videojuegos,494,5,7,25122993.0,0.010121
2026-06,SKU00070,Videojuegos,569,5,7,25122993.0,0.008787
2026-07,SKU00070,Videojuegos,609,5,8,28711992.0,0.00821
2026-08,SKU00070,Videojuegos,569,6,8,28711992.0,0.010545
2026-09,SKU00070,Videojuegos,559,6,7,25122993.0,0.010733
2026-04,SKU00555,Videojuegos,450,9,13,64749178.0,0.02
2026-05,SKU00555,Videojuegos,437,9,12,59768472.0,0.020595
2026-06,SKU00555,Videojuegos,433,9,14,69729884.0,0.020785
2026-07,SKU00555,Videojuegos,471,11,14,69729884.0,0.023355
2026-08,SKU00555,Videojuegos,378,10,11,54787766.0,0.026455
2026-09,SKU00555,Videojuegos,419,9,11,54787766.0,0.02148
2026-04,SKU00468,Computadores,315,5,7,9877196.0,0.015873
2026-05,SKU00468,Computadores,365,6,8,11288224.0,0.016438
2026-06,SKU00468,Computadores,304,4,6,8466168.0,0.013158
2026-07,SKU00468,Computadores,344,5,6,8466168.0,0.014535
2026-08,SKU00468,Computadores,393,6,7,9877196.0,0.015267
2026-09,SKU00468,Computadores,404,7,7,9877196.0,0.017327
2026-04,SKU00802,Celulares,273,6,7,32389476.0,0.021978
2026-05,SKU00802,Celulares,214,6,6,27762408.0,0.028037
2026-06,SKU00802,Celulares,278,5,7,32389476.0,0.017986
2026-07,SKU00802,Celulares,244,6,7,32389476.0,0.02459
2026-08,SKU00802,Celulares,282,7,7,32389476.0,0.024823
2026-09,SKU00802,Celulares,229,5,5,23135340.0,0.021834
2026-04,SKU00259,Electrohogar,434,3,5,11916730.0,0.006912
2026-05,SKU00259,Electrohogar,440,5,6,14300076.0,0.011364
2026-06,SKU00259,Electrohogar,390,5,5,11916730.0,0.012821
2026-07,SKU00259,Electrohogar,383,3,4,9533384.0,0.007833
2026-08,SKU00259,Electrohogar,396,3,4,9533384.0,0.007576
2026-09,SKU00259,Electrohogar,446,4,4,9533384.0,0.008969
2026-04,SKU00687,Celulares,422,9,10,10451670.0,0.021327
2026-05,SKU00687,Celulares,393,8,11,11496837.0,0.020356
2026-06,SKU00687,Celulares,439,8,11,11496837.0,0.018223
2026-07,SKU00687,Celulares,340,6,8,8361336.0,0.017647
2026-08,SKU00687,Celulares,415,7,9,9406503.0,0.016867
2026-09,SKU00687,Celulares,338,6,7,7316169.0,0.017751
2026-04,SKU00953,Computadores,159,3,4,5236004.0,0.018868
2026-05,SKU00953,Computadores,142,2,3,3927003.0,0.014085
2026-06,SKU00953,Computadores,168,2,3,3927003.0,0.011905
2026-07,SKU00953,Computadores,138,3,3,3927003.0,0.021739
2026-08,SKU00953,Computadores,165,2,3,3927003.0,0.012121
2026-09,SKU00953,Computadores,143,1,2,2618002.0,0.006993
2026-04,SKU00957,Celulares,235,5,6,2951076.0,0.021277
2026-05,SKU00957,Celulares,274,4,6,2951076.0,0.014599
2026-06,SKU00957,Celulares,265,5,6,2951076.0,0.018868
2026-07,SKU00957,Celulares,277,6,7,3442922.0,0.021661
2026-08,SKU00957,Celulares,262,3,5,2459230.0,0.01145
2026-09,SKU00957,Celulares,245,4,5,2459230.0,0.016327
2026-04,SKU00761,Televisores,479,0,0,0.0,0.0
2026-05,SKU00761,Televisores,477,0,0,0.0,0.0
2026-06,SKU00761,Televisores,429,0,0,0.0,0.0
2026-07,SKU00761,Televisores,397,0,0,0.0,0.0
2026-08,SKU00761,Televisores,512,0,0,0.0,0.0
2026-09,SKU00761,Televisores,499,0,0,0.0,0.0
2026-04,SKU00432,Celulares,391,9,10,6821090.0,0.023018
2026-05,SKU00432,Celulares,353,7,8,5456872.0,0.01983
2026-06,SKU00432,Celulares,350,8,9,6138981.0,0.022857
2026-07,SKU00432,Celulares,332,7,8,5456872.0,0.021084
2026-08,SKU00432,Celulares,324,7,8,5456872.0,0.021605
2026-09,SKU00432,Celulares,400,8,10,6821090.0,0.02
2026-04,SKU00652,Celulares,368,8,10,16703540.0,0.021739
2026-05,SKU00652,Celulares,429,9,10,16703540.0,0.020979
2026-06,SKU00652,Celulares,370,6,9,15033186.0,0.016216
2026-07,SKU00652,Celulares,351,5,8,13362832.0,0.014245
2026-08,SKU00652,Celulares,403,5,8,13362832.0,0.012407
2026-09,SKU00652,Celulares,386,5,8,13362832.0,0.012953
2026-04,SKU00642,Celulares,443,10,12,4354560.0,0.022573
2026-05,SKU00642,Celulares,411,8,10,3628800.0,0.019465
2026-06,SKU00642,Celulares,475,10,12,4354560.0,0.021053
2026-07,SKU00642,Celulares,475,8,10,3628800.0,0.016842
2026-08,SKU00642,Celulares,361,5,7,2540160.0,0.01385
2026-09,SKU00642,Celulares,365,6,7,2540160.0,0.016438
2026-04,SKU00308,Computadores,326,6,8,11807408.0,0.018405
2026-05,SKU00308,Computadores,385,8,9,13283334.0,0.020779
2026-06,SKU00308,Computadores,332,7,8,11807408.0,0.021084
2026-07,SKU00308,Computadores,359,7,8,11807408.0,0.019499
2026-08,SKU00308,Computadores,363,6,8,11807408.0,0.016529
2026-09,SKU00308,Computadores,375,4,6,8855556.0,0.010667
2026-04,SKU00329,Electrohogar,174,1,2,7070984.0,0.005747
2026-05,SKU00329,Electrohogar,195,2,2,7070984.0,0.010256
2026-06,SKU00329,Electrohogar,198,3,3,10606476.0,0.015152
2026-07,SKU00329,Electrohogar,170,2,2,7070984.0,0.011765
2026-08,SKU00329,Electrohogar,186,2,2,7070984.0,0.010753
2026-09,SKU00329,Electrohogar,148,1,1,3535492.0,0.006757
2026-04,SKU01000,Videojuegos,539,12,14,50807638.0,0.022263
2026-05,SKU01000,Videojuegos,656,16,22,79840574.0,0.02439
2026-06,SKU01000,Videojuegos,573,14,17,61694989.0,0.024433
2026-07,SKU01000,Videojuegos,668,15,17,61694989.0,0.022455
2026-08,SKU01000,Videojuegos,634,13,14,50807638.0,0.020505
2026-09,SKU01000,Videojuegos,609,13,14,50807638.0,0.021346
2026-04,SKU00240,Videojuegos,472,8,10,20621340.0,0.016949
2026-05,SKU00240,Videojuegos,567,11,14,28869876.0,0.0194
2026-06,SKU00240,Videojuegos,609,14,15,30932010.0,0.022989
2026-07,SKU00240,Videojuegos,564,8,11,22683474.0,0.014184
2026-08,SKU00240,Videojuegos,561,8,11,22683474.0,0.01426
2026-09,SKU00240,Videojuegos,571,6,9,18559206.0,0.010508
2026-04,SKU00422,Celulares,329,5,7,19420464.0,0.015198
2026-05,SKU00422,Celulares,311,6,9,24969168.0,0.019293
2026-06,SKU00422,Celulares,289,4,6,16646112.0,0.013841
2026-07,SKU00422,Celulares,370,8,9,24969168.0,0.021622
2026-08,SKU00422,Celulares,384,7,8,22194816.0,0.018229
2026-09,SKU00422,Celulares,363,8,9,24969168.0,0.022039
2026-04,SKU00873,Computadores,131,2,3,13708554.0,0.015267
2026-05,SKU00873,Computadores,134,3,3,13708554.0,0.022388
2026-06,SKU00873,Computadores,148,3,3,13708554.0,0.02027
2026-07,SKU00873,Computadores,119,2,3,13708554.0,0.016807
2026-08,SKU00873,Computadores,129,1,2,9139036.0,0.007752
2026-09,SKU00873,Computadores,131,2,2,9139036.0,0.015267
2026-04,SKU00735,Videojuegos,309,7,9,27038403.0,0.022654
2026-05,SKU00735,Videojuegos,309,8,9,27038403.0,0.02589
2026-06,SKU00735,Videojuegos,329,7,10,30042670.0,0.021277
2026-07,SKU00735,Videojuegos,395,10,12,36051204.0,0.025316
2026-08,SKU00735,Videojuegos,300,5,7,21029869.0,0.016667
2026-09,SKU00735,Videojuegos,389,7,11,33046937.0,0.017995
2026-04,SKU00813,Computadores,405,6,8,24224232.0,0.014815
2026-05,SKU00813,Computadores,315,7,8,24224232.0,0.022222
2026-06,SKU00813,Computadores,352,6,7,21196203.0,0.017045
2026-07,SKU00813,Computadores,332,5,6,18168174.0,0.01506
2026-08,SKU00813,Computadores,340,4,6,18168174.0,0.011765
2026-09,SKU00813,Computadores,403,7,8,24224232.0,0.01737
2026-04,SKU00523,Computadores,192,3,4,14498080.0,0.015625
2026-05,SKU00523,Computadores,169,3,4,14498080.0,0.017751
2026-06,SKU00523,Computadores,192,3,4,14498080.0,0.015625
2026-07,SKU00523,Computadores,159,3,3,10873560.0,0.018868
2026-08,SKU00523,Computadores,148,3,3,10873560.0,0.02027
2026-09,SKU00523,Computadores,153,3,3,10873560.0,0.019608
2026-04,SKU00942,Celulares,169,5,5,11123605.0,0.029586
2026-05,SKU00942,Celulares,167,4,5,11123605.0,0.023952
2026-06,SKU00942,Celulares,146,3,4,8898884.0,0.020548
2026-07,SKU00942,Celulares,165,2,3,6674163.0,0.012121
2026-08,SKU00942,Celulares,151,3,3,6674163.0,0.019868
2026-09,SKU00942,Celulares,142,3,3,6674163.0,0.021127
2026-04,SKU00331,Televisores,99,0,0,0.0,0.0
2026-05,SKU00331,Televisores,95,0,0,0.0,0.0
2026-06,SKU00331,Televisores,76,0,0,0.0,0.0
2026-07,SKU00331,Televisores,99,0,0,0.0,0.0
2026-08,SKU00331,Televisores,90,0,0,0.0,0.0
2026-09,SKU00331,Televisores,82,0,0,0.0,0.0
2026-04,SKU00870,Videojuegos,327,8,9,32775525.0,0.024465
2026-05,SKU00870,Videojuegos,398,12,14,50984150.0,0.030151
2026-06,SKU00870,Videojuegos,415,10,14,50984150.0,0.024096
2026-07,SKU00870,Videojuegos,419,12,13,47342425.0,0.02864
2026-08,SKU00870,Videojuegos,364,9,10,36417250.0,0.024725
2026-09,SKU00870,Videojuegos,369,6,8,29133800.0,0.01626
2026-04,SKU00174,Electrohogar,286,2,2,6883308.0,0.006993
2026-05,SKU00174,Electrohogar,277,2,2,6883308.0,0.00722
2026-06,SKU00174,Electrohogar,236,1,1,3441654.0,0.004237
2026-07,SKU00174,Electrohogar,300,1,1,3441654.0,0.003333
2026-08,SKU00174,Electrohogar,293,1,1,3441654.0,0.003413
2026-09,SKU00174,Electrohogar,296,1,1,3441654.0,0.003378
2026-04,SKU00649,Electrohogar,176,2,2,5647958.0,0.011364
2026-05,SKU00649,Electrohogar,170,2,2,5647958.0,0.011765
2026-06,SKU00649,Electrohogar,151,2,2,5647958.0,0.013245
2026-07,SKU00649,Electrohogar,138,2,2,5647958.0,0.014493
2026-08,SKU00649,Electrohogar,168,1,2,5647958.0,0.005952
2026-09,SKU00649,Electrohogar,140,2,2,5647958.0,0.014286
2026-04,SKU00188,Computadores,211,3,3,3032313.0,0.014218
2026-05,SKU00188,Computadores,183,2,3,3032313.0,0.010929
2026-06,SKU00188,Computadores,213,3,4,4043084.0,0.014085
2026-07,SKU00188,Computadores,179,2,2,2021542.0,0.011173
2026-08,SKU00188,Computadores,200,3,3,3032313.0,0.015
2026-09,SKU00188,Computadores,187,2,3,3032313.0,0.010695
2026-04,SKU00601,Televisores,371,0,0,0.0,0.0
2026-05,SKU00601,Televisores,301,0,0,0.0,0.0
2026-06,SKU00601,Televisores,293,0,0,0.0,0.0
2026-07,SKU00601,Televisores,295,0,0,0.0,0.0
2026-08,SKU00601,Televisores,326,0,0,0.0,0.0
2026-09,SKU00601,Televisores,332,0,0,0.0,0.0
2026-04,SKU00019,Electrohogar,346,2,2,6220868.0,0.00578
2026-05,SKU00019,Electrohogar,310,1,2,6220868.0,0.003226
2026-06,SKU00019,Electrohogar,296,2,2,6220868.0,0.006757
2026-07,SKU00019,Electrohogar,354,2,2,6220868.0,0.00565
2026-08,SKU00019,Electrohogar,343,1,2,6220868.0,0.002915
2026-09,SKU00019,Electrohogar,356,1,2,6220868.0,0.002809
2026-04,SKU00262,Celulares,135,3,4,3709788.0,0.022222
2026-05,SKU00262,Celulares,116,3,4,3709788.0,0.025862
2026-06,SKU00262,Celulares,132,4,4,3709788.0,0.030303
2026-07,SKU00262,Celulares,108,1,2,1854894.0,0.009259
2026-08,SKU00262,Celulares,113,3,3,2782341.0,0.026549
2026-09,SKU00262,Celulares,141,2,3,2782341.0,0.014184
2026-04,SKU00044,Electrohogar,354,2,2,0.0,0.00565
2026-05,SKU00044,Electrohogar,329,2,2,0.0,0.006079
2026-06,SKU00044,Electrohogar,399,2,2,0.0,0.005013
2026-07,SKU00044,Electrohogar,409,1,2,0.0,0.002445
2026-08,SKU00044,Electrohogar,353,2,2,0.0,0.005666
2026-09,SKU00044,Electrohogar,397,2,2,0.0,0.005038
2026-04,SKU00830,Videojuegos,280,6,9,42117831.0,0.021429
2026-05,SKU00830,Videojuegos,268,5,8,37438072.0,0.018657
2026-06,SKU00830,Videojuegos,312,7,9,42117831.0,0.022436
2026-07,SKU00830,Videojuegos,274,6,8,37438072.0,0.021898
2026-08,SKU00830,Videojuegos,304,6,7,32758313.0,0.019737
2026-09,SKU00830,Videojuegos,278,4,6,28078554.0,0.014388
2026-04,SKU00401,Televisores,184,0,0,0.0,0.0
2026-05,SKU00401,Televisores,197,0,0,0.0,0.0
2026-06,SKU00401,Televisores,244,0,0,0.0,0.0
2026-07,SKU00401,Televisores,217,0,0,0.0,0.0
2026-08,SKU00401,Televisores,226,0,0,0.0,0.0
2026-09,SKU00401,Televisores,184,0,0,0.0,0.0
2026-04,SKU00572,Celulares,366,7,9,4973274.0,0.019126
2026-05,SKU00572,Celulares,371,10,11,6078446.0,0.026954
2026-06,SKU00572,Celulares,334,9,10,5525860.0,0.026946
2026-07,SKU00572,Celulares,339,6,9,4973274.0,0.017699
2026-08,SKU00572,Celulares,371,7,8,4420688.0,0.018868
2026-09,SKU00572,Celulares,332,5,7,3868102.0,0.01506
2026-04,SKU00464,Electrohogar,251,3,3,3611943.0,0.011952
2026-05,SKU00464,Electrohogar,271,3,4,4815924.0,0.01107
2026-06,SKU00464,Electrohogar,252,3,3,3611943.0,0.011905
2026-07,SKU00464,Electrohogar,286,2,3,3611943.0,0.006993
2026-08,SKU00464,Electrohogar,275,2,3,3611943.0,0.007273
2026-09,SKU00464,Electrohogar,240,2,2,2407962.0,0.008333
2026-04,SKU00403,Computadores,329,5,7,3439198.0,0.015198
2026-05,SKU00403,Computadores,332,5,8,3930512.0,0.01506
2026-06,SKU00403,Computadores,364,6,7,3439198.0,0.016484
2026-07,SKU00403,Computadores,297,6,6,2947884.0,0.020202
2026-08,SKU00403,Computadores,284,6,6,2947884.0,0.021127
2026-09,SKU00403,Computadores,320,4,5,2456570.0,0.0125
2026-04,SKU00034,Electrohogar,291,1,1,0.0,0.003436
2026-05,SKU00034,Electrohogar,310,1,2,0.0,0.003226
2026-06,SKU00034,Electrohogar,311,1,2,0.0,0.003215
2026-07,SKU00034,Electrohogar,288,1,1,0.0,0.003472
2026-08,SKU00034,Electrohogar,330,2,2,0.0,0.006061
2026-09,SKU00034,Electrohogar,314,1,2,0.0,0.003185
2026-04,SKU00730,Videojuegos,367,10,12,30315024.0,0.027248
2026-05,SKU00730,Videojuegos,309,9,10,25262520.0,0.029126
2026-06,SKU00730,Videojuegos,332,7,10,25262520.0,0.021084
2026-07,SKU00730,Videojuegos,318,8,9,22736268.0,0.025157
2026-08,SKU00730,Videojuegos,338,7,9,22736268.0,0.02071
2026-09,SKU00730,Videojuegos,347,8,9,22736268.0,0.023055
2026-04,SKU00557,Celulares,114,2,3,13188465.0,0.017544
2026-05,SKU00557,Celulares,112,3,3,13188465.0,0.026786
2026-06,SKU00557,Celulares,98,1,2,8792310.0,0.010204
2026-07,SKU00557,Celulares,117,2,3,13188465.0,0.017094
2026-08,SKU00557,Celulares,92,2,2,8792310.0,0.021739
2026-09,SKU00557,Celulares,91,2,2,8792310.0,0.021978
2026-04,SKU00614,Electrohogar,472,4,6,21377898.0,0.008475
2026-05,SKU00614,Electrohogar,480,3,5,17814915.0,0.00625
2026-06,SKU00614,Electrohogar,509,4,6,21377898.0,0.007859
2026-07,SKU00614,Electrohogar,437,4,5,17814915.0,0.009153
2026-08,SKU00614,Electrohogar,508,4,5,17814915.0,0.007874
2026-09,SKU00614,Electrohogar,415,3,4,14251932.0,0.007229
2026-04,SKU00445,Videojuegos,332,8,9,38301957.0,0.024096
2026-05,SKU00445,Videojuegos,334,9,11,46813503.0,0.026946
2026-06,SKU00445,Videojuegos,351,10,11,46813503.0,0.02849
2026-07,SKU00445,Videojuegos,322,6,8,34046184.0,0.018634
2026-08,SKU00445,Videojuegos,344,8,9,38301957.0,0.023256
2026-09,SKU00445,Videojuegos,287,5,7,29790411.0,0.017422
2026-04,SKU00964,Electrohogar,499,4,6,12637638.0,0.008016
2026-05,SKU00964,Electrohogar,572,5,8,16850184.0,0.008741
2026-06,SKU00964,Electrohogar,519,5,6,12637638.0,0.009634
2026-07,SKU00964,Electrohogar,603,5,7,14743911.0,0.008292
2026-08,SKU00964,Electrohogar,566,5,7,14743911.0,0.008834
2026-09,SKU00964,Electrohogar,567,4,6,12637638.0,0.007055
2026-04,SKU00232,Celulares,551,10,11,5496755.0,0.018149
2026-05,SKU00232,Celulares,624,8,11,5496755.0,0.012821
2026-06,SKU00232,Celulares,634,9,13,6496165.0,0.014196
2026-07,SKU00232,Celulares,493,8,10,4997050.0,0.016227
2026-08,SKU00232,Celulares,497,6,9,4497345.0,0.012072
2026-09,SKU00232,Celulares,574,6,8,3997640.0,0.010453
2026-04,SKU00284,Electrohogar,240,2,2,8314800.0,0.008333
2026-05,SKU00284,Electrohogar,241,3,3,12472200.0,0.012448
2026-06,SKU00284,Electrohogar,232,1,2,8314800.0,0.00431
2026-07,SKU00284,Electrohogar,215,2,2,8314800.0,0.009302
2026-08,SKU00284,Electrohogar,191,2,2,8314800.0,0.010471
2026-09,SKU00284,Electrohogar,230,2,3,12472200.0,0.008696
2026-04,SKU00611,Televisores,121,0,0,0.0,0.0
2026-05,SKU00611,Televisores,119,0,0,0.0,0.0
2026-06,SKU00611,Televisores,98,0,0,0.0,0.0
2026-07,SKU00611,Televisores,117,0,0,0.0,0.0
2026-08,SKU00611,Televisores,112,0,0,0.0,0.0
2026-09,SKU00611,Televisores,126,0,0,0.0,0.0
2026-04,SKU00306,Televisores,112,1,1,3662862.0,0.008929
2026-05,SKU00306,Televisores,111,1,1,3662862.0,0.009009
2026-06,SKU00306,Televisores,99,1,1,3662862.0,0.010101
2026-07,SKU00306,Televisores,107,1,1,3662862.0,0.009346
2026-08,SKU00306,Televisores,107,1,1,3662862.0,0.009346
2026-09,SKU00306,Televisores,114,1,1,3662862.0,0.008772
2026-04,SKU00788,Computadores,375,7,9,37679607.0,0.018667
2026-05,SKU00788,Computadores,371,6,8,33492984.0,0.016173
2026-06,SKU00788,Computadores,323,5,6,25119738.0,0.01548
2026-07,SKU00788,Computadores,418,7,8,33492984.0,0.016746
2026-08,SKU00788,Computadores,328,5,7,29306361.0,0.015244
2026-09,SKU00788,Computadores,335,4,6,25119738.0,0.01194
2026-04,SKU00486,Televisores,449,3,4,11450476.0,0.006682
2026-05,SKU00486,Televisores,475,4,5,14313095.0,0.008421
2026-06,SKU00486,Televisores,550,5,6,17175714.0,0.009091
2026-07,SKU00486,Televisores,433,3,4,11450476.0,0.006928
2026-08,SKU00486,Televisores,434,2,3,8587857.0,0.004608
2026-09,SKU00486,Televisores,555,4,5,14313095.0,0.007207
2026-04,SKU00430,Videojuegos,104,3,3,2737158.0,0.028846
2026-05,SKU00430,Videojuegos,107,2,3,2737158.0,0.018692
2026-06,SKU00430,Videojuegos,84,3,3,2737158.0,0.035714
2026-07,SKU00430,Videojuegos,107,2,3,2737158.0,0.018692
2026-08,SKU00430,Videojuegos,108,3,3,2737158.0,0.027778
2026-09,SKU00430,Videojuegos,90,2,2,1824772.0,0.022222
2026-04,SKU00397,Celulares,264,6,7,11002180.0,0.022727
2026-05,SKU00397,Celulares,241,5,6,9430440.0,0.020747
2026-06,SKU00397,Celulares,236,5,6,9430440.0,0.021186
2026-07,SKU00397,Celulares,240,4,6,9430440.0,0.016667
2026-08,SKU00397,Celulares,253,5,6,9430440.0,0.019763
2026-09,SKU00397,Celulares,262,5,6,9430440.0,0.019084
2026-04,SKU00294,Electrohogar,383,3,4,714976.0,0.007833
2026-05,SKU00294,Electrohogar,384,4,5,893720.0,0.010417
2026-06,SKU00294,Electrohogar,420,4,5,893720.0,0.009524
2026-07,SKU00294,Electrohogar,371,3,4,714976.0,0.008086
2026-08,SKU00294,Electrohogar,438,4,5,893720.0,0.009132
2026-09,SKU00294,Electrohogar,450,3,4,714976.0,0.006667
2026-04,SKU00969,Electrohogar,497,5,7,3867052.0,0.01006
2026-05,SKU00969,Electrohogar,448,4,5,2762180.0,0.008929
2026-06,SKU00969,Electrohogar,439,4,5,2762180.0,0.009112
2026-07,SKU00969,Electrohogar,525,5,7,3867052.0,0.009524
2026-08,SKU00969,Electrohogar,404,3,4,2209744.0,0.007426
2026-09,SKU00969,Electrohogar,431,3,4,2209744.0,0.006961
2026-04,SKU00333,Computadores,671,9,13,8861528.0,0.013413
2026-05,SKU00333,Computadores,526,9,11,7498216.0,0.01711
2026-06,SKU00333,Computadores,600,10,14,9543184.0,0.016667
2026-07,SKU00333,Computadores,637,9,11,7498216.0,0.014129
2026-08,SKU00333,Computadores,632,10,13,8861528.0,0.015823
2026-09,SKU00333,Computadores,559,10,11,7498216.0,0.017889
2026-04,SKU00600,Videojuegos,348,9,12,52492500.0,0.025862
2026-05,SKU00600,Videojuegos,408,11,12,52492500.0,0.026961
2026-06,SKU00600,Videojuegos,350,9,10,43743750.0,0.025714
2026-07,SKU00600,Videojuegos,366,6,9,39369375.0,0.016393
2026-08,SKU00600,Videojuegos,332,7,8,34995000.0,0.021084
2026-09,SKU00600,Videojuegos,380,9,10,43743750.0,0.023684
2026-04,SKU00991,Televisores,133,0,0,0.0,0.0
2026-05,SKU00991,Televisores,134,0,0,0.0,0.0
2026-06,SKU00991,Televisores,125,0,0,0.0,0.0
2026-07,SKU00991,Televisores,143,0,0,0.0,0.0
2026-08,SKU00991,Televisores,146,0,0,0.0,0.0
2026-09,SKU00991,Televisores,129,0,0,0.0,0.0
2026-04,SKU00851,Televisores,419,0,0,0.0,0.0
2026-05,SKU00851,Televisores,517,0,0,0.0,0.0
2026-06,SKU00851,Televisores,407,0,0,0.0,0.0
2026-07,SKU00851,Televisores,410,0,0,0.0,0.0
2026-08,SKU00851,Televisores,454,0,0,0.0,0.0
2026-09,SKU00851,Televisores,526,0,0,0.0,0.0
2026-04,SKU00655,Videojuegos,442,11,14,22400798.0,0.024887
2026-05,SKU00655,Videojuegos,498,14,17,27200969.0,0.028112
2026-06,SKU00655,Videojuegos,530,16,17,27200969.0,0.030189
2026-07,SKU00655,Videojuegos,519,12,15,24000855.0,0.023121
2026-08,SKU00655,Videojuegos,481,11,12,19200684.0,0.022869
2026-09,SKU00655,Videojuegos,406,10,11,17600627.0,0.024631
2026-04,SKU00598,Computadores,329,5,7,2635038.0,0.015198
2026-05,SKU00598,Computadores,376,5,8,3011472.0,0.013298
2026-06,SKU00598,Computadores,332,6,8,3011472.0,0.018072
2026-07,SKU00598,Computadores,408,5,7,2635038.0,0.012255
2026-08,SKU00598,Computadores,384,5,7,2635038.0,0.013021
2026-09,SKU00598,Computadores,347,4,6,2258604.0,0.011527
2026-04,SKU00907,Celulares,385,10,11,28163685.0,0.025974
2026-05,SKU00907,Celulares,319,7,9,23043015.0,0.021944
2026-06,SKU00907,Celulares,366,8,10,25603350.0,0.021858
2026-07,SKU00907,Celulares,369,6,8,20482680.0,0.01626
2026-08,SKU00907,Celulares,330,6,7,17922345.0,0.018182
2026-09,SKU00907,Celulares,294,5,7,17922345.0,0.017007
2026-04,SKU00632,Celulares,206,6,6,13971156.0,0.029126
2026-05,SKU00632,Celulares,239,5,7,16299682.0,0.020921
2026-06,SKU00632,Celulares,235,5,6,13971156.0,0.021277
2026-07,SKU00632,Celulares,217,5,6,13971156.0,0.023041
2026-08,SKU00632,Celulares,203,3,5,11642630.0,0.014778
2026-09,SKU00632,Celulares,238,5,5,11642630.0,0.021008
2026-04,SKU00534,Electrohogar,280,2,3,14593212.0,0.007143
2026-05,SKU00534,Electrohogar,296,3,4,19457616.0,0.010135
2026-06,SKU00534,Electrohogar,267,2,3,14593212.0,0.007491
2026-07,SKU00534,Electrohogar,326,3,4,19457616.0,0.009202
2026-08,SKU00534,Electrohogar,276,2,3,14593212.0,0.007246
2026-09,SKU00534,Electrohogar,325,2,3,14593212.0,0.006154
2026-04,SKU00683,Computadores,92,2,2,3119584.0,0.021739
2026-05,SKU00683,Computadores,80,2,2,3119584.0,0.025
2026-06,SKU00683,Computadores,95,2,2,3119584.0,0.021053
2026-07,SKU00683,Computadores,82,2,2,3119584.0,0.02439
2026-08,SKU00683,Computadores,87,1,1,1559792.0,0.011494
2026-09,SKU00683,Computadores,81,1,2,3119584.0,0.012346
2026-04,SKU00177,Celulares,128,2,2,7290928.0,0.015625
2026-05,SKU00177,Celulares,111,1,1,3645464.0,0.009009
2026-06,SKU00177,Celulares,144,2,2,7290928.0,0.013889
2026-07,SKU00177,Celulares,118,2,2,7290928.0,0.016949
2026-08,SKU00177,Celulares,131,1,1,3645464.0,0.007634
2026-09,SKU00177,Celulares,124,1,1,3645464.0,0.008065
2026-04,SKU00345,Videojuegos,420,11,13,59270471.0,0.02619
2026-05,SKU00345,Videojuegos,411,11,13,59270471.0,0.026764
2026-06,SKU00345,Videojuegos,423,9,11,50151937.0,0.021277
2026-07,SKU00345,Videojuegos,342,8,10,45592670.0,0.023392
2026-08,SKU00345,Videojuegos,398,8,11,50151937.0,0.020101
2026-09,SKU00345,Videojuegos,390,8,9,41033403.0,0.020513
2026-04,SKU00665,Videojuegos,405,12,13,24546379.0,0.02963
2026-05,SKU00665,Videojuegos,450,10,15,28322745.0,0.022222
2026-06,SKU00665,Videojuegos,437,10,14,26434562.0,0.022883
2026-07,SKU00665,Videojuegos,430,10,13,24546379.0,0.023256
2026-08,SKU00665,Videojuegos,404,8,12,22658196.0,0.019802
2026-09,SKU00665,Videojuegos,411,7,9,16993647.0,0.017032
2026-04,SKU00099,Televisores,230,1,1,918946.0,0.004348
2026-05,SKU00099,Televisores,271,1,1,918946.0,0.00369
2026-06,SKU00099,Televisores,255,1,1,918946.0,0.003922
2026-07,SKU00099,Televisores,254,1,1,918946.0,0.003937
2026-08,SKU00099,Televisores,250,1,1,918946.0,0.004
2026-09,SKU00099,Televisores,219,1,1,918946.0,0.004566
2026-04,SKU00686,Televisores,106,1,1,4573978.0,0.009434
2026-05,SKU00686,Televisores,108,1,1,4573978.0,0.009259
2026-06,SKU00686,Televisores,85,1,1,4573978.0,0.011765
2026-07,SKU00686,Televisores,100,1,1,4573978.0,0.01
2026-08,SKU00686,Televisores,107,1,1,4573978.0,0.009346
2026-09,SKU00686,Televisores,92,1,1,4573978.0,0.01087
2026-04,SKU00362,Celulares,309,7,8,2130072.0,0.022654
2026-05,SKU00362,Celulares,335,8,9,2396331.0,0.023881
2026-06,SKU00362,Celulares,322,7,8,2130072.0,0.021739
2026-07,SKU00362,Celulares,309,7,8,2130072.0,0.022654
2026-08,SKU00362,Celulares,380,7,9,2396331.0,0.018421
2026-09,SKU00362,Celulares,334,5,8,2130072.0,0.01497
2026-04,SKU00779,Electrohogar,298,2,3,2722737.0,0.006711
2026-05,SKU00779,Electrohogar,283,4,4,3630316.0,0.014134
2026-06,SKU00779,Electrohogar,257,3,3,2722737.0,0.011673
2026-07,SKU00779,Electrohogar,303,3,3,2722737.0,0.009901
2026-08,SKU00779,Electrohogar,234,2,3,2722737.0,0.008547
2026-09,SKU00779,Electrohogar,284,2,3,2722737.0,0.007042
2026-04,SKU00901,Televisores,120,0,0,0.0,0.0
2026-05,SKU00901,Televisores,123,0,0,0.0,0.0
2026-06,SKU00901,Televisores,140,0,0,0.0,0.0
2026-07,SKU00901,Televisores,116,0,0,0.0,0.0
2026-08,SKU00901,Televisores,117,0,0,0.0,0.0
2026-09,SKU00901,Televisores,141,0,0,0.0,0.0
2026-04,SKU00385,Videojuegos,133,4,4,12703952.0,0.030075
2026-05,SKU00385,Videojuegos,135,5,5,15879940.0,0.037037
2026-06,SKU00385,Videojuegos,140,3,4,12703952.0,0.021429
2026-07,SKU00385,Videojuegos,129,3,4,12703952.0,0.023256
2026-08,SKU00385,Videojuegos,151,3,4,12703952.0,0.019868
2026-09,SKU00385,Videojuegos,130,3,3,9527964.0,0.023077
2026-04,SKU00457,Celulares,238,5,7,23365867.0,0.021008
2026-05,SKU00457,Celulares,198,3,5,16689905.0,0.015152
2026-06,SKU00457,Celulares,242,6,7,23365867.0,0.024793
2026-07,SKU00457,Celulares,231,4,5,16689905.0,0.017316
2026-08,SKU00457,Celulares,192,3,4,13351924.0,0.015625
2026-09,SKU00457,Celulares,229,4,5,16689905.0,0.017467
2026-04,SKU00594,Electrohogar,549,5,7,7326613.0,0.009107
2026-05,SKU00594,Electrohogar,554,5,6,6279954.0,0.009025
2026-06,SKU00594,Electrohogar,426,4,4,4186636.0,0.00939
2026-07,SKU00594,Electrohogar,465,4,6,6279954.0,0.008602
2026-08,SKU00594,Electrohogar,546,5,6,6279954.0,0.009158
2026-09,SKU00594,Electrohogar,548,4,5,5233295.0,0.007299
2026-04,SKU00996,Televisores,261,1,2,7539542.0,0.003831
2026-05,SKU00996,Televisores,239,2,2,7539542.0,0.008368
2026-06,SKU00996,Televisores,272,2,3,11309313.0,0.007353
2026-07,SKU00996,Televisores,245,2,2,7539542.0,0.008163
2026-08,SKU00996,Televisores,238,2,2,7539542.0,0.008403
2026-09,SKU00996,Televisores,277,1,2,7539542.0,0.00361
2026-04,SKU00459,Electrohogar,138,1,1,2805461.0,0.007246
2026-05,SKU00459,Electrohogar,112,1,2,5610922.0,0.008929
2026-06,SKU00459,Electrohogar,112,1,1,2805461.0,0.008929
2026-07,SKU00459,Electrohogar,121,1,1,2805461.0,0.008264
2026-08,SKU00459,Electrohogar,137,2,2,5610922.0,0.014599
2026-09,SKU00459,Electrohogar,131,1,1,2805461.0,0.007634
2026-04,SKU00688,Computadores,620,8,12,53835024.0,0.012903
2026-05,SKU00688,Computadores,504,7,10,44862520.0,0.013889
2026-06,SKU00688,Computadores,589,11,14,62807528.0,0.018676
2026-07,SKU00688,Computadores,534,8,11,49348772.0,0.014981
2026-08,SKU00688,Computadores,667,11,13,58321276.0,0.016492
2026-09,SKU00688,Computadores,562,10,11,49348772.0,0.017794
2026-04,SKU00561,Televisores,485,0,0,0.0,0.0
2026-05,SKU00561,Televisores,587,0,0,0.0,0.0
2026-06,SKU00561,Televisores,583,0,0,0.0,0.0
2026-07,SKU00561,Televisores,499,0,0,0.0,0.0
2026-08,SKU00561,Televisores,567,0,0,0.0,0.0
2026-09,SKU00561,Televisores,573,0,0,0.0,0.0
2026-04,SKU00224,Electrohogar,502,3,5,22653245.0,0.005976
2026-05,SKU00224,Electrohogar,514,4,4,18122596.0,0.007782
2026-06,SKU00224,Electrohogar,517,4,5,22653245.0,0.007737
2026-07,SKU00224,Electrohogar,565,3,5,22653245.0,0.00531
2026-08,SKU00224,Electrohogar,559,3,4,18122596.0,0.005367
2026-09,SKU00224,Electrohogar,542,3,4,18122596.0,0.005535
2026-04,SKU00913,Computadores,414,8,8,9796120.0,0.019324
2026-05,SKU00913,Computadores,460,7,11,13469665.0,0.015217
2026-06,SKU00913,Computadores,415,9,10,12245150.0,0.021687
2026-07,SKU00913,Computadores,461,6,9,11020635.0,0.013015
2026-08,SKU00913,Computadores,381,7,8,9796120.0,0.018373
2026-09,SKU00913,Computadores,380,5,7,8571605.0,0.013158
2026-04,SKU00892,Celulares,555,15,16,2985232.0,0.027027
2026-05,SKU00892,Celulares,495,11,13,2425501.0,0.022222
2026-06,SKU00892,Celulares,448,10,12,2238924.0,0.022321
2026-07,SKU00892,Celulares,528,13,14,2612078.0,0.024621
2026-08,SKU00892,Celulares,432,10,11,2052347.0,0.023148
2026-09,SKU00892,Celulares,530,11,13,2425501.0,0.020755
2026-04,SKU00479,Electrohogar,330,4,4,17511044.0,0.012121
2026-05,SKU00479,Electrohogar,324,3,4,17511044.0,0.009259
2026-06,SKU00479,Electrohogar,295,3,3,13133283.0,0.010169
2026-07,SKU00479,Electrohogar,299,3,4,17511044.0,0.010033
2026-08,SKU00479,Electrohogar,327,3,4,17511044.0,0.009174
2026-09,SKU00479,Electrohogar,310,2,3,13133283.0,0.006452
2026-04,SKU00013,Computadores,122,1,1,4548207.0,0.008197
2026-05,SKU00013,Computadores,104,1,1,4548207.0,0.009615
2026-06,SKU00013,Computadores,112,1,1,4548207.0,0.008929
2026-07,SKU00013,Computadores,121,1,1,4548207.0,0.008264
2026-08,SKU00013,Computadores,108,1,1,4548207.0,0.009259
2026-09,SKU00013,Computadores,100,1,1,4548207.0,0.01
2026-04,SKU00154,Electrohogar,605,3,4,8561704.0,0.004959
2026-05,SKU00154,Electrohogar,648,3,4,8561704.0,0.00463
2026-06,SKU00154,Electrohogar,585,4,4,8561704.0,0.006838
2026-07,SKU00154,Electrohogar,520,2,3,6421278.0,0.003846
2026-08,SKU00154,Electrohogar,672,3,3,6421278.0,0.004464
2026-09,SKU00154,Electrohogar,554,2,3,6421278.0,0.00361
2026-04,SKU00354,Electrohogar,284,3,4,6568916.0,0.010563
2026-05,SKU00354,Electrohogar,285,3,4,6568916.0,0.010526
2026-06,SKU00354,Electrohogar,299,3,4,6568916.0,0.010033
2026-07,SKU00354,Electrohogar,288,2,3,4926687.0,0.006944
2026-08,SKU00354,Electrohogar,232,2,3,4926687.0,0.008621
2026-09,SKU00354,Electrohogar,302,3,3,4926687.0,0.009934
2026-04,SKU00981,Televisores,430,0,0,0.0,0.0
2026-05,SKU00981,Televisores,457,0,0,0.0,0.0
2026-06,SKU00981,Televisores,508,0,0,0.0,0.0
2026-07,SKU00981,Televisores,427,0,0,0.0,0.0
2026-08,SKU00981,Televisores,496,0,0,0.0,0.0
2026-09,SKU00981,Televisores,508,0,0,0.0,0.0
2026-04,SKU00217,Celulares,176,2,3,5951679.0,0.011364
2026-05,SKU00217,Celulares,195,3,4,7935572.0,0.015385
2026-06,SKU00217,Celulares,176,3,4,7935572.0,0.017045
2026-07,SKU00217,Celulares,207,3,4,7935572.0,0.014493
2026-08,SKU00217,Celulares,189,2,3,5951679.0,0.010582
2026-09,SKU00217,Celulares,205,2,3,5951679.0,0.009756
2026-04,SKU00218,Computadores,403,7,7,18879056.0,0.01737
2026-05,SKU00218,Computadores,403,5,7,18879056.0,0.012407
2026-06,SKU00218,Computadores,392,6,7,18879056.0,0.015306
2026-07,SKU00218,Computadores,520,7,9,24273072.0,0.013462
2026-08,SKU00218,Computadores,391,4,5,13485040.0,0.01023
2026-09,SKU00218,Computadores,482,5,7,18879056.0,0.010373
2026-04,SKU00983,Computadores,261,5,6,13638282.0,0.019157
2026-05,SKU00983,Computadores,310,5,8,18184376.0,0.016129
2026-06,SKU00983,Computadores,305,6,7,15911329.0,0.019672
2026-07,SKU00983,Computadores,250,4,5,11365235.0,0.016
2026-08,SKU00983,Computadores,264,4,5,11365235.0,0.015152
2026-09,SKU00983,Computadores,243,3,4,9092188.0,0.012346
2026-04,SKU00943,Computadores,161,2,3,6913677.0,0.012422
2026-05,SKU00943,Computadores,161,3,3,6913677.0,0.018634
2026-06,SKU00943,Computadores,163,4,4,9218236.0,0.02454
2026-07,SKU00943,Computadores,168,3,4,9218236.0,0.017857
2026-08,SKU00943,Computadores,156,3,3,6913677.0,0.019231
2026-09,SKU00943,Computadores,146,2,3,6913677.0,0.013699
2026-04,SKU00538,Computadores,246,4,6,28569912.0,0.01626
2026-05,SKU00538,Computadores,264,4,6,28569912.0,0.015152
2026-06,SKU00538,Computadores,222,4,5,23808260.0,0.018018
2026-07,SKU00538,Computadores,264,4,5,23808260.0,0.015152
2026-08,SKU00538,Computadores,231,3,4,19046608.0,0.012987
2026-09,SKU00538,Computadores,207,3,4,19046608.0,0.014493
2026-04,SKU00719,Electrohogar,195,2,2,3288068.0,0.010256
2026-05,SKU00719,Electrohogar,228,3,3,4932102.0,0.013158
2026-06,SKU00719,Electrohogar,239,3,3,4932102.0,0.012552
2026-07,SKU00719,Electrohogar,229,2,2,3288068.0,0.008734
2026-08,SKU00719,Electrohogar,235,2,3,4932102.0,0.008511
2026-09,SKU00719,Electrohogar,228,1,2,3288068.0,0.004386
2026-04,SKU00344,Electrohogar,223,2,3,12547302.0,0.008969
2026-05,SKU00344,Electrohogar,287,3,4,16729736.0,0.010453
2026-06,SKU00344,Electrohogar,260,2,3,12547302.0,0.007692
2026-07,SKU00344,Electrohogar,240,3,3,12547302.0,0.0125
2026-08,SKU00344,Electrohogar,276,2,3,12547302.0,0.007246
2026-09,SKU00344,Electrohogar,236,1,2,8364868.0,0.004237
2026-04,SKU00937,Celulares,179,4,5,18473560.0,0.022346
2026-05,SKU00937,Celulares,146,4,4,14778848.0,0.027397
2026-06,SKU00937,Celulares,141,3,4,14778848.0,0.021277
2026-07,SKU00937,Celulares,150,3,4,14778848.0,0.02
2026-08,SKU00937,Celulares,186,4,4,14778848.0,0.021505
2026-09,SKU00937,Celulares,182,4,4,14778848.0,0.021978
2026-04,SKU00407,Celulares,351,6,8,34782976.0,0.017094
2026-05,SKU00407,Celulares,347,7,8,34782976.0,0.020173
2026-06,SKU00407,Celulares,410,6,9,39130848.0,0.014634
2026-07,SKU00407,Celulares,380,8,10,43478720.0,0.021053
2026-08,SKU00407,Celulares,389,9,9,39130848.0,0.023136
2026-09,SKU00407,Celulares,402,8,9,39130848.0,0.0199
2026-04,SKU00421,Televisores,299,0,0,0.0,0.0
2026-05,SKU00421,Televisores,327,0,0,0.0,0.0
2026-06,SKU00421,Televisores,329,0,0,0.0,0.0
2026-07,SKU00421,Televisores,351,0,0,0.0,0.0
2026-08,SKU00421,Televisores,287,0,0,0.0,0.0
2026-09,SKU00421,Televisores,281,0,0,0.0,0.0
2026-04,SKU00536,Televisores,201,1,2,4287788.0,0.004975
2026-05,SKU00536,Televisores,171,2,2,4287788.0,0.011696
2026-06,SKU00536,Televisores,160,1,1,2143894.0,0.00625
2026-07,SKU00536,Televisores,181,1,1,2143894.0,0.005525
2026-08,SKU00536,Televisores,173,1,1,2143894.0,0.00578
2026-09,SKU00536,Televisores,200,1,2,4287788.0,0.005
2026-04,SKU00839,Electrohogar,268,3,3,11664633.0,0.011194
2026-05,SKU00839,Electrohogar,261,2,3,11664633.0,0.007663
2026-06,SKU00839,Electrohogar,237,2,3,11664633.0,0.008439
2026-07,SKU00839,Electrohogar,284,2,3,11664633.0,0.007042
2026-08,SKU00839,Electrohogar,221,2,2,7776422.0,0.00905
2026-09,SKU00839,Electrohogar,214,1,2,7776422.0,0.004673
2026-04,SKU00039,Electrohogar,524,2,3,0.0,0.003817
2026-05,SKU00039,Electrohogar,479,2,2,0.0,0.004175
2026-06,SKU00039,Electrohogar,579,3,4,0.0,0.005181
2026-07,SKU00039,Electrohogar,491,2,3,0.0,0.004073
2026-08,SKU00039,Electrohogar,534,2,3,0.0,0.003745
2026-09,SKU00039,Electrohogar,554,2,3,0.0,0.00361
2026-04,SKU00046,Televisores,103,0,0,0.0,0.0
2026-05,SKU00046,Televisores,111,1,1,0.0,0.009009
2026-06,SKU00046,Televisores,121,1,1,0.0,0.008264
2026-07,SKU00046,Televisores,118,1,1,0.0,0.008475
2026-08,SKU00046,Televisores,113,0,0,0.0,0.0
2026-09,SKU00046,Televisores,100,0,0,0.0,0.0
2026-04,SKU00979,Electrohogar,358,4,5,24774430.0,0.011173
2026-05,SKU00979,Electrohogar,312,3,4,19819544.0,0.009615
2026-06,SKU00979,Electrohogar,292,3,4,19819544.0,0.010274
2026-07,SKU00979,Electrohogar,354,3,4,19819544.0,0.008475
2026-08,SKU00979,Electrohogar,319,2,3,14864658.0,0.00627
2026-09,SKU00979,Electrohogar,313,3,4,19819544.0,0.009585
2026-04,SKU00068,Computadores,609,5,7,20273932.0,0.00821
2026-05,SKU00068,Computadores,580,6,7,20273932.0,0.010345
2026-06,SKU00068,Computadores,579,4,6,17377656.0,0.006908
2026-07,SKU00068,Computadores,513,3,4,11585104.0,0.005848
2026-08,SKU00068,Computadores,660,5,6,17377656.0,0.007576
2026-09,SKU00068,Computadores,589,4,5,14481380.0,0.006791
2026-04,SKU00338,Computadores,369,8,9,28495314.0,0.02168
2026-05,SKU00338,Computadores,416,5,8,25329168.0,0.012019
2026-06,SKU00338,Computadores,435,8,11,34827606.0,0.018391
2026-07,SKU00338,Computadores,397,8,9,28495314.0,0.020151
2026-08,SKU00338,Computadores,358,4,6,18996876.0,0.011173
2026-09,SKU00338,Computadores,357,6,7,22163022.0,0.016807
2026-04,SKU00747,Celulares,559,12,15,23306985.0,0.021467
2026-05,SKU00747,Celulares,530,11,13,20199387.0,0.020755
2026-06,SKU00747,Celulares,590,11,14,21753186.0,0.018644
2026-07,SKU00747,Celulares,503,10,13,20199387.0,0.019881
2026-08,SKU00747,Celulares,482,11,12,18645588.0,0.022822
2026-09,SKU00747,Celulares,638,11,15,23306985.0,0.017241
2026-04,SKU00042,Celulares,416,4,5,0.0,0.009615
2026-05,SKU00042,Celulares,318,4,4,0.0,0.012579
2026-06,SKU00042,Celulares,344,3,4,0.0,0.008721
2026-07,SKU00042,Celulares,404,5,5,0.0,0.012376
2026-08,SKU00042,Celulares,371,3,5,0.0,0.008086
2026-09,SKU00042,Celulares,394,3,4,0.0,0.007614
2026-04,SKU00906,Televisores,457,3,4,3636884.0,0.006565
2026-05,SKU00906,Televisores,406,4,5,4546105.0,0.009852
2026-06,SKU00906,Televisores,378,4,4,3636884.0,0.010582
2026-07,SKU00906,Televisores,446,3,5,4546105.0,0.006726
2026-08,SKU00906,Televisores,460,3,4,3636884.0,0.006522
2026-09,SKU00906,Televisores,385,3,3,2727663.0,0.007792
2026-04,SKU00192,Celulares,207,4,4,8348672.0,0.019324
2026-05,SKU00192,Celulares,264,5,6,12523008.0,0.018939
2026-06,SKU00192,Celulares,252,3,4,8348672.0,0.011905
2026-07,SKU00192,Celulares,254,3,5,10435840.0,0.011811
2026-08,SKU00192,Celulares,226,3,3,6261504.0,0.013274
2026-09,SKU00192,Celulares,202,2,3,6261504.0,0.009901
2026-04,SKU00002,Celulares,233,3,3,3661584.0,0.012876
2026-05,SKU00002,Celulares,236,2,3,3661584.0,0.008475
2026-06,SKU00002,Celulares,227,2,3,3661584.0,0.008811
2026-07,SKU00002,Celulares,223,2,3,3661584.0,0.008969
2026-08,SKU00002,Celulares,221,2,3,3661584.0,0.00905
2026-09,SKU00002,Celulares,243,3,3,3661584.0,0.012346
2026-04,SKU00635,Videojuegos,166,4,5,2451635.0,0.024096
2026-05,SKU00635,Videojuegos,163,3,4,1961308.0,0.018405
2026-06,SKU00635,Videojuegos,180,5,5,2451635.0,0.027778
2026-07,SKU00635,Videojuegos,206,4,6,2941962.0,0.019417
2026-08,SKU00635,Videojuegos,165,3,4,1961308.0,0.018182
2026-09,SKU00635,Videojuegos,159,3,4,1961308.0,0.018868
2026-04,SKU00293,Computadores,522,8,11,41179116.0,0.015326
2026-05,SKU00293,Computadores,494,10,12,44922672.0,0.020243
2026-06,SKU00293,Computadores,386,8,9,33692004.0,0.020725
2026-07,SKU00293,Computadores,464,8,9,33692004.0,0.017241
2026-08,SKU00293,Computadores,466,9,10,37435560.0,0.019313
2026-09,SKU00293,Computadores,417,6,8,29948448.0,0.014388
2026-04,SKU00636,Televisores,268,2,3,12038433.0,0.007463
2026-05,SKU00636,Televisores,264,3,3,12038433.0,0.011364
2026-06,SKU00636,Televisores,251,2,2,8025622.0,0.007968
2026-07,SKU00636,Televisores,307,2,3,12038433.0,0.006515
2026-08,SKU00636,Televisores,315,2,3,12038433.0,0.006349
2026-09,SKU00636,Televisores,263,1,2,8025622.0,0.003802
2026-04,SKU00725,Videojuegos,546,13,15,59386875.0,0.02381
2026-05,SKU00725,Videojuegos,575,13,19,75223375.0,0.022609
2026-06,SKU00725,Videojuegos,573,13,17,67305125.0,0.022688
2026-07,SKU00725,Videojuegos,520,13,16,63346000.0,0.025
2026-08,SKU00725,Videojuegos,664,11,15,59386875.0,0.016566
2026-09,SKU00725,Videojuegos,665,14,15,59386875.0,0.021053
2026-04,SKU00816,Televisores,79,1,1,138481.0,0.012658
2026-05,SKU00816,Televisores,80,1,1,138481.0,0.0125
2026-06,SKU00816,Televisores,97,1,1,138481.0,0.010309
2026-07,SKU00816,Televisores,97,1,1,138481.0,0.010309
2026-08,SKU00816,Televisores,97,1,1,138481.0,0.010309
2026-09,SKU00816,Televisores,85,1,1,138481.0,0.011765
2026-04,SKU00891,Televisores,430,0,0,0.0,0.0
2026-05,SKU00891,Televisores,425,0,0,0.0,0.0
2026-06,SKU00891,Televisores,502,0,0,0.0,0.0
2026-07,SKU00891,Televisores,397,0,0,0.0,0.0
2026-08,SKU00891,Televisores,499,0,0,0.0,0.0
2026-09,SKU00891,Televisores,502,0,0,0.0,0.0
2026-04,SKU00302,Celulares,277,6,7,25832912.0,0.021661
2026-05,SKU00302,Celulares,276,6,7,25832912.0,0.021739
2026-06,SKU00302,Celulares,319,7,8,29523328.0,0.021944
2026-07,SKU00302,Celulares,331,6,8,29523328.0,0.018127
2026-08,SKU00302,Celulares,270,7,7,25832912.0,0.025926
2026-09,SKU00302,Celulares,334,5,7,25832912.0,0.01497
2026-04,SKU00011,Televisores,119,0,0,0.0,0.0
2026-05,SKU00011,Televisores,130,0,0,0.0,0.0
2026-06,SKU00011,Televisores,134,0,0,0.0,0.0
2026-07,SKU00011,Televisores,139,0,0,0.0,0.0
2026-08,SKU00011,Televisores,119,0,0,0.0,0.0
2026-09,SKU00011,Televisores,105,0,0,0.0,0.0
2026-04,SKU00757,Celulares,435,10,12,57560988.0,0.022989
2026-05,SKU00757,Celulares,442,9,11,52764239.0,0.020362
2026-06,SKU00757,Celulares,420,11,12,57560988.0,0.02619
2026-07,SKU00757,Celulares,479,8,12,57560988.0,0.016701
2026-08,SKU00757,Celulares,484,12,13,62357737.0,0.024793
2026-09,SKU00757,Celulares,487,9,12,57560988.0,0.01848
2026-04,SKU00753,Computadores,202,4,5,1578940.0,0.019802
2026-05,SKU00753,Computadores,255,5,6,1894728.0,0.019608
2026-06,SKU00753,Computadores,199,4,5,1578940.0,0.020101
2026-07,SKU00753,Computadores,226,3,4,1263152.0,0.013274
2026-08,SKU00753,Computadores,238,4,5,1578940.0,0.016807
2026-09,SKU00753,Computadores,200,3,4,1263152.0,0.015
2026-04,SKU00460,Videojuegos,232,5,6,26794242.0,0.021552
2026-05,SKU00460,Videojuegos,192,4,5,22328535.0,0.020833
2026-06,SKU00460,Videojuegos,210,6,7,31259949.0,0.028571
2026-07,SKU00460,Videojuegos,219,5,6,26794242.0,0.022831
2026-08,SKU00460,Videojuegos,211,4,5,22328535.0,0.018957
2026-09,SKU00460,Videojuegos,219,4,5,22328535.0,0.018265
2026-04,SKU00562,Celulares,352,8,9,40726242.0,0.022727
2026-05,SKU00562,Celulares,320,8,9,40726242.0,0.025
2026-06,SKU00562,Celulares,384,7,9,40726242.0,0.018229
2026-07,SKU00562,Celulares,391,8,10,45251380.0,0.02046
2026-08,SKU00562,Celulares,310,6,7,31675966.0,0.019355
2026-09,SKU00562,Celulares,373,7,8,36201104.0,0.018767
2026-04,SKU00895,Videojuegos,333,10,11,25835051.0,0.03003
2026-05,SKU00895,Videojuegos,339,9,10,23486410.0,0.026549
2026-06,SKU00895,Videojuegos,377,8,11,25835051.0,0.02122
2026-07,SKU00895,Videojuegos,416,9,12,28183692.0,0.021635
2026-08,SKU00895,Videojuegos,346,8,10,23486410.0,0.023121
2026-09,SKU00895,Videojuegos,389,7,9,21137769.0,0.017995
2026-04,SKU00104,Televisores,225,1,1,476132.0,0.004444
2026-05,SKU00104,Televisores,208,1,1,476132.0,0.004808
2026-06,SKU00104,Televisores,191,1,1,476132.0,0.005236
2026-07,SKU00104,Televisores,168,1,1,476132.0,0.005952
2026-08,SKU00104,Televisores,214,1,1,476132.0,0.004673
2026-09,SKU00104,Televisores,171,1,1,476132.0,0.005848
2026-04,SKU00073,Computadores,112,1,1,173797.0,0.008929
2026-05,SKU00073,Computadores,119,1,1,173797.0,0.008403
2026-06,SKU00073,Computadores,123,1,1,173797.0,0.00813
2026-07,SKU00073,Computadores,114,1,1,173797.0,0.008772
2026-08,SKU00073,Computadores,108,1,1,173797.0,0.009259
2026-09,SKU00073,Computadores,120,1,1,173797.0,0.008333
2026-04,SKU00145,Videojuegos,609,8,10,28617620.0,0.013136
2026-05,SKU00145,Videojuegos,555,8,9,25755858.0,0.014414
2026-06,SKU00145,Videojuegos,536,7,8,22894096.0,0.01306
2026-07,SKU00145,Videojuegos,610,8,9,25755858.0,0.013115
2026-08,SKU00145,Videojuegos,503,5,6,17170572.0,0.00994
2026-09,SKU00145,Videojuegos,527,5,7,20032334.0,0.009488
2026-04,SKU00399,Electrohogar,324,3,4,1228680.0,0.009259
2026-05,SKU00399,Electrohogar,312,2,3,921510.0,0.00641
2026-06,SKU00399,Electrohogar,347,3,4,1228680.0,0.008646
2026-07,SKU00399,Electrohogar,315,2,3,921510.0,0.006349
2026-08,SKU00399,Electrohogar,350,3,4,1228680.0,0.008571
2026-09,SKU00399,Electrohogar,278,2,3,921510.0,0.007194
2026-04,SKU00260,Videojuegos,187,5,6,25049364.0,0.026738
2026-05,SKU00260,Videojuegos,181,3,5,20874470.0,0.016575
2026-06,SKU00260,Videojuegos,174,4,5,20874470.0,0.022989
2026-07,SKU00260,Videojuegos,164,4,5,20874470.0,0.02439
2026-08,SKU00260,Videojuegos,190,5,6,25049364.0,0.026316
2026-09,SKU00260,Videojuegos,172,3,4,16699576.0,0.017442
2026-04,SKU00777,Celulares,334,7,8,7550504.0,0.020958
2026-05,SKU00777,Celulares,341,7,9,8494317.0,0.020528
2026-06,SKU00777,Celulares,271,7,8,7550504.0,0.02583
2026-07,SKU00777,Celulares,283,6,6,5662878.0,0.021201
2026-08,SKU00777,Celulares,331,6,8,7550504.0,0.018127
2026-09,SKU00777,Celulares,302,6,6,5662878.0,0.019868
2026-04,SKU00033,Computadores,440,5,5,0.0,0.011364
2026-05,SKU00033,Computadores,549,4,6,0.0,0.007286
2026-06,SKU00033,Computadores,503,4,5,0.0,0.007952
2026-07,SKU00033,Computadores,452,3,5,0.0,0.006637
2026-08,SKU00033,Computadores,480,3,4,0.0,0.00625
2026-09,SKU00033,Computadores,415,3,4,0.0,0.007229
2026-04,SKU00640,Videojuegos,202,6,7,3824037.0,0.029703
2026-05,SKU00640,Videojuegos,207,5,7,3824037.0,0.024155
2026-06,SKU00640,Videojuegos,228,6,6,3277746.0,0.026316
2026-07,SKU00640,Videojuegos,256,6,8,4370328.0,0.023438
2026-08,SKU00640,Videojuegos,218,4,6,3277746.0,0.018349
2026-09,SKU00640,Videojuegos,194,5,5,2731455.0,0.025773
2026-04,SKU00423,Computadores,481,11,12,37025280.0,0.022869
2026-05,SKU00423,Computadores,476,9,11,33939840.0,0.018908
2026-06,SKU00423,Computadores,501,7,9,27768960.0,0.013972
2026-07,SKU00423,Computadores,442,8,10,30854400.0,0.0181
2026-08,SKU00423,Computadores,521,8,11,33939840.0,0.015355
2026-09,SKU00423,Computadores,521,9,10,30854400.0,0.017274
2026-04,SKU00542,Celulares,307,5,7,26487041.0,0.016287
2026-05,SKU00542,Celulares,308,7,9,34054767.0,0.022727
2026-06,SKU00542,Celulares,330,5,7,26487041.0,0.015152
2026-07,SKU00542,Celulares,293,4,6,22703178.0,0.013652
2026-08,SKU00542,Celulares,317,4,6,22703178.0,0.012618
2026-09,SKU00542,Celulares,324,5,7,26487041.0,0.015432
2026-04,SKU00003,Computadores,211,2,2,9249732.0,0.009479
2026-05,SKU00003,Computadores,238,3,3,13874598.0,0.012605
2026-06,SKU00003,Computadores,212,2,2,9249732.0,0.009434
2026-07,SKU00003,Computadores,251,2,2,9249732.0,0.007968
2026-08,SKU00003,Computadores,255,2,3,13874598.0,0.007843
2026-09,SKU00003,Computadores,229,2,2,9249732.0,0.008734
2026-04,SKU00867,Celulares,123,3,4,11896300.0,0.02439
2026-05,SKU00867,Celulares,135,3,4,11896300.0,0.022222
2026-06,SKU00867,Celulares,107,1,2,5948150.0,0.009346
2026-07,SKU00867,Celulares,122,3,3,8922225.0,0.02459
2026-08,SKU00867,Celulares,134,3,3,8922225.0,0.022388
2026-09,SKU00867,Celulares,126,2,3,8922225.0,0.015873
2026-04,SKU00233,Computadores,353,5,6,15592542.0,0.014164
2026-05,SKU00233,Computadores,338,4,5,12993785.0,0.011834
2026-06,SKU00233,Computadores,340,5,6,15592542.0,0.014706
2026-07,SKU00233,Computadores,316,5,5,12993785.0,0.015823
2026-08,SKU00233,Computadores,364,3,5,12993785.0,0.008242
2026-09,SKU00233,Computadores,297,3,4,10395028.0,0.010101
2026-04,SKU00773,Computadores,653,12,13,42097653.0,0.018377
2026-05,SKU00773,Computadores,635,8,12,38859372.0,0.012598
2026-06,SKU00773,Computadores,564,10,12,38859372.0,0.01773
2026-07,SKU00773,Computadores,522,10,11,35621091.0,0.019157
2026-08,SKU00773,Computadores,578,9,11,35621091.0,0.015571
2026-09,SKU00773,Computadores,526,9,11,35621091.0,0.01711
2026-04,SKU00208,Computadores,182,2,3,4958091.0,0.010989
2026-05,SKU00208,Computadores,157,2,3,4958091.0,0.012739
2026-06,SKU00208,Computadores,187,2,3,4958091.0,0.010695
2026-07,SKU00208,Computadores,162,2,2,3305394.0,0.012346
2026-08,SKU00208,Computadores,164,2,2,3305394.0,0.012195
2026-09,SKU00208,Computadores,175,3,3,4958091.0,0.017143
2026-04,SKU00048,Computadores,514,4,5,0.0,0.007782
2026-05,SKU00048,Computadores,514,4,5,0.0,0.007782
2026-06,SKU00048,Computadores,592,5,6,0.0,0.008446
2026-07,SKU00048,Computadores,523,4,5,0.0,0.007648
2026-08,SKU00048,Computadores,450,4,4,0.0,0.008889
2026-09,SKU00048,Computadores,567,4,6,0.0,0.007055
2026-04,SKU00857,Celulares,652,10,15,21795345.0,0.015337
2026-05,SKU00857,Celulares,662,15,17,24701391.0,0.022659
2026-06,SKU00857,Celulares,665,16,18,26154414.0,0.02406
2026-07,SKU00857,Celulares,541,11,13,18889299.0,0.020333
2026-08,SKU00857,Celulares,518,8,11,15983253.0,0.015444
2026-09,SKU00857,Celulares,617,8,12,17436276.0,0.012966
2026-04,SKU00896,Televisores,462,3,4,8601668.0,0.006494
2026-05,SKU00896,Televisores,483,5,6,12902502.0,0.010352
2026-06,SKU00896,Televisores,503,4,5,10752085.0,0.007952
2026-07,SKU00896,Televisores,510,4,5,10752085.0,0.007843
2026-08,SKU00896,Televisores,532,3,5,10752085.0,0.005639
2026-09,SKU00896,Televisores,465,3,4,8601668.0,0.006452
2026-04,SKU00181,Televisores,517,0,0,0.0,0.0
2026-05,SKU00181,Televisores,426,0,0,0.0,0.0
2026-06,SKU00181,Televisores,529,0,0,0.0,0.0
2026-07,SKU00181,Televisores,466,0,0,0.0,0.0
2026-08,SKU00181,Televisores,527,0,0,0.0,0.0
2026-09,SKU00181,Televisores,469,0,0,0.0,0.0
2026-04,SKU00163,Computadores,438,3,5,22905625.0,0.006849
2026-05,SKU00163,Computadores,486,5,5,22905625.0,0.010288
2026-06,SKU00163,Computadores,433,3,4,18324500.0,0.006928
2026-07,SKU00163,Computadores,487,3,4,18324500.0,0.00616
2026-08,SKU00163,Computadores,502,3,4,18324500.0,0.005976
2026-09,SKU00163,Computadores,409,3,4,18324500.0,0.007335
2026-04,SKU00017,Celulares,306,3,4,9910248.0,0.009804
2026-05,SKU00017,Celulares,347,4,5,12387810.0,0.011527
2026-06,SKU00017,Celulares,298,3,4,9910248.0,0.010067
2026-07,SKU00017,Celulares,358,4,5,12387810.0,0.011173
2026-08,SKU00017,Celulares,278,3,3,7432686.0,0.010791
2026-09,SKU00017,Celulares,287,2,3,7432686.0,0.006969
2026-04,SKU00750,Videojuegos,305,8,10,33794080.0,0.02623
2026-05,SKU00750,Videojuegos,333,8,10,33794080.0,0.024024
2026-06,SKU00750,Videojuegos,336,6,9,30414672.0,0.017857
2026-07,SKU00750,Videojuegos,394,9,10,33794080.0,0.022843
2026-08,SKU00750,Videojuegos,317,7,9,30414672.0,0.022082
2026-09,SKU00750,Videojuegos,382,9,10,33794080.0,0.02356
2026-04,SKU00521,Televisores,614,0,0,0.0,0.0
2026-05,SKU00521,Televisores,510,0,0,0.0,0.0
2026-06,SKU00521,Televisores,629,0,0,0.0,0.0
2026-07,SKU00521,Televisores,607,0,0,0.0,0.0
2026-08,SKU00521,Televisores,500,0,0,0.0,0.0
2026-09,SKU00521,Televisores,561,0,0,0.0,0.0
2026-04,SKU00425,Videojuegos,541,11,14,62234424.0,0.020333
2026-05,SKU00425,Videojuegos,617,14,16,71125056.0,0.02269
2026-06,SKU00425,Videojuegos,644,15,21,93351636.0,0.023292
2026-07,SKU00425,Videojuegos,602,11,15,66679740.0,0.018272
2026-08,SKU00425,Videojuegos,649,15,20,88906320.0,0.023112
2026-09,SKU00425,Videojuegos,573,12,16,71125056.0,0.020942
2026-04,SKU00670,Videojuegos,298,6,8,24678968.0,0.020134
2026-05,SKU00670,Videojuegos,270,8,9,27763839.0,0.02963
2026-06,SKU00670,Videojuegos,326,5,8,24678968.0,0.015337
2026-07,SKU00670,Videojuegos,349,7,9,27763839.0,0.020057
2026-08,SKU00670,Videojuegos,315,5,7,21594097.0,0.015873
2026-09,SKU00670,Videojuegos,360,6,8,24678968.0,0.016667
2026-04,SKU00790,Videojuegos,415,11,12,49344312.0,0.026506
2026-05,SKU00790,Videojuegos,409,10,13,53456338.0,0.02445
2026-06,SKU00790,Videojuegos,389,9,12,49344312.0,0.023136
2026-07,SKU00790,Videojuegos,475,9,13,53456338.0,0.018947
2026-08,SKU00790,Videojuegos,473,12,13,53456338.0,0.02537
2026-09,SKU00790,Videojuegos,470,9,11,45232286.0,0.019149
2026-04,SKU00161,Televisores,232,0,0,0.0,0.0
2026-05,SKU00161,Televisores,213,0,0,0.0,0.0
2026-06,SKU00161,Televisores,238,0,0,0.0,0.0
2026-07,SKU00161,Televisores,231,0,0,0.0,0.0
2026-08,SKU00161,Televisores,248,0,0,0.0,0.0
2026-09,SKU00161,Televisores,263,0,0,0.0,0.0
2026-04,SKU00763,Computadores,502,10,12,40693788.0,0.01992
2026-05,SKU00763,Computadores,527,10,11,37302639.0,0.018975
2026-06,SKU00763,Computadores,631,13,16,54258384.0,0.020602
2026-07,SKU00763,Computadores,649,10,14,47476086.0,0.015408
2026-08,SKU00763,Computadores,507,7,9,30520341.0,0.013807
2026-09,SKU00763,Computadores,523,8,10,33911490.0,0.015296
2026-04,SKU00295,Videojuegos,329,8,9,12103875.0,0.024316
2026-05,SKU00295,Videojuegos,370,10,12,16138500.0,0.027027
2026-06,SKU00295,Videojuegos,312,9,10,13448750.0,0.028846
2026-07,SKU00295,Videojuegos,329,8,10,13448750.0,0.024316
2026-08,SKU00295,Videojuegos,324,6,7,9414125.0,0.018519
2026-09,SKU00295,Videojuegos,364,5,8,10759000.0,0.013736
2026-04,SKU00881,Televisores,170,0,0,0.0,0.0
2026-05,SKU00881,Televisores,170,0,0,0.0,0.0
2026-06,SKU00881,Televisores,195,0,0,0.0,0.0
2026-07,SKU00881,Televisores,199,0,0,0.0,0.0
2026-08,SKU00881,Televisores,202,0,0,0.0,0.0
2026-09,SKU00881,Televisores,192,0,0,0.0,0.0
2026-04,SKU00526,Televisores,346,2,3,1593462.0,0.00578
2026-05,SKU00526,Televisores,331,4,4,2124616.0,0.012085
2026-06,SKU00526,Televisores,357,2,3,1593462.0,0.005602
2026-07,SKU00526,Televisores,432,4,4,2124616.0,0.009259
2026-08,SKU00526,Televisores,414,3,3,1593462.0,0.007246
2026-09,SKU00526,Televisores,412,3,4,2124616.0,0.007282
2026-04,SKU00978,Computadores,379,7,9,18087057.0,0.01847
2026-05,SKU00978,Computadores,442,7,11,22106403.0,0.015837
2026-06,SKU00978,Computadores,365,6,9,18087057.0,0.016438
2026-07,SKU00978,Computadores,442,6,9,18087057.0,0.013575
2026-08,SKU00978,Computadores,386,7,8,16077384.0,0.018135
2026-09,SKU00978,Computadores,456,7,9,18087057.0,0.015351
2026-04,SKU00071,Televisores,148,0,0,0.0,0.0
2026-05,SKU00071,Televisores,152,0,0,0.0,0.0
2026-06,SKU00071,Televisores,145,0,0,0.0,0.0
2026-07,SKU00071,Televisores,150,0,0,0.0,0.0
2026-08,SKU00071,Televisores,165,0,0,0.0,0.0
2026-09,SKU00071,Televisores,176,0,0,0.0,0.0
2026-04,SKU00552,Celulares,543,10,12,58471380.0,0.018416
2026-05,SKU00552,Celulares,605,14,16,77961840.0,0.02314
2026-06,SKU00552,Celulares,532,9,14,68216610.0,0.016917
2026-07,SKU00552,Celulares,580,12,15,73089225.0,0.02069
2026-08,SKU00552,Celulares,544,8,12,58471380.0,0.014706
2026-09,SKU00552,Celulares,542,10,12,58471380.0,0.01845
2026-04,SKU00093,Televisores,234,1,1,888703.0,0.004274
2026-05,SKU00093,Televisores,223,1,1,888703.0,0.004484
2026-06,SKU00093,Televisores,271,1,1,888703.0,0.00369
2026-07,SKU00093,Televisores,279,1,1,888703.0,0.003584
2026-08,SKU00093,Televisores,251,1,1,888703.0,0.003984
2026-09,SKU00093,Televisores,249,1,1,888703.0,0.004016
2026-04,SKU00372,Celulares,162,3,5,18854350.0,0.018519
2026-05,SKU00372,Celulares,163,4,4,15083480.0,0.02454
2026-06,SKU00372,Celulares,141,4,4,15083480.0,0.028369
2026-07,SKU00372,Celulares,152,3,4,15083480.0,0.019737
2026-08,SKU00372,Celulares,162,3,4,15083480.0,0.018519
2026-09,SKU00372,Celulares,135,2,3,11312610.0,0.014815
2026-04,SKU00926,Televisores,91,1,1,4001157.0,0.010989
2026-05,SKU00926,Televisores,96,1,1,4001157.0,0.010417
2026-06,SKU00926,Televisores,81,1,1,4001157.0,0.012346
2026-07,SKU00926,Televisores,75,1,1,4001157.0,0.013333
2026-08,SKU00926,Televisores,74,1,1,4001157.0,0.013514
2026-09,SKU00926,Televisores,82,1,1,4001157.0,0.012195
2026-04,SKU00716,Televisores,212,2,2,763496.0,0.009434
2026-05,SKU00716,Televisores,258,2,3,1145244.0,0.007752
2026-06,SKU00716,Televisores,203,2,2,763496.0,0.009852
2026-07,SKU00716,Televisores,233,2,2,763496.0,0.008584
2026-08,SKU00716,Televisores,254,2,3,1145244.0,0.007874
2026-09,SKU00716,Televisores,243,1,2,763496.0,0.004115
2026-04,SKU00244,Electrohogar,457,4,4,15434760.0,0.008753
2026-05,SKU00244,Electrohogar,374,2,3,11576070.0,0.005348
2026-06,SKU00244,Electrohogar,369,2,3,11576070.0,0.00542
2026-07,SKU00244,Electrohogar,482,3,4,15434760.0,0.006224
2026-08,SKU00244,Electrohogar,443,3,4,15434760.0,0.006772
2026-09,SKU00244,Electrohogar,451,3,3,11576070.0,0.006652
2026-04,SKU00248,Computadores,418,6,8,9945312.0,0.014354
2026-05,SKU00248,Computadores,392,5,6,7458984.0,0.012755
2026-06,SKU00248,Computadores,426,4,6,7458984.0,0.00939
2026-07,SKU00248,Computadores,437,5,6,7458984.0,0.011442
2026-08,SKU00248,Computadores,467,4,6,7458984.0,0.008565
2026-09,SKU00248,Computadores,432,6,7,8702148.0,0.013889
2026-04,SKU00084,Televisores,239,1,1,1608812.0,0.004184
2026-05,SKU00084,Televisores,234,1,1,1608812.0,0.004274
2026-06,SKU00084,Televisores,302,1,1,1608812.0,0.003311
2026-07,SKU00084,Televisores,288,1,1,1608812.0,0.003472
2026-08,SKU00084,Televisores,289,1,1,1608812.0,0.00346
2026-09,SKU00084,Televisores,287,1,1,1608812.0,0.003484
2026-04,SKU00908,Computadores,525,11,12,14980056.0,0.020952
2026-05,SKU00908,Computadores,513,9,10,12483380.0,0.017544
2026-06,SKU00908,Computadores,402,5,8,9986704.0,0.012438
2026-07,SKU00908,Computadores,512,8,11,13731718.0,0.015625
2026-08,SKU00908,Computadores,503,7,11,13731718.0,0.013917
2026-09,SKU00908,Computadores,469,5,8,9986704.0,0.010661
2026-04,SKU00398,Computadores,166,3,4,13648088.0,0.018072
2026-05,SKU00398,Computadores,129,3,3,10236066.0,0.023256
2026-06,SKU00398,Computadores,167,4,4,13648088.0,0.023952
2026-07,SKU00398,Computadores,155,3,3,10236066.0,0.019355
2026-08,SKU00398,Computadores,161,3,3,10236066.0,0.018634
2026-09,SKU00398,Computadores,165,2,3,10236066.0,0.012121
2026-04,SKU00059,Electrohogar,330,1,2,3941004.0,0.00303
2026-05,SKU00059,Electrohogar,276,2,2,3941004.0,0.007246
2026-06,SKU00059,Electrohogar,290,2,2,3941004.0,0.006897
2026-07,SKU00059,Electrohogar,324,1,2,3941004.0,0.003086
2026-08,SKU00059,Electrohogar,295,2,2,3941004.0,0.00678
2026-09,SKU00059,Electrohogar,260,1,1,1970502.0,0.003846
2026-04,SKU00383,Computadores,130,2,3,12085341.0,0.015385
2026-05,SKU00383,Computadores,164,3,4,16113788.0,0.018293
2026-06,SKU00383,Computadores,160,3,3,12085341.0,0.01875
2026-07,SKU00383,Computadores,138,3,3,12085341.0,0.021739
2026-08,SKU00383,Computadores,145,3,3,12085341.0,0.02069
2026-09,SKU00383,Computadores,166,3,3,12085341.0,0.018072
2026-04,SKU00436,Televisores,514,4,5,18694985.0,0.007782
2026-05,SKU00436,Televisores,516,4,5,18694985.0,0.007752
2026-06,SKU00436,Televisores,463,5,5,18694985.0,0.010799
2026-07,SKU00436,Televisores,585,6,6,22433982.0,0.010256
2026-08,SKU00436,Televisores,510,5,5,18694985.0,0.009804
2026-09,SKU00436,Televisores,482,4,4,14955988.0,0.008299
2026-04,SKU00739,Electrohogar,374,3,4,7965616.0,0.008021
2026-05,SKU00739,Electrohogar,365,3,4,7965616.0,0.008219
2026-06,SKU00739,Electrohogar,359,3,4,7965616.0,0.008357
2026-07,SKU00739,Electrohogar,398,3,4,7965616.0,0.007538
2026-08,SKU00739,Electrohogar,373,3,4,7965616.0,0.008043
2026-09,SKU00739,Electrohogar,422,3,4,7965616.0,0.007109
2026-04,SKU00230,Videojuegos,471,7,10,10070320.0,0.014862
2026-05,SKU00230,Videojuegos,437,6,9,9063288.0,0.01373
2026-06,SKU00230,Videojuegos,482,6,9,9063288.0,0.012448
2026-07,SKU00230,Videojuegos,477,9,11,11077352.0,0.018868
2026-08,SKU00230,Videojuegos,421,7,8,8056256.0,0.016627
2026-09,SKU00230,Videojuegos,444,6,7,7049224.0,0.013514
2026-04,SKU00373,Computadores,564,9,11,14237454.0,0.015957
2026-05,SKU00373,Computadores,481,8,9,11648826.0,0.016632
2026-06,SKU00373,Computadores,514,9,10,12943140.0,0.01751
2026-07,SKU00373,Computadores,604,9,13,16826082.0,0.014901
2026-08,SKU00373,Computadores,483,5,8,10354512.0,0.010352
2026-09,SKU00373,Computadores,476,7,9,11648826.0,0.014706
2026-04,SKU00494,Electrohogar,494,3,5,19422730.0,0.006073
2026-05,SKU00494,Electrohogar,434,6,6,23307276.0,0.013825
2026-06,SKU00494,Electrohogar,388,3,4,15538184.0,0.007732
2026-07,SKU00494,Electrohogar,474,5,5,19422730.0,0.010549
2026-08,SKU00494,Electrohogar,507,5,6,23307276.0,0.009862
2026-09,SKU00494,Electrohogar,412,3,4,15538184.0,0.007282
2026-04,SKU00886,Televisores,109,1,1,3054990.0,0.009174
2026-05,SKU00886,Televisores,98,1,1,3054990.0,0.010204
2026-06,SKU00886,Televisores,99,1,1,3054990.0,0.010101
2026-07,SKU00886,Televisores,107,1,1,3054990.0,0.009346
2026-08,SKU00886,Televisores,116,1,1,3054990.0,0.008621
2026-09,SKU00886,Televisores,123,1,1,3054990.0,0.00813
2026-04,SKU00165,Videojuegos,425,6,6,11068596.0,0.014118
2026-05,SKU00165,Videojuegos,404,4,5,9223830.0,0.009901
2026-06,SKU00165,Videojuegos,382,4,5,9223830.0,0.010471
2026-07,SKU00165,Videojuegos,423,5,6,11068596.0,0.01182
2026-08,SKU00165,Videojuegos,374,4,5,9223830.0,0.010695
2026-09,SKU00165,Videojuegos,325,3,4,7379064.0,0.009231
2026-04,SKU00067,Celulares,200,2,3,2626764.0,0.01
2026-05,SKU00067,Celulares,182,3,3,2626764.0,0.016484
2026-06,SKU00067,Celulares,168,1,2,1751176.0,0.005952
2026-07,SKU00067,Celulares,169,1,2,1751176.0,0.005917
2026-08,SKU00067,Celulares,168,1,2,1751176.0,0.005952
2026-09,SKU00067,Celulares,200,2,2,1751176.0,0.01
2026-04,SKU00370,Videojuegos,95,3,3,933930.0,0.031579
2026-05,SKU00370,Videojuegos,108,2,3,933930.0,0.018519
2026-06,SKU00370,Videojuegos,105,2,3,933930.0,0.019048
2026-07,SKU00370,Videojuegos,104,2,3,933930.0,0.019231
2026-08,SKU00370,Videojuegos,92,3,3,933930.0,0.032609
2026-09,SKU00370,Videojuegos,112,2,3,933930.0,0.017857
2026-04,SKU00703,Computadores,353,8,8,18865264.0,0.022663
2026-05,SKU00703,Computadores,415,6,8,18865264.0,0.014458
2026-06,SKU00703,Computadores,370,8,9,21223422.0,0.021622
2026-07,SKU00703,Computadores,356,4,6,14148948.0,0.011236
2026-08,SKU00703,Computadores,357,5,6,14148948.0,0.014006
2026-09,SKU00703,Computadores,429,5,7,16507106.0,0.011655
2026-04,SKU00616,Televisores,434,3,4,16024452.0,0.006912
2026-05,SKU00616,Televisores,434,3,4,16024452.0,0.006912
2026-06,SKU00616,Televisores,544,4,6,24036678.0,0.007353
2026-07,SKU00616,Televisores,521,5,5,20030565.0,0.009597
2026-08,SKU00616,Televisores,418,3,4,16024452.0,0.007177
2026-09,SKU00616,Televisores,413,3,4,16024452.0,0.007264
2026-04,SKU00353,Computadores,121,2,2,6117548.0,0.016529
2026-05,SKU00353,Computadores,128,2,3,9176322.0,0.015625
2026-06,SKU00353,Computadores,117,2,2,6117548.0,0.017094
2026-07,SKU00353,Computadores,111,1,2,6117548.0,0.009009
2026-08,SKU00353,Computadores,113,1,2,6117548.0,0.00885
2026-09,SKU00353,Computadores,133,3,3,9176322.0,0.022556
2026-04,SKU00928,Computadores,519,11,13,4993183.0,0.021195
2026-05,SKU00928,Computadores,594,10,14,5377274.0,0.016835
2026-06,SKU00928,Computadores,557,8,11,4225001.0,0.014363
2026-07,SKU00928,Computadores,585,10,13,4993183.0,0.017094
2026-08,SKU00928,Computadores,529,8,9,3456819.0,0.015123
2026-09,SKU00928,Computadores,533,8,11,4225001.0,0.015009
2026-04,SKU00876,Televisores,98,1,1,3502719.0,0.010204
2026-05,SKU00876,Televisores,88,1,1,3502719.0,0.011364
2026-06,SKU00876,Televisores,87,1,1,3502719.0,0.011494
2026-07,SKU00876,Televisores,74,1,1,3502719.0,0.013514
2026-08,SKU00876,Televisores,83,1,1,3502719.0,0.012048
2026-09,SKU00876,Televisores,89,1,1,3502719.0,0.011236
2026-04,SKU00677,Celulares,221,5,6,28682574.0,0.022624
2026-05,SKU00677,Celulares,227,6,6,28682574.0,0.026432
2026-06,SKU00677,Celulares,273,6,7,33463003.0,0.021978
2026-07,SKU00677,Celulares,268,6,7,33463003.0,0.022388
2026-08,SKU00677,Celulares,246,5,6,28682574.0,0.020325
2026-09,SKU00677,Celulares,230,4,5,23902145.0,0.017391
2026-04,SKU00936,Televisores,174,2,2,4103670.0,0.011494
2026-05,SKU00936,Televisores,161,1,2,4103670.0,0.006211
2026-06,SKU00936,Televisores,172,2,2,4103670.0,0.011628
2026-07,SKU00936,Televisores,173,2,2,4103670.0,0.011561
2026-08,SKU00936,Televisores,183,2,2,4103670.0,0.010929
2026-09,SKU00936,Televisores,172,1,2,4103670.0,0.005814
2026-04,SKU00047,Celulares,479,5,5,0.0,0.010438
2026-05,SKU00047,Celulares,461,4,5,0.0,0.008677
2026-06,SKU00047,Celulares,440,5,6,0.0,0.011364
2026-07,SKU00047,Celulares,485,4,6,0.0,0.008247
2026-08,SKU00047,Celulares,494,3,5,0.0,0.006073
2026-09,SKU00047,Celulares,419,3,4,0.0,0.00716
2026-04,SKU00083,Televisores,217,1,1,1370641.0,0.004608
2026-05,SKU00083,Televisores,220,1,1,1370641.0,0.004545
2026-06,SKU00083,Televisores,195,1,1,1370641.0,0.005128
2026-07,SKU00083,Televisores,191,1,1,1370641.0,0.005236
2026-08,SKU00083,Televisores,211,1,1,1370641.0,0.004739
2026-09,SKU00083,Televisores,238,1,1,1370641.0,0.004202
2026-04,SKU00947,Celulares,296,7,8,24567504.0,0.023649
2026-05,SKU00947,Celulares,299,6,7,21496566.0,0.020067
2026-06,SKU00947,Celulares,320,7,8,24567504.0,0.021875
2026-07,SKU00947,Celulares,250,5,7,21496566.0,0.02
2026-08,SKU00947,Celulares,274,6,6,18425628.0,0.021898
2026-09,SKU00947,Celulares,296,5,6,18425628.0,0.016892
2026-04,SKU00698,Computadores,239,4,6,11235516.0,0.016736
2026-05,SKU00698,Computadores,244,3,5,9362930.0,0.012295
2026-06,SKU00698,Computadores,257,4,5,9362930.0,0.015564
2026-07,SKU00698,Computadores,305,5,6,11235516.0,0.016393
2026-08,SKU00698,Computadores,255,4,5,9362930.0,0.015686
2026-09,SKU00698,Computadores,265,3,5,9362930.0,0.011321
2026-04,SKU00897,Celulares,274,4,6,8631150.0,0.014599
2026-05,SKU00897,Celulares,277,6,8,11508200.0,0.021661
2026-06,SKU00897,Celulares,344,8,9,12946725.0,0.023256
2026-07,SKU00897,Celulares,306,6,7,10069675.0,0.019608
2026-08,SKU00897,Celulares,342,6,7,10069675.0,0.017544
2026-09,SKU00897,Celulares,311,5,6,8631150.0,0.016077
2026-04,SKU00229,Electrohogar,322,2,3,4789662.0,0.006211
2026-05,SKU00229,Electrohogar,325,2,3,4789662.0,0.006154
2026-06,SKU00229,Electrohogar,312,2,2,3193108.0,0.00641
2026-07,SKU00229,Electrohogar,394,2,3,4789662.0,0.005076
2026-08,SKU00229,Electrohogar,302,2,2,3193108.0,0.006623
2026-09,SKU00229,Electrohogar,398,3,3,4789662.0,0.007538
2026-04,SKU00182,Celulares,476,9,10,45749740.0,0.018908
2026-05,SKU00182,Celulares,465,9,10,45749740.0,0.019355
2026-06,SKU00182,Celulares,421,6,8,36599792.0,0.014252
2026-07,SKU00182,Celulares,461,6,8,36599792.0,0.013015
2026-08,SKU00182,Celulares,520,7,8,36599792.0,0.013462
2026-09,SKU00182,Celulares,473,8,8,36599792.0,0.016913
2026-04,SKU00477,Celulares,405,7,10,21471780.0,0.017284
2026-05,SKU00477,Celulares,383,8,9,19324602.0,0.020888
2026-06,SKU00477,Celulares,378,6,9,19324602.0,0.015873
2026-07,SKU00477,Celulares,353,7,8,17177424.0,0.01983
2026-08,SKU00477,Celulares,347,5,7,15030246.0,0.014409
2026-09,SKU00477,Celulares,359,6,8,17177424.0,0.016713
2026-04,SKU00388,Computadores,488,8,11,39576361.0,0.016393
2026-05,SKU00388,Computadores,453,7,9,32380659.0,0.015453
2026-06,SKU00388,Computadores,432,7,10,35978510.0,0.016204
2026-07,SKU00388,Computadores,461,9,11,39576361.0,0.019523
2026-08,SKU00388,Computadores,455,7,8,28782808.0,0.015385
2026-09,SKU00388,Computadores,419,7,8,28782808.0,0.016706
2026-04,SKU00715,Videojuegos,173,4,5,8239375.0,0.023121
2026-05,SKU00715,Videojuegos,152,4,5,8239375.0,0.026316
2026-06,SKU00715,Videojuegos,185,6,6,9887250.0,0.032432
2026-07,SKU00715,Videojuegos,155,4,4,6591500.0,0.025806
2026-08,SKU00715,Videojuegos,185,4,5,8239375.0,0.021622
2026-09,SKU00715,Videojuegos,152,4,4,6591500.0,0.026316
2026-04,SKU00590,Videojuegos,125,2,3,10230966.0,0.016
2026-05,SKU00590,Videojuegos,126,3,4,13641288.0,0.02381
2026-06,SKU00590,Videojuegos,111,3,3,10230966.0,0.027027
2026-07,SKU00590,Videojuegos,110,3,3,10230966.0,0.027273
2026-08,SKU00590,Videojuegos,129,2,3,10230966.0,0.015504
2026-09,SKU00590,Videojuegos,109,2,3,10230966.0,0.018349
2026-04,SKU00356,Televisores,377,4,4,916636.0,0.01061
2026-05,SKU00356,Televisores,336,3,3,687477.0,0.008929
2026-06,SKU00356,Televisores,347,3,3,687477.0,0.008646
2026-07,SKU00356,Televisores,329,3,3,687477.0,0.009119
2026-08,SKU00356,Televisores,383,3,3,687477.0,0.007833
2026-09,SKU00356,Televisores,346,2,3,687477.0,0.00578
2026-04,SKU00072,Celulares,248,2,3,2613951.0,0.008065
2026-05,SKU00072,Celulares,292,4,4,3485268.0,0.013699
2026-06,SKU00072,Celulares,295,3,4,3485268.0,0.010169
2026-07,SKU00072,Celulares,228,3,3,2613951.0,0.013158
2026-08,SKU00072,Celulares,268,3,3,2613951.0,0.011194
2026-09,SKU00072,Celulares,266,3,3,2613951.0,0.011278
2026-04,SKU00566,Televisores,235,2,3,2194038.0,0.008511
2026-05,SKU00566,Televisores,295,2,3,2194038.0,0.00678
2026-06,SKU00566,Televisores,288,2,3,2194038.0,0.006944
2026-07,SKU00566,Televisores,240,2,2,1462692.0,0.008333
2026-08,SKU00566,Televisores,230,1,2,1462692.0,0.004348
2026-09,SKU00566,Televisores,269,2,2,1462692.0,0.007435
2026-04,SKU00147,Celulares,272,3,4,1019580.0,0.011029
2026-05,SKU00147,Celulares,227,3,3,764685.0,0.013216
2026-06,SKU00147,Celulares,208,2,3,764685.0,0.009615
2026-07,SKU00147,Celulares,260,3,3,764685.0,0.011538
2026-08,SKU00147,Celulares,254,2,2,509790.0,0.007874
2026-09,SKU00147,Celulares,254,2,2,509790.0,0.007874
2026-04,SKU00016,Televisores,499,1,2,1266940.0,0.002004
2026-05,SKU00016,Televisores,426,1,2,1266940.0,0.002347
2026-06,SKU00016,Televisores,501,1,2,1266940.0,0.001996
2026-07,SKU00016,Televisores,425,1,2,1266940.0,0.002353
2026-08,SKU00016,Televisores,496,2,2,1266940.0,0.004032
2026-09,SKU00016,Televisores,483,2,2,1266940.0,0.004141
2026-04,SKU00343,Computadores,510,9,11,13447874.0,0.017647
2026-05,SKU00343,Computadores,530,11,12,14670408.0,0.020755
2026-06,SKU00343,Computadores,505,10,11,13447874.0,0.019802
2026-07,SKU00343,Computadores,656,11,15,18338010.0,0.016768
2026-08,SKU00343,Computadores,580,9,11,13447874.0,0.015517
2026-09,SKU00343,Computadores,572,7,10,12225340.0,0.012238
2026-04,SKU00727,Celulares,475,8,12,42267564.0,0.016842
2026-05,SKU00727,Celulares,613,15,18,63401346.0,0.02447
2026-06,SKU00727,Celulares,535,9,12,42267564.0,0.016822
2026-07,SKU00727,Celulares,565,11,12,42267564.0,0.019469
2026-08,SKU00727,Celulares,529,11,12,42267564.0,0.020794
2026-09,SKU00727,Celulares,481,10,12,42267564.0,0.02079
2026-04,SKU00130,Videojuegos,280,3,4,8747068.0,0.010714
2026-05,SKU00130,Videojuegos,259,3,4,8747068.0,0.011583
2026-06,SKU00130,Videojuegos,256,3,4,8747068.0,0.011719
2026-07,SKU00130,Videojuegos,267,4,4,8747068.0,0.014981
2026-08,SKU00130,Videojuegos,239,3,3,6560301.0,0.012552
2026-09,SKU00130,Videojuegos,277,2,3,6560301.0,0.00722
2026-04,SKU00105,Televisores,104,0,0,0.0,0.0
2026-05,SKU00105,Televisores,109,0,0,0.0,0.0
2026-06,SKU00105,Televisores,103,1,1,2370961.0,0.009709
2026-07,SKU00105,Televisores,104,0,0,0.0,0.0
2026-08,SKU00105,Televisores,124,1,1,2370961.0,0.008065
2026-09,SKU00105,Televisores,131,1,1,2370961.0,0.007634
2026-04,SKU00511,Televisores,334,0,0,0.0,0.0
2026-05,SKU00511,Televisores,315,0,0,0.0,0.0
2026-06,SKU00511,Televisores,308,0,0,0.0,0.0
2026-07,SKU00511,Televisores,268,0,0,0.0,0.0
2026-08,SKU00511,Televisores,315,0,0,0.0,0.0
2026-09,SKU00511,Televisores,273,0,0,0.0,0.0
2026-04,SKU00951,Televisores,501,0,0,0.0,0.0
2026-05,SKU00951,Televisores,508,0,0,0.0,0.0
2026-06,SKU00951,Televisores,586,0,0,0.0,0.0
2026-07,SKU00951,Televisores,529,0,0,0.0,0.0
2026-08,SKU00951,Televisores,513,0,0,0.0,0.0
2026-09,SKU00951,Televisores,494,0,0,0.0,0.0
2026-04,SKU00970,Videojuegos,231,6,7,5812548.0,0.025974
2026-05,SKU00970,Videojuegos,262,7,8,6642912.0,0.026718
2026-06,SKU00970,Videojuegos,243,7,7,5812548.0,0.028807
2026-07,SKU00970,Videojuegos,253,6,8,6642912.0,0.023715
2026-08,SKU00970,Videojuegos,260,6,7,5812548.0,0.023077
2026-09,SKU00970,Videojuegos,257,5,7,5812548.0,0.019455
2026-04,SKU00012,Celulares,488,5,6,13613766.0,0.010246
2026-05,SKU00012,Celulares,437,5,5,11344805.0,0.011442
2026-06,SKU00012,Celulares,450,4,6,13613766.0,0.008889
2026-07,SKU00012,Celulares,558,6,7,15882727.0,0.010753
2026-08,SKU00012,Celulares,511,4,6,13613766.0,0.007828
2026-09,SKU00012,Celulares,565,6,6,13613766.0,0.010619
2026-04,SKU00997,Celulares,252,6,7,7544852.0,0.02381
2026-05,SKU00997,Celulares,262,6,6,6467016.0,0.022901
2026-06,SKU00997,Celulares,230,5,6,6467016.0,0.021739
2026-07,SKU00997,Celulares,245,5,7,7544852.0,0.020408
2026-08,SKU00997,Celulares,248,4,6,6467016.0,0.016129
2026-09,SKU00997,Celulares,265,5,6,6467016.0,0.018868
2026-04,SKU00111,Electrohogar,287,0,0,0.0,0.0
2026-05,SKU00111,Electrohogar,307,0,0,0.0,0.0
2026-06,SKU00111,Electrohogar,290,0,0,0.0,0.0
2026-07,SKU00111,Electrohogar,311,0,0,0.0,0.0
2026-08,SKU00111,Electrohogar,356,0,0,0.0,0.0
2026-09,SKU00111,Electrohogar,281,0,0,0.0,0.0
2026-04,SKU00644,Electrohogar,427,4,5,12391120.0,0.009368
2026-05,SKU00644,Electrohogar,443,4,5,12391120.0,0.009029
2026-06,SKU00644,Electrohogar,505,5,6,14869344.0,0.009901
2026-07,SKU00644,Electrohogar,447,4,5,12391120.0,0.008949
2026-08,SKU00644,Electrohogar,454,3,4,9912896.0,0.006608
2026-09,SKU00644,Electrohogar,427,3,4,9912896.0,0.007026
2026-04,SKU00466,Televisores,164,1,2,8933734.0,0.006098
2026-05,SKU00466,Televisores,171,2,2,8933734.0,0.011696
2026-06,SKU00466,Televisores,164,1,1,4466867.0,0.006098
2026-07,SKU00466,Televisores,147,1,1,4466867.0,0.006803
2026-08,SKU00466,Televisores,153,1,1,4466867.0,0.006536
2026-09,SKU00466,Televisores,160,1,1,4466867.0,0.00625
2026-04,SKU00264,Electrohogar,87,1,1,4664544.0,0.011494
2026-05,SKU00264,Electrohogar,91,1,1,4664544.0,0.010989
2026-06,SKU00264,Electrohogar,88,1,1,4664544.0,0.011364
2026-07,SKU00264,Electrohogar,83,1,1,4664544.0,0.012048
2026-08,SKU00264,Electrohogar,72,1,1,4664544.0,0.013889
2026-09,SKU00264,Electrohogar,89,1,1,4664544.0,0.011236
2026-04,SKU00529,Electrohogar,528,5,6,22353960.0,0.00947
2026-05,SKU00529,Electrohogar,497,4,5,18628300.0,0.008048
2026-06,SKU00529,Electrohogar,541,5,6,22353960.0,0.009242
2026-07,SKU00529,Electrohogar,588,5,6,22353960.0,0.008503
2026-08,SKU00529,Electrohogar,572,5,5,18628300.0,0.008741
2026-09,SKU00529,Electrohogar,575,6,7,26079620.0,0.010435
2026-04,SKU00682,Celulares,591,11,15,60150300.0,0.018613
2026-05,SKU00682,Celulares,589,12,14,56140280.0,0.020374
2026-06,SKU00682,Celulares,578,15,17,68170340.0,0.025952
2026-07,SKU00682,Celulares,515,11,13,52130260.0,0.021359
2026-08,SKU00682,Celulares,546,8,12,48120240.0,0.014652
2026-09,SKU00682,Celulares,568,11,13,52130260.0,0.019366
2026-04,SKU00866,Televisores,381,2,3,7642089.0,0.005249
2026-05,SKU00866,Televisores,374,3,3,7642089.0,0.008021
2026-06,SKU00866,Televisores,456,3,4,10189452.0,0.006579
2026-07,SKU00866,Televisores,484,4,5,12736815.0,0.008264
2026-08,SKU00866,Televisores,475,3,4,10189452.0,0.006316
2026-09,SKU00866,Televisores,358,2,3,7642089.0,0.005587
2026-04,SKU00693,Computadores,456,9,10,9966090.0,0.019737
2026-05,SKU00693,Computadores,484,8,10,9966090.0,0.016529
2026-06,SKU00693,Computadores,477,9,10,9966090.0,0.018868
2026-07,SKU00693,Computadores,473,8,9,8969481.0,0.016913
2026-08,SKU00693,Computadores,474,8,11,10962699.0,0.016878
2026-09,SKU00693,Computadores,460,5,7,6976263.0,0.01087
2026-04,SKU00004,Electrohogar,426,1,2,633224.0,0.002347
2026-05,SKU00004,Electrohogar,430,2,3,949836.0,0.004651
2026-06,SKU00004,Electrohogar,416,2,3,949836.0,0.004808
2026-07,SKU00004,Electrohogar,354,2,2,633224.0,0.00565
2026-08,SKU00004,Electrohogar,358,1,2,633224.0,0.002793
2026-09,SKU00004,Electrohogar,366,2,2,633224.0,0.005464
2026-04,SKU00528,Computadores,79,1,2,2784130.0,0.012658
2026-05,SKU00528,Computadores,79,1,2,2784130.0,0.012658
2026-06,SKU00528,Computadores,82,2,2,2784130.0,0.02439
2026-07,SKU00528,Computadores,91,2,2,2784130.0,0.021978
2026-08,SKU00528,Computadores,89,2,2,2784130.0,0.022472
2026-09,SKU00528,Computadores,85,2,2,2784130.0,0.023529
2026-04,SKU00125,Videojuegos,485,7,8,22623088.0,0.014433
2026-05,SKU00125,Videojuegos,584,7,10,28278860.0,0.011986
2026-06,SKU00125,Videojuegos,481,6,7,19795202.0,0.012474
2026-07,SKU00125,Videojuegos,570,5,7,19795202.0,0.008772
2026-08,SKU00125,Videojuegos,535,5,7,19795202.0,0.009346
2026-09,SKU00125,Videojuegos,541,7,7,19795202.0,0.012939
2026-04,SKU00204,Electrohogar,320,2,3,8615697.0,0.00625
2026-05,SKU00204,Electrohogar,383,3,4,11487596.0,0.007833
2026-06,SKU00204,Electrohogar,346,3,3,8615697.0,0.008671
2026-07,SKU00204,Electrohogar,350,2,3,8615697.0,0.005714
2026-08,SKU00204,Electrohogar,326,2,3,8615697.0,0.006135
2026-09,SKU00204,Electrohogar,341,3,3,8615697.0,0.008798
2026-04,SKU00485,Videojuegos,313,8,8,15468536.0,0.025559
2026-05,SKU00485,Videojuegos,409,10,13,25136371.0,0.02445
2026-06,SKU00485,Videojuegos,309,7,8,15468536.0,0.022654
2026-07,SKU00485,Videojuegos,383,8,11,21269237.0,0.020888
2026-08,SKU00485,Videojuegos,393,7,10,19335670.0,0.017812
2026-09,SKU00485,Videojuegos,378,7,9,17402103.0,0.018519
2026-04,SKU00395,Videojuegos,238,4,6,13761084.0,0.016807
2026-05,SKU00395,Videojuegos,185,4,5,11467570.0,0.021622
2026-06,SKU00395,Videojuegos,202,5,7,16054598.0,0.024752
2026-07,SKU00395,Videojuegos,222,5,6,13761084.0,0.022523
2026-08,SKU00395,Videojuegos,191,4,5,11467570.0,0.020942
2026-09,SKU00395,Videojuegos,191,3,4,9174056.0,0.015707
2026-04,SKU00272,Celulares,524,10,13,13891735.0,0.019084
2026-05,SKU00272,Celulares,586,11,15,16028925.0,0.018771
2026-06,SKU00272,Celulares,525,11,14,14960330.0,0.020952
2026-07,SKU00272,Celulares,469,12,13,13891735.0,0.025586
2026-08,SKU00272,Celulares,482,8,11,11754545.0,0.016598
2026-09,SKU00272,Celulares,480,9,11,11754545.0,0.01875
2026-04,SKU00304,Electrohogar,253,2,3,7686309.0,0.007905
2026-05,SKU00304,Electrohogar,238,2,3,7686309.0,0.008403
2026-06,SKU00304,Electrohogar,262,2,3,7686309.0,0.007634
2026-07,SKU00304,Electrohogar,247,2,3,7686309.0,0.008097
2026-08,SKU00304,Electrohogar,286,3,3,7686309.0,0.01049
2026-09,SKU00304,Electrohogar,248,1,2,5124206.0,0.004032
2026-04,SKU00547,Celulares,452,7,10,41941560.0,0.015487
2026-05,SKU00547,Celulares,520,12,15,62912340.0,0.023077
2026-06,SKU00547,Celulares,531,12,14,58718184.0,0.022599
2026-07,SKU00547,Celulares,537,9,13,54524028.0,0.01676
2026-08,SKU00547,Celulares,503,12,13,54524028.0,0.023857
2026-09,SKU00547,Celulares,468,8,11,46135716.0,0.017094
2026-04,SKU00394,Electrohogar,353,3,4,18881084.0,0.008499
2026-05,SKU00394,Electrohogar,409,4,5,23601355.0,0.00978
2026-06,SKU00394,Electrohogar,418,4,5,23601355.0,0.009569
2026-07,SKU00394,Electrohogar,363,3,4,18881084.0,0.008264
2026-08,SKU00394,Electrohogar,334,2,3,14160813.0,0.005988
2026-09,SKU00394,Electrohogar,371,3,4,18881084.0,0.008086
2026-04,SKU00175,Videojuegos,115,2,2,9061106.0,0.017391
2026-05,SKU00175,Videojuegos,119,1,2,9061106.0,0.008403
2026-06,SKU00175,Videojuegos,137,2,2,9061106.0,0.014599
2026-07,SKU00175,Videojuegos,137,1,2,9061106.0,0.007299
2026-08,SKU00175,Videojuegos,146,1,2,9061106.0,0.006849
2026-09,SKU00175,Videojuegos,114,1,1,4530553.0,0.008772
2026-04,SKU00189,Electrohogar,173,1,2,9808718.0,0.00578
2026-05,SKU00189,Electrohogar,174,1,1,4904359.0,0.005747
2026-06,SKU00189,Electrohogar,165,2,2,9808718.0,0.012121
2026-07,SKU00189,Electrohogar,185,2,2,9808718.0,0.010811
2026-08,SKU00189,Electrohogar,162,1,1,4904359.0,0.006173
2026-09,SKU00189,Electrohogar,188,1,1,4904359.0,0.005319
2026-04,SKU00116,Televisores,371,1,2,7017152.0,0.002695
2026-05,SKU00116,Televisores,419,1,2,7017152.0,0.002387
2026-06,SKU00116,Televisores,450,2,2,7017152.0,0.004444
2026-07,SKU00116,Televisores,408,2,2,7017152.0,0.004902
2026-08,SKU00116,Televisores,370,1,1,3508576.0,0.002703
2026-09,SKU00116,Televisores,456,1,2,7017152.0,0.002193
2026-04,SKU00339,Electrohogar,378,4,5,20025170.0,0.010582
2026-05,SKU00339,Electrohogar,418,6,6,24030204.0,0.014354
2026-06,SKU00339,Electrohogar,327,3,4,16020136.0,0.009174
2026-07,SKU00339,Electrohogar,344,3,4,16020136.0,0.008721
2026-08,SKU00339,Electrohogar,426,4,4,16020136.0,0.00939
2026-09,SKU00339,Electrohogar,408,4,5,20025170.0,0.009804
2026-04,SKU00821,Televisores,591,0,0,0.0,0.0
2026-05,SKU00821,Televisores,549,0,0,0.0,0.0
2026-06,SKU00821,Televisores,606,0,0,0.0,0.0
2026-07,SKU00821,Televisores,608,0,0,0.0,0.0
2026-08,SKU00821,Televisores,513,0,0,0.0,0.0
2026-09,SKU00821,Televisores,507,0,0,0.0,0.0
2026-04,SKU00995,Videojuegos,581,15,17,11543646.0,0.025818
2026-05,SKU00995,Videojuegos,486,11,13,8827494.0,0.022634
2026-06,SKU00995,Videojuegos,610,15,18,12222684.0,0.02459
2026-07,SKU00995,Videojuegos,540,12,16,10864608.0,0.022222
2026-08,SKU00995,Videojuegos,518,12,14,9506532.0,0.023166
2026-09,SKU00995,Videojuegos,635,13,16,10864608.0,0.020472
2026-04,SKU00689,Electrohogar,553,7,8,633088.0,0.012658
2026-05,SKU00689,Electrohogar,476,5,5,395680.0,0.010504
2026-06,SKU00689,Electrohogar,480,5,6,474816.0,0.010417
2026-07,SKU00689,Electrohogar,499,4,5,395680.0,0.008016
2026-08,SKU00689,Electrohogar,528,5,6,474816.0,0.00947
2026-09,SKU00689,Electrohogar,569,6,6,474816.0,0.010545
2026-04,SKU00678,Computadores,603,12,15,39526695.0,0.0199
2026-05,SKU00678,Computadores,576,13,14,36891582.0,0.022569
2026-06,SKU00678,Computadores,561,10,12,31621356.0,0.017825
2026-07,SKU00678,Computadores,564,8,11,28986243.0,0.014184
2026-08,SKU00678,Computadores,561,11,12,31621356.0,0.019608
2026-09,SKU00678,Computadores,481,6,8,21080904.0,0.012474
2026-04,SKU00256,Televisores,662,5,7,34826008.0,0.007553
2026-05,SKU00256,Televisores,594,3,5,24875720.0,0.005051
2026-06,SKU00256,Televisores,646,4,6,29850864.0,0.006192
2026-07,SKU00256,Televisores,527,4,5,24875720.0,0.00759
2026-08,SKU00256,Televisores,542,4,5,24875720.0,0.00738
2026-09,SKU00256,Televisores,664,5,6,29850864.0,0.00753
2026-04,SKU00056,Televisores,85,0,0,0.0,0.0
2026-05,SKU00056,Televisores,75,0,0,0.0,0.0
2026-06,SKU00056,Televisores,89,0,0,0.0,0.0
2026-07,SKU00056,Televisores,80,0,0,0.0,0.0
2026-08,SKU00056,Televisores,69,0,0,0.0,0.0
2026-09,SKU00056,Televisores,69,0,0,0.0,0.0
2026-04,SKU00613,Computadores,632,11,12,19804968.0,0.017405
2026-05,SKU00613,Computadores,565,11,14,23105796.0,0.019469
2026-06,SKU00613,Computadores,555,9,13,21455382.0,0.016216
2026-07,SKU00613,Computadores,585,8,12,19804968.0,0.013675
2026-08,SKU00613,Computadores,666,11,14,23105796.0,0.016517
2026-09,SKU00613,Computadores,557,8,10,16504140.0,0.014363
2026-04,SKU00489,Electrohogar,441,4,5,3572965.0,0.00907
2026-05,SKU00489,Electrohogar,363,4,4,2858372.0,0.011019
2026-06,SKU00489,Electrohogar,387,4,4,2858372.0,0.010336
2026-07,SKU00489,Electrohogar,361,3,4,2858372.0,0.00831
2026-08,SKU00489,Electrohogar,458,3,4,2858372.0,0.00655
2026-09,SKU00489,Electrohogar,353,4,4,2858372.0,0.011331
2026-04,SKU00418,Computadores,457,7,9,33383475.0,0.015317
2026-05,SKU00418,Computadores,538,10,13,48220575.0,0.018587
2026-06,SKU00418,Computadores,490,9,10,37092750.0,0.018367
2026-07,SKU00418,Computadores,448,8,9,33383475.0,0.017857
2026-08,SKU00418,Computadores,533,10,11,40802025.0,0.018762
2026-09,SKU00418,Computadores,431,6,8,29674200.0,0.013921
2026-04,SKU00495,Videojuegos,357,8,9,40920705.0,0.022409
2026-05,SKU00495,Videojuegos,328,8,9,40920705.0,0.02439
2026-06,SKU00495,Videojuegos,316,8,9,40920705.0,0.025316
2026-07,SKU00495,Videojuegos,297,7,8,36373960.0,0.023569
2026-08,SKU00495,Videojuegos,316,6,9,40920705.0,0.018987
2026-09,SKU00495,Videojuegos,359,6,8,36373960.0,0.016713
2026-04,SKU00728,Computadores,278,4,6,7644528.0,0.014388
2026-05,SKU00728,Computadores,269,6,7,8918616.0,0.022305
2026-06,SKU00728,Computadores,259,5,6,7644528.0,0.019305
2026-07,SKU00728,Computadores,259,4,6,7644528.0,0.015444
2026-08,SKU00728,Computadores,219,3,5,6370440.0,0.013699
2026-09,SKU00728,Computadores,243,3,5,6370440.0,0.012346
2026-04,SKU00211,Televisores,454,0,0,0.0,0.0
2026-05,SKU00211,Televisores,416,0,0,0.0,0.0
2026-06,SKU00211,Televisores,404,0,0,0.0,0.0
2026-07,SKU00211,Televisores,389,0,0,0.0,0.0
2026-08,SKU00211,Televisores,373,0,0,0.0,0.0
2026-09,SKU00211,Televisores,382,0,0,0.0,0.0
2026-04,SKU00744,Electrohogar,524,5,7,1045891.0,0.009542
2026-05,SKU00744,Electrohogar,478,4,5,747065.0,0.008368
2026-06,SKU00744,Electrohogar,441,4,5,747065.0,0.00907
2026-07,SKU00744,Electrohogar,478,3,5,747065.0,0.006276
2026-08,SKU00744,Electrohogar,441,3,4,597652.0,0.006803
2026-09,SKU00744,Electrohogar,456,4,5,747065.0,0.008772
2026-04,SKU00927,Celulares,182,4,5,3082520.0,0.021978
2026-05,SKU00927,Celulares,217,5,6,3699024.0,0.023041
2026-06,SKU00927,Celulares,172,3,4,2466016.0,0.017442
2026-07,SKU00927,Celulares,174,3,4,2466016.0,0.017241
2026-08,SKU00927,Celulares,200,4,5,3082520.0,0.02
2026-09,SKU00927,Celulares,196,3,4,2466016.0,0.015306
2026-04,SKU00335,Videojuegos,249,5,8,26879448.0,0.02008
2026-05,SKU00335,Videojuegos,314,6,9,30239379.0,0.019108
2026-06,SKU00335,Videojuegos,298,5,8,26879448.0,0.016779
2026-07,SKU00335,Videojuegos,241,7,8,26879448.0,0.029046
2026-08,SKU00335,Videojuegos,286,5,7,23519517.0,0.017483
2026-09,SKU00335,Videojuegos,314,6,7,23519517.0,0.019108
2026-04,SKU00274,Electrohogar,452,5,5,23353860.0,0.011062
2026-05,SKU00274,Electrohogar,463,4,6,28024632.0,0.008639
2026-06,SKU00274,Electrohogar,396,5,5,23353860.0,0.012626
2026-07,SKU00274,Electrohogar,456,4,5,23353860.0,0.008772
2026-08,SKU00274,Electrohogar,422,3,5,23353860.0,0.007109
2026-09,SKU00274,Electrohogar,401,3,4,18683088.0,0.007481
2026-04,SKU00923,Computadores,590,14,15,67223820.0,0.023729
2026-05,SKU00923,Computadores,494,10,11,49297468.0,0.020243
2026-06,SKU00923,Computadores,610,12,13,58260644.0,0.019672
2026-07,SKU00923,Computadores,576,9,13,58260644.0,0.015625
2026-08,SKU00923,Computadores,599,10,11,49297468.0,0.016694
2026-09,SKU00923,Computadores,548,10,11,49297468.0,0.018248
2026-04,SKU00227,Celulares,444,7,9,8195103.0,0.015766
2026-05,SKU00227,Celulares,499,8,11,10016237.0,0.016032
2026-06,SKU00227,Celulares,561,8,10,9105670.0,0.01426
2026-07,SKU00227,Celulares,534,6,9,8195103.0,0.011236
2026-08,SKU00227,Celulares,508,6,8,7284536.0,0.011811
2026-09,SKU00227,Celulares,493,7,9,8195103.0,0.014199
2026-04,SKU00659,Electrohogar,267,3,3,14566929.0,0.011236
2026-05,SKU00659,Electrohogar,273,3,3,14566929.0,0.010989
2026-06,SKU00659,Electrohogar,290,3,4,19422572.0,0.010345
2026-07,SKU00659,Electrohogar,303,2,3,14566929.0,0.006601
2026-08,SKU00659,Electrohogar,233,3,3,14566929.0,0.012876
2026-09,SKU00659,Electrohogar,297,3,3,14566929.0,0.010101
2026-04,SKU00108,Electrohogar,201,1,1,4755227.0,0.004975
2026-05,SKU00108,Electrohogar,158,1,1,4755227.0,0.006329
2026-06,SKU00108,Electrohogar,206,1,1,4755227.0,0.004854
2026-07,SKU00108,Electrohogar,192,1,1,4755227.0,0.005208
2026-08,SKU00108,Electrohogar,186,1,1,4755227.0,0.005376
2026-09,SKU00108,Electrohogar,192,1,1,4755227.0,0.005208
2026-04,SKU00793,Computadores,111,2,3,7816968.0,0.018018
2026-05,SKU00793,Computadores,93,2,2,5211312.0,0.021505
2026-06,SKU00793,Computadores,94,1,2,5211312.0,0.010638
2026-07,SKU00793,Computadores,107,1,2,5211312.0,0.009346
2026-08,SKU00793,Computadores,91,2,2,5211312.0,0.021978
2026-09,SKU00793,Computadores,99,1,2,5211312.0,0.010101
2026-04,SKU00411,Televisores,378,0,0,0.0,0.0
2026-05,SKU00411,Televisores,429,0,0,0.0,0.0
2026-06,SKU00411,Televisores,460,0,0,0.0,0.0
2026-07,SKU00411,Televisores,406,0,0,0.0,0.0
2026-08,SKU00411,Televisores,427,0,0,0.0,0.0
2026-09,SKU00411,Televisores,388,0,0,0.0,0.0
2026-04,SKU00656,Televisores,482,4,5,10653845.0,0.008299
2026-05,SKU00656,Televisores,498,4,5,10653845.0,0.008032
2026-06,SKU00656,Televisores,449,3,4,8523076.0,0.006682
2026-07,SKU00656,Televisores,495,3,4,8523076.0,0.006061
2026-08,SKU00656,Televisores,486,4,5,10653845.0,0.00823
2026-09,SKU00656,Televisores,535,3,4,8523076.0,0.005607
2026-04,SKU00835,Videojuegos,413,10,12,39741480.0,0.024213
2026-05,SKU00835,Videojuegos,341,9,11,36429690.0,0.026393
2026-06,SKU00835,Videojuegos,378,10,13,43053270.0,0.026455
2026-07,SKU00835,Videojuegos,384,7,9,29806110.0,0.018229
2026-08,SKU00835,Videojuegos,319,8,9,29806110.0,0.025078
2026-09,SKU00835,Videojuegos,376,6,9,29806110.0,0.015957
2026-04,SKU00241,Televisores,225,0,0,0.0,0.0
2026-05,SKU00241,Televisores,247,0,0,0.0,0.0
2026-06,SKU00241,Televisores,247,0,0,0.0,0.0
2026-07,SKU00241,Televisores,218,0,0,0.0,0.0
2026-08,SKU00241,Televisores,280,0,0,0.0,0.0
2026-09,SKU00241,Televisores,233,0,0,0.0,0.0
2026-04,SKU00076,Televisores,304,1,2,6458112.0,0.003289
2026-05,SKU00076,Televisores,257,1,1,3229056.0,0.003891
2026-06,SKU00076,Televisores,283,1,1,3229056.0,0.003534
2026-07,SKU00076,Televisores,303,2,2,6458112.0,0.006601
2026-08,SKU00076,Televisores,267,1,1,3229056.0,0.003745
2026-09,SKU00076,Televisores,308,1,1,3229056.0,0.003247
2026-04,SKU00137,Celulares,80,1,1,3576959.0,0.0125
2026-05,SKU00137,Celulares,99,1,1,3576959.0,0.010101
2026-06,SKU00137,Celulares,95,1,1,3576959.0,0.010526
2026-07,SKU00137,Celulares,97,1,1,3576959.0,0.010309
2026-08,SKU00137,Celulares,89,1,1,3576959.0,0.011236
2026-09,SKU00137,Celulares,100,1,1,3576959.0,0.01
2026-04,SKU00884,Electrohogar,373,4,5,24658980.0,0.010724
2026-05,SKU00884,Electrohogar,378,3,5,24658980.0,0.007937
2026-06,SKU00884,Electrohogar,337,3,4,19727184.0,0.008902
2026-07,SKU00884,Electrohogar,397,3,4,19727184.0,0.007557
2026-08,SKU00884,Electrohogar,409,4,4,19727184.0,0.00978
2026-09,SKU00884,Electrohogar,337,3,3,14795388.0,0.008902
2026-04,SKU00939,Electrohogar,442,4,5,7617120.0,0.00905
2026-05,SKU00939,Electrohogar,441,4,5,7617120.0,0.00907
2026-06,SKU00939,Electrohogar,371,4,4,6093696.0,0.010782
2026-07,SKU00939,Electrohogar,378,3,5,7617120.0,0.007937
2026-08,SKU00939,Electrohogar,441,4,4,6093696.0,0.00907
2026-09,SKU00939,Electrohogar,346,2,3,4570272.0,0.00578
2026-04,SKU00974,Electrohogar,584,6,6,28879350.0,0.010274
2026-05,SKU00974,Electrohogar,568,5,6,28879350.0,0.008803
2026-06,SKU00974,Electrohogar,466,4,5,24066125.0,0.008584
2026-07,SKU00974,Electrohogar,594,5,7,33692575.0,0.008418
2026-08,SKU00974,Electrohogar,572,4,6,28879350.0,0.006993
2026-09,SKU00974,Electrohogar,589,4,6,28879350.0,0.006791
2026-04,SKU00637,Celulares,397,7,9,841185.0,0.017632
2026-05,SKU00637,Celulares,372,10,11,1028115.0,0.026882
2026-06,SKU00637,Celulares,417,8,10,934650.0,0.019185
2026-07,SKU00637,Celulares,361,6,8,747720.0,0.01662
2026-08,SKU00637,Celulares,394,7,8,747720.0,0.017766
2026-09,SKU00637,Celulares,457,7,10,934650.0,0.015317
2026-04,SKU00077,Televisores,324,2,2,7733772.0,0.006173
2026-05,SKU00077,Televisores,378,2,2,7733772.0,0.005291
2026-06,SKU00077,Televisores,332,2,2,7733772.0,0.006024
2026-07,SKU00077,Televisores,348,1,2,7733772.0,0.002874
2026-08,SKU00077,Televisores,362,2,2,7733772.0,0.005525
2026-09,SKU00077,Televisores,309,1,1,3866886.0,0.003236
2026-04,SKU00812,Celulares,414,8,10,9674570.0,0.019324
2026-05,SKU00812,Celulares,384,8,11,10642027.0,0.020833
2026-06,SKU00812,Celulares,434,8,10,9674570.0,0.018433
2026-07,SKU00812,Celulares,466,8,11,10642027.0,0.017167
2026-08,SKU00812,Celulares,357,5,7,6772199.0,0.014006
2026-09,SKU00812,Celulares,353,6,9,8707113.0,0.016997
2026-04,SKU00281,Televisores,406,0,0,0.0,0.0
2026-05,SKU00281,Televisores,367,0,0,0.0,0.0
2026-06,SKU00281,Televisores,361,0,0,0.0,0.0
2026-07,SKU00281,Televisores,439,0,0,0.0,0.0
2026-08,SKU00281,Televisores,370,0,0,0.0,0.0
2026-09,SKU00281,Televisores,349,0,0,0.0,0.0
2026-04,SKU00860,Videojuegos,500,13,14,54408046.0,0.026
2026-05,SKU00860,Videojuegos,501,12,15,58294335.0,0.023952
2026-06,SKU00860,Videojuegos,555,10,15,58294335.0,0.018018
2026-07,SKU00860,Videojuegos,503,11,12,46635468.0,0.021869
2026-08,SKU00860,Videojuegos,581,12,14,54408046.0,0.020654
2026-09,SKU00860,Videojuegos,619,14,18,69953202.0,0.022617
2026-04,SKU00412,Celulares,118,3,3,5465877.0,0.025424
2026-05,SKU00412,Celulares,129,2,3,5465877.0,0.015504
2026-06,SKU00412,Celulares,106,2,3,5465877.0,0.018868
2026-07,SKU00412,Celulares,110,2,3,5465877.0,0.018182
2026-08,SKU00412,Celulares,124,2,3,5465877.0,0.016129
2026-09,SKU00412,Celulares,124,3,3,5465877.0,0.024194
2026-04,SKU00627,Celulares,335,7,9,41459535.0,0.020896
2026-05,SKU00627,Celulares,324,6,9,41459535.0,0.018519
2026-06,SKU00627,Celulares,302,5,7,32246305.0,0.016556
2026-07,SKU00627,Celulares,295,6,7,32246305.0,0.020339
2026-08,SKU00627,Celulares,296,5,7,32246305.0,0.016892
2026-09,SKU00627,Celulares,286,5,6,27639690.0,0.017483
2026-04,SKU00679,Electrohogar,167,2,2,150590.0,0.011976
2026-05,SKU00679,Electrohogar,130,1,2,150590.0,0.007692
2026-06,SKU00679,Electrohogar,140,1,2,150590.0,0.007143
2026-07,SKU00679,Electrohogar,163,2,2,150590.0,0.01227
2026-08,SKU00679,Electrohogar,149,1,1,75295.0,0.006711
2026-09,SKU00679,Electrohogar,126,1,1,75295.0,0.007937
2026-04,SKU00661,Televisores,320,0,0,0.0,0.0
2026-05,SKU00661,Televisores,353,0,0,0.0,0.0
2026-06,SKU00661,Televisores,332,0,0,0.0,0.0
2026-07,SKU00661,Televisores,315,0,0,0.0,0.0
2026-08,SKU00661,Televisores,293,0,0,0.0,0.0
2026-09,SKU00661,Televisores,338,0,0,0.0,0.0
2026-04,SKU00741,Televisores,561,0,0,0.0,0.0
2026-05,SKU00741,Televisores,609,0,0,0.0,0.0
2026-06,SKU00741,Televisores,519,0,0,0.0,0.0
2026-07,SKU00741,Televisores,551,0,0,0.0,0.0
2026-08,SKU00741,Televisores,604,0,0,0.0,0.0
2026-09,SKU00741,Televisores,538,0,0,0.0,0.0
2026-04,SKU00738,Computadores,169,2,3,1370904.0,0.011834
2026-05,SKU00738,Computadores,161,3,4,1827872.0,0.018634
2026-06,SKU00738,Computadores,135,1,2,913936.0,0.007407
2026-07,SKU00738,Computadores,158,3,3,1370904.0,0.018987
2026-08,SKU00738,Computadores,174,4,4,1827872.0,0.022989
2026-09,SKU00738,Computadores,168,2,3,1370904.0,0.011905
2026-04,SKU00522,Celulares,244,5,6,15180042.0,0.020492
2026-05,SKU00522,Celulares,212,5,6,15180042.0,0.023585
2026-06,SKU00522,Celulares,221,5,6,15180042.0,0.022624
2026-07,SKU00522,Celulares,268,4,6,15180042.0,0.014925
2026-08,SKU00522,Celulares,224,5,6,15180042.0,0.022321
2026-09,SKU00522,Celulares,245,5,5,12650035.0,0.020408
2026-04,SKU00762,Celulares,101,2,2,3575536.0,0.019802
2026-05,SKU00762,Celulares,95,3,3,5363304.0,0.031579
2026-06,SKU00762,Celulares,92,3,3,5363304.0,0.032609
2026-07,SKU00762,Celulares,89,2,2,3575536.0,0.022472
2026-08,SKU00762,Celulares,81,2,2,3575536.0,0.024691
2026-09,SKU00762,Celulares,93,2,2,3575536.0,0.021505
2026-04,SKU00900,Videojuegos,177,5,6,5090748.0,0.028249
2026-05,SKU00900,Videojuegos,172,4,5,4242290.0,0.023256
2026-06,SKU00900,Videojuegos,194,5,5,4242290.0,0.025773
2026-07,SKU00900,Videojuegos,161,3,4,3393832.0,0.018634
2026-08,SKU00900,Videojuegos,183,3,4,3393832.0,0.016393
2026-09,SKU00900,Videojuegos,185,3,4,3393832.0,0.016216
2026-04,SKU00893,Computadores,230,4,6,23277306.0,0.017391
2026-05,SKU00893,Computadores,217,3,5,19397755.0,0.013825
2026-06,SKU00893,Computadores,221,3,4,15518204.0,0.013575
2026-07,SKU00893,Computadores,209,4,5,19397755.0,0.019139
2026-08,SKU00893,Computadores,230,3,5,19397755.0,0.013043
2026-09,SKU00893,Computadores,197,3,4,15518204.0,0.015228
2026-04,SKU00514,Electrohogar,503,4,5,8265455.0,0.007952
2026-05,SKU00514,Electrohogar,584,6,8,13224728.0,0.010274
2026-06,SKU00514,Electrohogar,531,6,6,9918546.0,0.011299
2026-07,SKU00514,Electrohogar,482,5,6,9918546.0,0.010373
2026-08,SKU00514,Electrohogar,568,4,6,9918546.0,0.007042
2026-09,SKU00514,Electrohogar,509,4,5,8265455.0,0.007859
2026-04,SKU00320,Videojuegos,426,14,15,50553885.0,0.032864
2026-05,SKU00320,Videojuegos,464,11,14,47183626.0,0.023707
2026-06,SKU00320,Videojuegos,478,10,14,47183626.0,0.020921
2026-07,SKU00320,Videojuegos,440,12,13,43813367.0,0.027273
2026-08,SKU00320,Videojuegos,388,7,10,33702590.0,0.018041
2026-09,SKU00320,Videojuegos,401,7,11,37072849.0,0.017456
